ticker,date,close,dividend,lag_close,daily_price_return,daily_total_return,dividend_return_component
VAW,2024-09-04,199.72999572753906,0.0,201.07000732421875,-0.006664403182315315,-0.006664403182315315,0.0
VAW,2024-09-05,198.32000732421875,0.0,199.72999572753906,-0.0070594724552227595,-0.0070594724552227595,0.0
VAW,2024-09-06,195.97999572753906,0.0,198.32000732421875,-0.011799170584207208,-0.011799170584207208,0.0
VAW,2024-09-09,197.52000427246094,0.0,195.97999572753906,0.007857988460530763,0.007857988460530763,0.0
VAW,2024-09-10,197.64999389648438,0.0,197.52000427246094,0.0006581086533601344,0.0006581086533601344,0.0
VAW,2024-09-11,198.27999877929688,0.0,197.64999389648438,0.003187477370439229,0.003187477370439229,0.0
VAW,2024-09-12,200.42999267578125,0.0,198.27999877929688,0.010843221251365387,0.010843221251365387,0.0
VAW,2024-09-13,202.89999389648438,0.0,200.42999267578125,0.01232351100615281,0.01232351100615281,0.0
VAW,2024-09-16,204.7899932861328,0.0,202.89999389648438,0.00931493073682721,0.00931493073682721,0.0
VAW,2024-09-17,205.27000427246094,0.0,204.7899932861328,0.0023439181701492284,0.0023439181701492284,0.0
VAW,2024-09-18,204.57000732421875,0.0,205.27000427246094,-0.003410127800811402,-0.003410127800811402,0.0
VAW,2024-09-19,208.32000732421875,0.0,204.57000732421875,0.01833113294099209,0.01833113294099209,0.0
VAW,2024-09-20,206.75999450683594,0.0,208.32000732421875,-0.007488540526762177,-0.007488540526762177,0.0
VAW,2024-09-23,208.2899932861328,0.0,206.75999450683594,0.007399878216026501,0.007399878216026501,0.0
VAW,2024-09-24,210.89999389648438,0.0,208.2899932861328,0.012530609700323714,0.012530609700323714,0.0
VAW,2024-09-25,209.60000610351562,0.0,210.89999389648438,-0.006164001093365679,-0.006164001093365679,0.0
VAW,2024-09-26,213.7100067138672,0.0,209.60000610351562,0.019608780966932526,0.019608780966932526,0.0
VAW,2024-09-27,212.41000366210938,0.835,213.7100067138672,-0.0060830237748219496,-0.002175859983853723,0.003907163790968234
VAW,2024-09-30,211.47000122070312,0.0,212.41000366210938,-0.004425415117931819,-0.004425415117931819,0.0
VAW,2024-10-01,210.6199951171875,0.0,211.47000122070312,-0.004019511508057905,-0.004019511508057905,0.0
VAW,2024-10-02,209.58999633789062,0.0,210.6199951171875,-0.004890318123518145,-0.004890318123518145,0.0
VAW,2024-10-03,207.38999938964844,0.0,209.58999633789062,-0.010496669624896926,-0.010496669624896926,0.0
VAW,2024-10-04,208.3699951171875,0.0,207.38999938964844,0.004725376008598348,0.004725376008598348,0.0
VAW,2024-10-07,208.14999389648438,0.0,208.3699951171875,-0.0010558200597902134,-0.0010558200597902134,0.0
VAW,2024-10-08,207.30999755859375,0.0,208.14999389648438,-0.004035533809856218,-0.004035533809856218,0.0
VAW,2024-10-09,209.0500030517578,0.0,207.30999755859375,0.008393254129831718,0.008393254129831718,0.0
VAW,2024-10-10,209.27999877929688,0.0,209.0500030517578,0.0011001948059390365,0.0011001948059390365,0.0
VAW,2024-10-11,211.1199951171875,0.0,209.27999877929688,0.008792031482335094,0.008792031482335094,0.0
VAW,2024-10-14,212.3000030517578,0.0,211.1199951171875,0.005589276060352866,0.005589276060352866,0.0
VAW,2024-10-15,212.38999938964844,0.0,212.3000030517578,0.00042391114741846536,0.00042391114741846536,0.0
VAW,2024-10-16,214.1300048828125,0.0,212.38999938964844,0.008192501992393186,0.008192501992393186,0.0
VAW,2024-10-17,214.4199981689453,0.0,214.1300048828125,0.0013542860856492478,0.0013542860856492478,0.0
VAW,2024-10-18,215.2100067138672,0.0,214.4199981689453,0.003684397685235652,0.003684397685235652,0.0
VAW,2024-10-21,213.33999633789062,0.0,215.2100067138672,-0.008689235247610227,-0.008689235247610227,0.0
VAW,2024-10-22,211.42999267578125,0.0,213.33999633789062,-0.008952862542869311,-0.008952862542869311,0.0
VAW,2024-10-23,210.60000610351562,0.0,211.42999267578125,-0.003925585777881491,-0.003925585777881491,0.0
VAW,2024-10-24,208.8699951171875,0.0,210.60000610351562,-0.00821467681001764,-0.00821467681001764,0.0
VAW,2024-10-25,207.57000732421875,0.0,208.8699951171875,-0.006223908763149044,-0.006223908763149044,0.0
VAW,2024-10-28,209.69000244140625,0.0,207.57000732421875,0.010213398094051751,0.010213398094051751,0.0
VAW,2024-10-29,208.24000549316406,0.0,209.69000244140625,-0.006914955083027197,-0.006914955083027197,0.0
VAW,2024-10-30,208.86000061035156,0.0,208.24000549316406,0.0029773103190195993,0.0029773103190195993,0.0
VAW,2024-10-31,205.8000030517578,0.0,208.86000061035156,-0.014650950635121673,-0.014650950635121673,0.0
VAW,2024-11-01,205.75999450683594,0.0,205.8000030517578,-0.00019440497730127682,-0.00019440497730127682,0.0
VAW,2024-11-04,206.4199981689453,0.0,205.75999450683594,0.003207638412370928,0.003207638412370928,0.0
VAW,2024-11-05,207.72000122070312,0.0,206.4199981689453,0.006297854196732455,0.006297854196732455,0.0
VAW,2024-11-06,212.19000244140625,0.0,207.72000122070312,0.021519358725372584,0.021519358725372584,0.0
VAW,2024-11-07,212.6300048828125,0.0,212.19000244140625,0.002073624753021752,0.002073624753021752,0.0
VAW,2024-11-08,211.25999450683594,0.0,212.6300048828125,-0.006443165802171857,-0.006443165802171857,0.0
VAW,2024-11-11,210.52999877929688,0.0,211.25999450683594,-0.003455437595949795,-0.003455437595949795,0.0
VAW,2024-11-12,207.1699981689453,0.0,210.52999877929688,-0.01595972369654508,-0.01595972369654508,0.0
VAW,2024-11-13,206.9199981689453,0.0,207.1699981689453,-0.001206738438044086,-0.001206738438044086,0.0
VAW,2024-11-14,205.52000427246094,0.0,206.9199981689453,-0.006765870427571263,-0.006765870427571263,0.0
VAW,2024-11-15,204.10000610351562,0.0,205.52000427246094,-0.006909294177820269,-0.006909294177820269,0.0
VAW,2024-11-18,205.66000366210938,0.0,204.10000610351562,0.007643299911527457,0.007643299911527457,0.0
VAW,2024-11-19,205.41000366210938,0.0,205.66000366210938,-0.001215598539085594,-0.001215598539085594,0.0
VAW,2024-11-20,206.5500030517578,0.0,205.41000366210938,0.005549872787713239,0.005549872787713239,0.0
VAW,2024-11-21,209.3800048828125,0.0,206.5500030517578,0.013701291644839797,0.013701291644839797,0.0
VAW,2024-11-22,210.6999969482422,0.0,209.3800048828125,0.006304289018277842,0.006304289018277842,0.0
VAW,2024-11-25,213.02000427246094,0.0,210.6999969482422,0.011010950915147255,0.011010950915147255,0.0
VAW,2024-11-26,211.57000732421875,0.0,213.02000427246094,-0.0068068581314437715,-0.0068068581314437715,0.0
VAW,2024-11-27,211.2899932861328,0.0,211.57000732421875,-0.001323505357055832,-0.001323505357055832,0.0
VAW,2024-11-29,212.4499969482422,0.0,211.2899932861328,0.005490102224285032,0.005490102224285032,0.0
VAW,2024-12-02,212.17999267578125,0.0,212.4499969482422,-0.0012709073962788864,-0.0012709073962788864,0.0
VAW,2024-12-03,211.47000122070312,0.0,212.17999267578125,-0.0033461753208891,-0.0033461753208891,0.0
VAW,2024-12-04,209.88999938964844,0.0,211.47000122070312,-0.007471517576649989,-0.007471517576649989,0.0
VAW,2024-12-05,207.22999572753906,0.0,209.88999938964844,-0.012673322549166532,-0.012673322549166532,0.0
VAW,2024-12-06,206.47000122070312,0.0,207.22999572753906,-0.0036673962385018744,-0.0036673962385018744,0.0
VAW,2024-12-09,206.1300048828125,0.0,206.47000122070312,-0.0016467105917590263,-0.0016467105917590263,0.0
VAW,2024-12-10,204.22000122070312,0.0,206.1300048828125,-0.009266014732766559,-0.009266014732766559,0.0
VAW,2024-12-11,203.33999633789062,0.0,204.22000122070312,-0.004309102328627801,-0.004309102328627801,0.0
VAW,2024-12-12,201.83999633789062,0.0,203.33999633789062,-0.0073768074506476156,-0.0073768074506476156,0.0
VAW,2024-12-13,199.97000122070312,0.0,201.83999633789062,-0.009264740146234574,-0.009264740146234574,0.0
VAW,2024-12-16,198.3800048828125,0.0,199.97000122070312,-0.007951174317070597,-0.007951174317070597,0.0
VAW,2024-12-17,196.7899932861328,0.0,198.3800048828125,-0.008014979118580734,-0.008014979118580734,0.0
VAW,2024-12-18,189.69000244140625,0.857,196.7899932861328,-0.03607902376622962,-0.031724127535536106,0.004354896230693607
VAW,2024-12-19,187.72999572753906,0.0,189.69000244140625,-0.010332683265543263,-0.010332683265543263,0.0
VAW,2024-12-20,189.8300018310547,0.0,187.72999572753906,0.011186310932236099,0.011186310932236099,0.0
VAW,2024-12-23,189.6199951171875,0.0,189.8300018310547,-0.0011062883202945795,-0.0011062883202945795,0.0
VAW,2024-12-24,190.8000030517578,0.0,189.6199951171875,0.00622301426514138,0.00622301426514138,0.0
VAW,2024-12-26,190.77999877929688,0.0,190.8000030517578,-0.00010484419361100894,-0.00010484419361100894,0.0
VAW,2024-12-27,189.33999633789062,0.0,190.77999877929688,-0.0075479738474687474,-0.0075479738474687474,0.0
VAW,2024-12-30,186.91000366210938,0.0,189.33999633789062,-0.012834016704240114,-0.012834016704240114,0.0
VCR,2024-09-04,315.6300048828125,0.0,314.9599914550781,0.0021272969453642876,0.0021272969453642876,0.0
VCR,2024-09-05,318.9100036621094,0.0,315.6300048828125,0.010391910555255013,0.010391910555255013,0.0
VCR,2024-09-06,311.07000732421875,0.0,318.9100036621094,-0.02458372659327812,-0.02458372659327812,0.0
VCR,2024-09-09,314.8699951171875,0.0,311.07000732421875,0.012215860428511638,0.012215860428511638,0.0
VCR,2024-09-10,318.010009765625,0.0,314.8699951171875,0.009972416226159853,0.009972416226159853,0.0
VCR,2024-09-11,321.2099914550781,0.0,318.010009765625,0.010062518761002393,0.010062518761002393,0.0
VCR,2024-09-12,325.4100036621094,0.0,321.2099914550781,0.013075596397251532,0.013075596397251532,0.0
VCR,2024-09-13,328.5799865722656,0.0,325.4100036621094,0.009741504177750437,0.009741504177750437,0.0
VCR,2024-09-16,327.989990234375,0.0,328.5799865722656,-0.0017955942601539654,-0.0017955942601539654,0.0
VCR,2024-09-17,330.2699890136719,0.0,327.989990234375,0.006951427931284115,0.006951427931284115,0.0
VCR,2024-09-18,329.6700134277344,0.0,330.2699890136719,-0.0018166215699140231,-0.0018166215699140231,0.0
VCR,2024-09-19,337.1700134277344,0.0,329.6700134277344,0.02275002182339536,0.02275002182339536,0.0
VCR,2024-09-20,336.239990234375,0.0,337.1700134277344,-0.0027583211920436668,-0.0027583211920436668,0.0
VCR,2024-09-23,339.3299865722656,0.0,336.239990234375,0.00918985375813497,0.00918985375813497,0.0
VCR,2024-09-24,341.94000244140625,0.0,339.3299865722656,0.007691674689601191,0.007691674689601191,0.0
VCR,2024-09-25,340.1400146484375,0.0,341.94000244140625,-0.005264045680871132,-0.005264045680871132,0.0
VCR,2024-09-26,341.57000732421875,0.0,340.1400146484375,0.0042041295178376625,0.0042041295178376625,0.0
VCR,2024-09-27,341.3599853515625,0.825,341.57000732421875,-0.000614872407274647,0.0018004450453987797,0.002415317452673498
VCR,2024-09-30,340.4800109863281,0.0,341.3599853515625,-0.0025778486143538393,-0.0025778486143538393,0.0
VCR,2024-10-01,338.6499938964844,0.0,340.4800109863281,-0.005374815057548998,-0.005374815057548998,0.0
VCR,2024-10-02,335.6099853515625,0.0,338.6499938964844,-0.008976845119480825,-0.008976845119480825,0.0
VCR,2024-10-03,332.1499938964844,0.0,335.6099853515625,-0.01030956051994003,-0.01030956051994003,0.0
VCR,2024-10-04,336.6199951171875,0.0,332.1499938964844,0.013457779024064198,0.013457779024064198,0.0
VCR,2024-10-07,331.2300109863281,0.0,336.6199951171875,-0.01601207358161527,-0.01601207358161527,0.0
VCR,2024-10-08,333.80999755859375,0.0,331.2300109863281,0.0077891087362012,0.0077891087362012,0.0
VCR,2024-10-09,335.5199890136719,0.0,333.80999755859375,0.00512264901466275,0.00512264901466275,0.0
VCR,2024-10-10,334.3900146484375,0.0,335.5199890136719,-0.00336783024032683,-0.00336783024032683,0.0
VCR,2024-10-11,333.9200134277344,0.0,334.3900146484375,-0.001405548013140523,-0.001405548013140523,0.0
VCR,2024-10-14,334.9200134277344,0.0,333.9200134277344,0.002994729156048148,0.002994729156048148,0.0
VCR,2024-10-15,335.6000061035156,0.0,334.9200134277344,0.002030313652569893,0.002030313652569893,0.0
VCR,2024-10-16,337.510009765625,0.0,335.6000061035156,0.005691309974291903,0.005691309974291903,0.0
VCR,2024-10-17,337.25,0.0,337.510009765625,-0.0007703764572954963,-0.0007703764572954963,0.0
VCR,2024-10-18,338.9100036621094,0.0,337.25,0.0049221754250834415,0.0049221754250834415,0.0
VCR,2024-10-21,335.3699951171875,0.0,338.9100036621094,-0.010445276051666008,-0.010445276051666008,0.0
VCR,2024-10-22,333.5899963378906,0.0,335.3699951171875,-0.0053075671801673385,-0.0053075671801673385,0.0
VCR,2024-10-23,328.510009765625,0.0,333.5899963378906,-0.015228234143808472,-0.015228234143808472,0.0
VCR,2024-10-24,337.69000244140625,0.0,328.510009765625,0.027944331688190216,0.027944331688190216,0.0
VCR,2024-10-25,339.1600036621094,0.0,337.69000244140625,0.004353108502103797,0.004353108502103797,0.0
VCR,2024-10-28,340.6499938964844,0.0,339.1600036621094,0.004393177905079426,0.004393177905079426,0.0
VCR,2024-10-29,338.8399963378906,0.0,340.6499938964844,-0.005313364423965794,-0.005313364423965794,0.0
VCR,2024-10-30,338.3900146484375,0.0,338.8399963378906,-0.0013280064169414185,-0.0013280064169414185,0.0
VCR,2024-10-31,333.0899963378906,0.0,338.3900146484375,-0.01566245480397288,-0.01566245480397288,0.0
VCR,2024-11-01,338.5400085449219,0.0,333.0899963378906,0.01636198104701614,0.01636198104701614,0.0
VCR,2024-11-04,337.80999755859375,0.0,338.5400085449219,-0.002156350705684096,-0.002156350705684096,0.0
VCR,2024-11-05,343.8399963378906,0.0,337.80999755859375,0.017850267377746754,0.017850267377746754,0.0
VCR,2024-11-06,355.17999267578125,0.0,343.8399963378906,0.032980445726700225,0.032980445726700225,0.0
VCR,2024-11-07,359.25,0.0,355.17999267578125,0.011458999403533232,0.011458999403533232,0.0
VCR,2024-11-08,364.010009765625,0.0,359.25,0.013249853209812201,0.013249853209812201,0.0
VCR,2024-11-11,370.07000732421875,0.0,364.010009765625,0.01664788713501486,0.01664788713501486,0.0
VCR,2024-11-12,365.4800109863281,0.0,370.07000732421875,-0.012403048739557332,-0.012403048739557332,0.0
VCR,2024-11-13,368.44000244140625,0.0,365.4800109863281,0.008098914758949194,0.008098914758949194,0.0
VCR,2024-11-14,362.94000244140625,0.0,368.44000244140625,-0.01492780361403534,-0.01492780361403534,0.0
VCR,2024-11-15,359.29998779296875,0.0,362.94000244140625,-0.010029246222383992,-0.010029246222383992,0.0
VCR,2024-11-18,362.3299865722656,0.0,359.29998779296875,0.008433061180739054,0.008433061180739054,0.0
VCR,2024-11-19,363.0799865722656,0.0,362.3299865722656,0.0020699363226741596,0.0020699363226741596,0.0
VCR,2024-11-20,361.92999267578125,0.0,363.0799865722656,-0.0031673293461893515,-0.0031673293461893515,0.0
VCR,2024-11-21,362.67999267578125,0.0,361.92999267578125,0.002072223952635621,0.002072223952635621,0.0
VCR,2024-11-22,368.5,0.0,362.67999267578125,0.016047224665689086,0.016047224665689086,0.0
VCR,2024-11-25,373.8299865722656,0.0,368.5,0.014464006980368094,0.014464006980368094,0.0
VCR,2024-11-26,374.3500061035156,0.0,373.8299865722656,0.0013910589035892595,0.0013910589035892595,0.0
VCR,2024-11-27,372.510009765625,0.0,374.3500061035156,-0.004915176460239756,-0.004915176460239756,0.0
VCR,2024-11-29,376.1700134277344,0.0,372.510009765625,0.00982524916420946,0.00982524916420946,0.0
VCR,2024-12-02,379.6600036621094,0.0,376.1700134277344,0.009277693887860705,0.009277693887860705,0.0
VCR,2024-12-03,378.8500061035156,0.0,379.6600036621094,-0.0021334814064708496,-0.0021334814064708496,0.0
VCR,2024-12-04,382.6099853515625,0.0,378.8500061035156,0.009924717401270211,0.009924717401270211,0.0
VCR,2024-12-05,384.6000061035156,0.0,382.6099853515625,0.005201173069554255,0.005201173069554255,0.0
VCR,2024-12-06,391.80999755859375,0.0,384.6000061035156,0.01874672735480276,0.01874672735480276,0.0
VCR,2024-12-09,390.32000732421875,0.0,391.80999755859375,-0.003802838732189784,-0.003802838732189784,0.0
VCR,2024-12-10,390.80999755859375,0.0,390.32000732421875,0.0012553551577692001,0.0012553551577692001,0.0
VCR,2024-12-11,397.2900085449219,0.0,390.80999755859375,0.016580975478644344,0.016580975478644344,0.0
VCR,2024-12-12,393.75,0.0,397.2900085449219,-0.008910389057825041,-0.008910389057825041,0.0
VCR,2024-12-13,394.9700012207031,0.0,393.75,0.0030984157986111427,0.0030984157986111427,0.0
VCR,2024-12-16,400.9700012207031,0.0,394.9700012207031,0.015191027119670464,0.015191027119670464,0.0
VCR,2024-12-17,401.3699951171875,0.0,400.9700012207031,0.000997565641486009,0.000997565641486009,0.0
VCR,2024-12-18,381.3800048828125,0.66,401.3699951171875,-0.04980439613713161,-0.0481600280776624,0.0016443680594691705
VCR,2024-12-19,380.69000244140625,0.0,381.3800048828125,-0.001809225529844638,-0.001809225529844638,0.0
VCR,2024-12-20,383.2799987792969,0.0,380.69000244140625,0.006803426203159324,0.006803426203159324,0.0
VCR,2024-12-23,383.70001220703125,0.0,383.2799987792969,0.0010958396709248586,0.0010958396709248586,0.0
VCR,2024-12-24,392.32000732421875,0.0,383.70001220703125,0.02246545437308045,0.02246545437308045,0.0
VCR,2024-12-26,391.69000244140625,0.0,392.32000732421875,-0.0016058443899137353,-0.0016058443899137353,0.0
VCR,2024-12-27,384.4100036621094,0.0,391.69000244140625,-0.01858612355158573,-0.01858612355158573,0.0
VCR,2024-12-30,379.0400085449219,0.0,384.4100036621094,-0.013969446856298862,-0.013969446856298862,0.0
VDC,2024-09-04,219.57000732421875,0.0,218.86000061035156,0.00324411364290933,0.00324411364290933,0.0
VDC,2024-09-05,219.02999877929688,0.0,219.57000732421875,-0.0024593912051225075,-0.0024593912051225075,0.0
VDC,2024-09-06,218.25,0.0,219.02999877929688,-0.0035611504526502635,-0.0035611504526502635,0.0
VDC,2024-09-09,219.38999938964844,0.0,218.25,0.005223364901023819,0.005223364901023819,0.0
VDC,2024-09-10,219.27000427246094,0.0,219.38999938964844,-0.0005469488924806365,-0.0005469488924806365,0.0
VDC,2024-09-11,217.38999938964844,0.0,219.27000427246094,-0.008573926420307076,-0.008573926420307076,0.0
VDC,2024-09-12,219.0800018310547,0.0,217.38999938964844,0.007774057896642761,0.007774057896642761,0.0
VDC,2024-09-13,220.52999877929688,0.0,219.0800018310547,0.0066185728324046345,0.0066185728324046345,0.0
VDC,2024-09-16,221.32000732421875,0.0,220.52999877929688,0.0035823178220415475,0.0035823178220415475,0.0
VDC,2024-09-17,219.7899932861328,0.0,221.32000732421875,-0.00691313025236151,-0.00691313025236151,0.0
VDC,2024-09-18,218.89999389648438,0.0,219.7899932861328,-0.004049317151986087,-0.004049317151986087,0.0
VDC,2024-09-19,217.97000122070312,0.0,218.89999389648438,-0.004248481963051276,-0.004248481963051276,0.0
VDC,2024-09-20,218.89999389648438,0.0,217.97000122070312,0.004266608572615516,0.004266608572615516,0.0
VDC,2024-09-23,219.89999389648438,0.0,218.89999389648438,0.0045682961529587285,0.0045682961529587285,0.0
VDC,2024-09-24,219.24000549316406,0.0,219.89999389648438,-0.003001311603632817,-0.003001311603632817,0.0
VDC,2024-09-25,219.10000610351562,0.0,219.24000549316406,-0.0006385668041447579,-0.0006385668041447579,0.0
VDC,2024-09-26,219.4600067138672,0.0,219.10000610351562,0.0016430880891051824,0.0016430880891051824,0.0
VDC,2024-09-27,218.10000610351562,1.319,219.4600067138672,-0.006197031662924957,-0.00018682497538169418,0.006010206687543381
VDC,2024-09-30,218.47999572753906,0.0,218.10000610351562,0.0017422724135234269,0.0017422724135234269,0.0
VDC,2024-10-01,217.94000244140625,0.0,218.47999572753906,-0.0024715914348800716,-0.0024715914348800716,0.0
VDC,2024-10-02,215.97999572753906,0.0,217.94000244140625,-0.008993331613796562,-0.008993331613796562,0.0
VDC,2024-10-03,214.02000427246094,0.0,215.97999572753906,-0.009074874959950852,-0.009074874959950852,0.0
VDC,2024-10-04,214.82000732421875,0.0,214.02000427246094,0.0037379825987637894,0.0037379825987637894,0.0
VDC,2024-10-07,212.8300018310547,0.0,214.82000732421875,-0.009263594755215876,-0.009263594755215876,0.0
VDC,2024-10-08,214.0800018310547,0.0,212.8300018310547,0.005873232106591075,0.005873232106591075,0.0
VDC,2024-10-09,215.41000366210938,0.0,214.0800018310547,0.006212639292222599,0.006212639292222599,0.0
VDC,2024-10-10,214.44000244140625,0.0,215.41000366210938,-0.004503046303386493,-0.004503046303386493,0.0
VDC,2024-10-11,215.63999938964844,0.0,214.44000244140625,0.005595956605951136,0.005595956605951136,0.0
VDC,2024-10-14,216.5,0.0,215.63999938964844,0.003988131203792156,0.003988131203792156,0.0
VDC,2024-10-15,217.8699951171875,0.0,216.5,0.006327922019341736,0.006327922019341736,0.0
VDC,2024-10-16,217.69000244140625,0.0,217.8699951171875,-0.0008261471511230578,-0.0008261471511230578,0.0
VDC,2024-10-17,216.86000061035156,0.0,217.69000244140625,-0.003812769634554458,-0.003812769634554458,0.0
VDC,2024-10-18,217.19000244140625,0.0,216.86000061035156,0.0015217275206396152,0.0015217275206396152,0.0
VDC,2024-10-21,215.35000610351562,0.0,217.19000244140625,-0.008471827971856194,-0.008471827971856194,0.0
VDC,2024-10-22,216.77999877929688,0.0,215.35000610351562,0.006640318714891791,0.006640318714891791,0.0
VDC,2024-10-23,216.39999389648438,0.0,216.77999877929688,-0.001752951771161193,-0.001752951771161193,0.0
VDC,2024-10-24,215.9600067138672,0.0,216.39999389648438,-0.0020332125463351503,-0.0020332125463351503,0.0
VDC,2024-10-25,214.6699981689453,0.0,215.9600067138672,-0.005973367775594873,-0.005973367775594873,0.0
VDC,2024-10-28,215.11000061035156,0.0,214.6699981689453,0.0020496690043290133,0.0020496690043290133,0.0
VDC,2024-10-29,213.1300048828125,0.0,215.11000061035156,-0.009204573111064263,-0.009204573111064263,0.0
VDC,2024-10-30,212.57000732421875,0.0,213.1300048828125,-0.002627492824868405,-0.002627492824868405,0.0
VDC,2024-10-31,212.0500030517578,0.0,212.57000732421875,-0.0024462730138020694,-0.0024462730138020694,0.0
VDC,2024-11-01,212.4199981689453,0.0,212.0500030517578,0.0017448484407576181,0.0017448484407576181,0.0
VDC,2024-11-04,213.13999938964844,0.0,212.4199981689453,0.0033895171213140785,0.0033895171213140785,0.0
VDC,2024-11-05,214.89999389648438,0.0,213.13999938964844,0.008257457595364004,0.008257457595364004,0.0
VDC,2024-11-06,212.47999572753906,0.0,214.89999389648438,-0.011261043451266994,-0.011261043451266994,0.0
VDC,2024-11-07,213.25,0.0,212.47999572753906,0.003623890662386442,0.003623890662386442,0.0
VDC,2024-11-08,216.10000610351562,0.0,213.25,0.013364624166544603,0.013364624166544603,0.0
VDC,2024-11-11,215.38999938964844,0.0,216.10000610351562,-0.0032855469403693105,-0.0032855469403693105,0.0
VDC,2024-11-12,215.47999572753906,0.0,215.38999938964844,0.00041782969564807537,0.00041782969564807537,0.0
VDC,2024-11-13,215.64999389648438,0.0,215.47999572753906,0.0007889278462780425,0.0007889278462780425,0.0
VDC,2024-11-14,214.86000061035156,0.0,215.64999389648438,-0.0036633123509941523,-0.0036633123509941523,0.0
VDC,2024-11-15,213.24000549316406,0.0,214.86000061035156,-0.007539770606839746,-0.007539770606839746,0.0
VDC,2024-11-18,214.72000122070312,0.0,213.24000549316406,0.006940516269994701,0.006940516269994701,0.0
VDC,2024-11-19,215.64999389648438,0.0,214.72000122070312,0.004331187921451818,0.004331187921451818,0.0
VDC,2024-11-20,215.27999877929688,0.0,215.64999389648438,-0.0017157205085065463,-0.0017157205085065463,0.0
VDC,2024-11-21,217.8699951171875,0.0,215.27999877929688,0.012030826609888079,0.012030826609888079,0.0
VDC,2024-11-22,220.22999572753906,0.0,217.8699951171875,0.010832150655174733,0.010832150655174733,0.0
VDC,2024-11-25,221.3800048828125,0.0,220.22999572753906,0.005221855231274608,0.005221855231274608,0.0
VDC,2024-11-26,222.47999572753906,0.0,221.3800048828125,0.004968790407737345,0.004968790407737345,0.0
VDC,2024-11-27,222.72000122070312,0.0,222.47999572753906,0.0010787733628778717,0.0010787733628778717,0.0
VDC,2024-11-29,223.6199951171875,0.0,222.72000122070312,0.004040920849279761,0.004040920849279761,0.0
VDC,2024-12-02,223.4199981689453,0.0,223.6199951171875,-0.0008943607575762069,-0.0008943607575762069,0.0
VDC,2024-12-03,222.72000122070312,0.0,223.4199981689453,-0.0031330988898893297,-0.0031330988898893297,0.0
VDC,2024-12-04,222.4499969482422,0.0,222.72000122070312,-0.0012123036592182057,-0.0012123036592182057,0.0
VDC,2024-12-05,223.16000366210938,0.0,222.4499969482422,0.003191758703563252,0.003191758703563252,0.0
VDC,2024-12-06,222.3300018310547,0.0,223.16000366210938,-0.0037193126789485387,-0.0037193126789485387,0.0
VDC,2024-12-09,221.2899932861328,0.0,222.3300018310547,-0.004677769695302536,-0.004677769695302536,0.0
VDC,2024-12-10,222.52000427246094,0.0,221.2899932861328,0.005558366955787708,0.005558366955787708,0.0
VDC,2024-12-11,221.36000061035156,0.0,222.52000427246094,-0.005213030917836203,-0.005213030917836203,0.0
VDC,2024-12-12,221.6999969482422,0.0,221.36000061035156,0.001535942975032345,0.001535942975032345,0.0
VDC,2024-12-13,221.39999389648438,0.0,221.6999969482422,-0.0013531937568219687,-0.0013531937568219687,0.0
VDC,2024-12-16,220.77999877929688,0.0,221.39999389648438,-0.0028003393598889925,-0.0028003393598889925,0.0
VDC,2024-12-17,219.9600067138672,0.0,220.77999877929688,-0.003714068620180533,-0.003714068620180533,0.0
VDC,2024-12-18,214.9600067138672,1.207,219.9600067138672,-0.02273140501629556,-0.017244043845361823,0.0054873611709337425
VDC,2024-12-19,213.7899932861328,0.0,214.9600067138672,-0.005442935388868753,-0.005442935388868753,0.0
VDC,2024-12-20,213.8300018310547,0.0,213.7899932861328,0.0001871394647938729,0.0001871394647938729,0.0
VDC,2024-12-23,212.5500030517578,0.0,213.8300018310547,-0.005986057935444378,-0.005986057935444378,0.0
VDC,2024-12-24,214.32000732421875,0.0,212.5500030517578,0.008327472345553977,0.008327472345553977,0.0
VDC,2024-12-26,214.92999267578125,0.0,214.32000732421875,0.002846142827159115,0.002846142827159115,0.0
VDC,2024-12-27,213.77999877929688,0.0,214.92999267578125,-0.005350551043004637,-0.005350551043004637,0.0
VDC,2024-12-30,210.9600067138672,0.0,213.77999877929688,-0.013191094029058381,-0.013191094029058381,0.0
VDE,2024-09-04,122.13999938964844,0.0,123.94999694824219,-0.014602643026684015,-0.014602643026684015,0.0
VDE,2024-09-05,121.29000091552734,0.0,122.13999938964844,-0.006959214658331936,-0.006959214658331936,0.0
VDE,2024-09-06,119.72000122070312,0.0,121.29000091552734,-0.012944180748400314,-0.012944180748400314,0.0
VDE,2024-09-09,120.30999755859375,0.0,119.72000122070312,0.004928135080812135,0.004928135080812135,0.0
VDE,2024-09-10,118.23999786376953,0.0,120.30999755859375,-0.017205550135732328,-0.017205550135732328,0.0
VDE,2024-09-11,117.44000244140625,0.0,118.23999786376953,-0.0067658612721306355,-0.0067658612721306355,0.0
VDE,2024-09-12,118.5,0.0,117.44000244140625,0.009025864582407506,0.009025864582407506,0.0
VDE,2024-09-13,119.2300033569336,0.0,118.5,0.006160365881296093,0.006160365881296093,0.0
VDE,2024-09-16,120.83999633789062,0.0,119.2300033569336,0.013503253674641558,0.013503253674641558,0.0
VDE,2024-09-17,122.5999984741211,0.0,120.83999633789062,0.014564731790533747,0.014564731790533747,0.0
VDE,2024-09-18,122.76000213623047,0.0,122.5999984741211,0.001305086982877457,0.001305086982877457,0.0
VDE,2024-09-19,124.33999633789062,0.0,122.76000213623047,0.012870594445793415,0.012870594445793415,0.0
VDE,2024-09-20,124.16999816894531,0.0,124.33999633789062,-0.001367204229951402,-0.001367204229951402,0.0
VDE,2024-09-23,125.6500015258789,0.0,124.16999816894531,0.011919170320997319,0.011919170320997319,0.0
VDE,2024-09-24,125.29000091552734,0.0,125.6500015258789,-0.0028651062951035033,-0.0028651062951035033,0.0
VDE,2024-09-25,122.79000091552734,0.0,125.29000091552734,-0.019953707253027697,-0.019953707253027697,0.0
VDE,2024-09-26,120.2300033569336,0.0,122.79000091552734,-0.0208485832682328,-0.0208485832682328,0.0
VDE,2024-09-27,121.7300033569336,1.052,120.2300033569336,0.012476087150616433,0.021225982938915422,0.008749895788298935
VDE,2024-09-30,122.47000122070312,0.0,121.7300033569336,0.006079009639059496,0.006079009639059496,0.0
VDE,2024-10-01,125.13999938964844,0.0,122.47000122070312,0.021801242282456723,0.021801242282456723,0.0
VDE,2024-10-02,126.5199966430664,0.0,125.13999938964844,0.011027627138794127,0.011027627138794127,0.0
VDE,2024-10-03,128.80999755859375,0.0,126.5199966430664,0.018099912869803614,0.018099912869803614,0.0
VDE,2024-10-04,130.0500030517578,0.0,128.80999755859375,0.00962662461506536,0.00962662461506536,0.0
VDE,2024-10-07,130.61000061035156,0.0,130.0500030517578,0.004306017266073159,0.004306017266073159,0.0
VDE,2024-10-08,127.23999786376953,0.0,130.61000061035156,-0.025802026880282658,-0.025802026880282658,0.0
VDE,2024-10-09,127.76000213623047,0.0,127.23999786376953,0.004086798814769477,0.004086798814769477,0.0
VDE,2024-10-10,128.74000549316406,0.0,127.76000213623047,0.00767065858286875,0.00767065858286875,0.0
VDE,2024-10-11,129.64999389648438,0.0,128.74000549316406,0.007068419795652758,0.007068419795652758,0.0
VDE,2024-10-14,129.25,0.0,129.64999389648438,-0.0030851825323164883,-0.0030851825323164883,0.0
VDE,2024-10-15,125.19999694824219,0.0,129.25,-0.03133464643526351,-0.03133464643526351,0.0
VDE,2024-10-16,125.94999694824219,0.0,125.19999694824219,0.005990415481480049,0.005990415481480049,0.0
VDE,2024-10-17,126.55000305175781,0.0,125.94999694824219,0.004763843732066064,0.004763843732066064,0.0
VDE,2024-10-18,125.98999786376953,0.0,126.55000305175781,-0.004425169296592202,-0.004425169296592202,0.0
VDE,2024-10-21,125.66999816894531,0.0,125.98999786376953,-0.0025398817386299566,-0.0025398817386299566,0.0
VDE,2024-10-22,125.81999969482422,0.0,125.66999816894531,0.0011936144510582558,0.0011936144510582558,0.0
VDE,2024-10-23,125.16000366210938,0.0,125.81999969482422,-0.005245557417864144,-0.005245557417864144,0.0
VDE,2024-10-24,125.19000244140625,0.0,125.16000366210938,0.00023968343255931224,0.00023968343255931224,0.0
VDE,2024-10-25,125.31999969482422,0.0,125.19000244140625,0.0010383996396103878,0.0010383996396103878,0.0
VDE,2024-10-28,124.41999816894531,0.0,125.31999969482422,-0.00718162725878202,-0.00718162725878202,0.0
VDE,2024-10-29,122.7699966430664,0.0,124.41999816894531,-0.013261545974614375,-0.013261545974614375,0.0
VDE,2024-10-30,123.02999877929688,0.0,122.7699966430664,0.0021177986750817723,0.0021177986750817723,0.0
VDE,2024-10-31,123.63999938964844,0.0,123.02999877929688,0.0049581453011784404,0.0049581453011784404,0.0
VDE,2024-11-01,122.72000122070312,0.0,123.63999938964844,-0.007440942846060339,-0.007440942846060339,0.0
VDE,2024-11-04,124.94999694824219,0.0,122.72000122070312,0.01817141220141094,0.01817141220141094,0.0
VDE,2024-11-05,125.81999969482422,0.0,124.94999694824219,0.006962807265552984,0.006962807265552984,0.0
VDE,2024-11-06,130.97000122070312,0.0,125.81999969482422,0.0409315016560976,0.0409315016560976,0.0
VDE,2024-11-07,130.6199951171875,0.0,130.97000122070312,-0.00267241429528442,-0.00267241429528442,0.0
VDE,2024-11-08,131.27000427246094,0.0,130.6199951171875,0.004976337311070056,0.004976337311070056,0.0
VDE,2024-11-11,132.27999877929688,0.0,131.27000427246094,0.007694023569463804,0.007694023569463804,0.0
VDE,2024-11-12,131.4600067138672,0.0,132.27999877929688,-0.0061989119518953695,-0.0061989119518953695,0.0
VDE,2024-11-13,132.13999938964844,0.0,131.4600067138672,0.005172620120591498,0.005172620120591498,0.0
VDE,2024-11-14,132.69000244140625,0.0,132.13999938964844,0.0041622752709116195,0.0041622752709116195,0.0
VDE,2024-11-15,132.05999755859375,0.0,132.69000244140625,-0.004747945370569218,-0.004747945370569218,0.0
VDE,2024-11-18,133.92999267578125,0.0,132.05999755859375,0.0141601934859783,0.0141601934859783,0.0
VDE,2024-11-19,133.3000030517578,0.0,133.92999267578125,-0.004703872608643578,-0.004703872608643578,0.0
VDE,2024-11-20,134.72999572753906,0.0,133.3000030517578,0.01072762672950578,0.01072762672950578,0.0
VDE,2024-11-21,136.10000610351562,0.0,134.72999572753906,0.010168562453954921,0.010168562453954921,0.0
VDE,2024-11-22,136.77999877929688,0.0,136.10000610351562,0.004996272191670981,0.004996272191670981,0.0
VDE,2024-11-25,134.0,0.0,136.77999877929688,-0.020324600117759717,-0.020324600117759717,0.0
VDE,2024-11-26,133.66000366210938,0.0,134.0,-0.0025372861036613292,-0.0025372861036613292,0.0
VDE,2024-11-27,133.6699981689453,0.0,133.66000366210938,7.47755989982668e-05,7.47755989982668e-05,0.0
VDE,2024-11-29,134.17999267578125,0.0,133.6699981689453,0.0038153251576420466,0.0038153251576420466,0.0
VDE,2024-12-02,132.89999389648438,0.0,134.17999267578125,-0.009539416076655538,-0.009539416076655538,0.0
VDE,2024-12-03,132.97000122070312,0.0,132.89999389648438,0.0005267669483361992,0.0005267669483361992,0.0
VDE,2024-12-04,129.89999389648438,0.0,132.97000122070312,-0.02308796943697977,-0.02308796943697977,0.0
VDE,2024-12-05,130.32000732421875,0.0,129.89999389648438,0.003233359872742314,0.003233359872742314,0.0
VDE,2024-12-06,127.9800033569336,0.0,130.32000732421875,-0.017955830538464723,-0.017955830538464723,0.0
VDE,2024-12-09,127.66999816894531,0.0,127.9800033569336,-0.002422293951061083,-0.002422293951061083,0.0
VDE,2024-12-10,127.0,0.0,127.66999816894531,-0.00524789048762031,-0.00524789048762031,0.0
VDE,2024-12-11,127.5199966430664,0.0,127.0,0.004094461756428469,0.004094461756428469,0.0
VDE,2024-12-12,126.5999984741211,0.0,127.5199966430664,-0.007214540410633963,-0.007214540410633963,0.0
VDE,2024-12-13,125.69000244140625,0.0,126.5999984741211,-0.007187962430353911,-0.007187962430353911,0.0
VDE,2024-12-16,123.0999984741211,0.0,125.69000244140625,-0.0206062846445767,-0.0206062846445767,0.0
VDE,2024-12-17,122.0999984741211,0.0,123.0999984741211,-0.008123476948785124,-0.008123476948785124,0.0
VDE,2024-12-18,117.73999786376953,0.966,122.0999984741211,-0.03570844115346694,-0.027796893143048784,0.007911548010418216
VDE,2024-12-19,116.66999816894531,0.0,117.73999786376953,-0.009087818194648323,-0.009087818194648323,0.0
VDE,2024-12-20,117.73999786376953,0.0,116.66999816894531,0.00917116406631635,0.00917116406631635,0.0
VDE,2024-12-23,118.45999908447266,0.0,117.73999786376953,0.006115179495214562,0.006115179495214562,0.0
VDE,2024-12-24,119.37000274658203,0.0,118.45999908447266,0.0076819489206687575,0.0076819489206687575,0.0
VDE,2024-12-26,119.25,0.0,119.37000274658203,-0.0010053006938166575,-0.0010053006938166575,0.0
VDE,2024-12-27,119.2699966430664,0.0,119.25,0.0001676867343094468,0.0001676867343094468,0.0
VDE,2024-12-30,119.6500015258789,0.0,119.2699966430664,0.003186089490299304,0.003186089490299304,0.0
VFH,2024-09-04,109.61000061035156,0.0,109.75,-0.0012756208624002952,-0.0012756208624002952,0.0
VFH,2024-09-05,108.6500015258789,0.0,109.61000061035156,-0.008758316568990065,-0.008758316568990065,0.0
VFH,2024-09-06,106.93000030517578,0.0,108.6500015258789,-0.015830659885388454,-0.015830659885388454,0.0
VFH,2024-09-09,108.33999633789062,0.0,106.93000030517578,0.013186159437863498,0.013186159437863498,0.0
VFH,2024-09-10,107.2699966430664,0.0,108.33999633789062,-0.009876312820678912,-0.009876312820678912,0.0
VFH,2024-09-11,106.88999938964844,0.0,107.2699966430664,-0.003542437450449243,-0.003542437450449243,0.0
VFH,2024-09-12,107.33000183105469,0.0,106.88999938964844,0.004116404190463996,0.004116404190463996,0.0
VFH,2024-09-13,108.0,0.0,107.33000183105469,0.006242412722585522,0.006242412722585522,0.0
VFH,2024-09-16,109.33999633789062,0.0,108.0,0.01240737349898735,0.01240737349898735,0.0
VFH,2024-09-17,109.94999694824219,0.0,109.33999633789062,0.005578933883137349,0.005578933883137349,0.0
VFH,2024-09-18,109.7699966430664,0.0,109.94999694824219,-0.001637110597288327,-0.001637110597288327,0.0
VFH,2024-09-19,111.20999908447266,0.0,109.7699966430664,0.013118360986095645,0.013118360986095645,0.0
VFH,2024-09-20,110.72000122070312,0.0,111.20999908447266,-0.004406059417349173,-0.004406059417349173,0.0
VFH,2024-09-23,110.87999725341797,0.0,110.72000122070312,0.001445050857576513,0.001445050857576513,0.0
VFH,2024-09-24,109.87000274658203,0.0,110.87999725341797,-0.009108897293057971,-0.009108897293057971,0.0
VFH,2024-09-25,109.12999725341797,0.0,109.87000274658203,-0.006735282376126861,-0.006735282376126861,0.0
VFH,2024-09-26,109.69999694824219,0.0,109.12999725341797,0.0052231257140105125,0.0052231257140105125,0.0
VFH,2024-09-27,109.58999633789062,0.553,109.69999694824219,-0.0010027403228047849,0.004038280783703607,0.005041021106508437
VFH,2024-09-30,109.91000366210938,0.0,109.58999633789062,0.002920041380712224,0.002920041380712224,0.0
VFH,2024-10-01,109.19999694824219,0.0,109.91000366210938,-0.006459891640527293,-0.006459891640527293,0.0
VFH,2024-10-02,109.27999877929688,0.0,109.19999694824219,0.0007326175209749763,0.0007326175209749763,0.0
VFH,2024-10-03,108.87000274658203,0.0,109.27999877929688,-0.0037517938991094013,-0.0037517938991094013,0.0
VFH,2024-10-04,110.73999786376953,0.0,108.87000274658203,0.017176403692579223,0.017176403692579223,0.0
VFH,2024-10-07,109.43000030517578,0.0,110.73999786376953,-0.011829488747194028,-0.011829488747194028,0.0
VFH,2024-10-08,110.0199966430664,0.0,109.43000030517578,0.0053915410421754295,0.0053915410421754295,0.0
VFH,2024-10-09,111.0,0.0,110.0199966430664,0.008907502152658564,0.008907502152658564,0.0
VFH,2024-10-10,110.76000213623047,0.0,111.0,-0.00216214291684258,-0.00216214291684258,0.0
VFH,2024-10-11,113.01000213623047,0.0,110.76000213623047,0.020314192457603797,0.020314192457603797,0.0
VFH,2024-10-14,113.87999725341797,0.0,113.01000213623047,0.00769839041449405,0.00769839041449405,0.0
VFH,2024-10-15,114.22000122070312,0.0,113.87999725341797,0.002985633785435926,0.002985633785435926,0.0
VFH,2024-10-16,115.62000274658203,0.0,114.22000122070312,0.012257061030613414,0.012257061030613414,0.0
VFH,2024-10-17,116.02999877929688,0.0,115.62000274658203,0.0035460648934033667,0.0035460648934033667,0.0
VFH,2024-10-18,116.05999755859375,0.0,116.02999877929688,0.00025854330442531825,0.00025854330442531825,0.0
VFH,2024-10-21,114.83000183105469,0.0,116.05999755859375,-0.010597929979432319,-0.010597929979432319,0.0
VFH,2024-10-22,114.70999908447266,0.0,114.83000183105469,-0.0010450469796089434,-0.0010450469796089434,0.0
VFH,2024-10-23,114.4800033569336,0.0,114.70999908447266,-0.0020050189989949674,-0.0020050189989949674,0.0
VFH,2024-10-24,114.66000366210938,0.0,114.4800033569336,0.001572329663675598,0.001572329663675598,0.0
VFH,2024-10-25,113.37999725341797,0.0,114.66000366210938,-0.011163495271319213,-0.011163495271319213,0.0
VFH,2024-10-28,114.88999938964844,0.0,113.37999725341797,0.013318064674630703,0.013318064674630703,0.0
VFH,2024-10-29,114.20999908447266,0.0,114.88999938964844,-0.005918707535801815,-0.005918707535801815,0.0
VFH,2024-10-30,114.87999725341797,0.0,114.20999908447266,0.005866370495719586,0.005866370495719586,0.0
VFH,2024-10-31,113.2300033569336,0.0,114.87999725341797,-0.014362760584373913,-0.014362760584373913,0.0
VFH,2024-11-01,113.19000244140625,0.0,113.2300033569336,-0.0003532713445326685,-0.0003532713445326685,0.0
VFH,2024-11-04,112.58000183105469,0.0,113.19000244140625,-0.00538917393050975,-0.00538917393050975,0.0
VFH,2024-11-05,113.86000061035156,0.0,112.58000183105469,0.011369681635089446,0.011369681635089446,0.0
VFH,2024-11-06,121.56999969482422,0.0,113.86000061035156,0.06771472899299891,0.06771472899299891,0.0
VFH,2024-11-07,119.4800033569336,0.0,121.56999969482422,-0.01719171130325836,-0.01719171130325836,0.0
VFH,2024-11-08,120.52999877929688,0.0,119.4800033569336,0.008788043127405443,0.008788043127405443,0.0
VFH,2024-11-11,122.75,0.0,120.52999877929688,0.018418661272602943,0.018418661272602943,0.0
VFH,2024-11-12,122.36000061035156,0.0,122.75,-0.0031771844370545033,-0.0031771844370545033,0.0
VFH,2024-11-13,122.08000183105469,0.0,122.36000061035156,-0.0022883195317112692,-0.0022883195317112692,0.0
VFH,2024-11-14,121.69999694824219,0.0,122.08000183105469,-0.003112752925236606,-0.003112752925236606,0.0
VFH,2024-11-15,122.26000213623047,0.0,121.69999694824219,0.004601521791544938,0.004601521791544938,0.0
VFH,2024-11-18,122.68000030517578,0.0,122.26000213623047,0.0034352867790508057,0.0034352867790508057,0.0
VFH,2024-11-19,122.11000061035156,0.0,122.68000030517578,-0.004646231605855089,-0.004646231605855089,0.0
VFH,2024-11-20,121.73999786376953,0.0,122.11000061035156,-0.003030077346102833,-0.003030077346102833,0.0
VFH,2024-11-21,123.25,0.0,121.73999786376953,0.012403500597397699,0.012403500597397699,0.0
VFH,2024-11-22,124.79000091552734,0.0,123.25,0.012494936434298998,0.012494936434298998,0.0
VFH,2024-11-25,125.77999877929688,0.0,124.79000091552734,0.007933310814218775,0.007933310814218775,0.0
VFH,2024-11-26,125.77999877929688,0.0,125.77999877929688,0.0,0.0,0.0
VFH,2024-11-27,126.0999984741211,0.0,125.77999877929688,0.0025441222605329106,0.0025441222605329106,0.0
VFH,2024-11-29,126.19999694824219,0.0,126.0999984741211,0.0007930093206274247,0.0007930093206274247,0.0
VFH,2024-12-02,125.05999755859375,0.0,126.19999694824219,-0.009033275889190229,-0.009033275889190229,0.0
VFH,2024-12-03,124.2699966430664,0.0,125.05999755859375,-0.006316975299453409,-0.006316975299453409,0.0
VFH,2024-12-04,123.95999908447266,0.0,124.2699966430664,-0.0024945487001512,-0.0024945487001512,0.0
VFH,2024-12-05,124.02999877929688,0.0,123.95999908447266,0.0005646958320524309,0.0005646958320524309,0.0
VFH,2024-12-06,124.2699966430664,0.0,124.02999877929688,0.0019349985175489692,0.0019349985175489692,0.0
VFH,2024-12-09,122.47000122070312,0.0,124.2699966430664,-0.014484553560690117,-0.014484553560690117,0.0
VFH,2024-12-10,122.19999694824219,0.0,122.47000122070312,-0.002204656403769989,-0.002204656403769989,0.0
VFH,2024-12-11,122.75,0.0,122.19999694824219,0.004500843416475497,0.004500843416475497,0.0
VFH,2024-12-12,122.20999908447266,0.0,122.75,-0.004399192794520057,-0.004399192794520057,0.0
VFH,2024-12-13,121.79000091552734,0.0,122.20999908447266,-0.0034366923499852264,-0.0034366923499852264,0.0
VFH,2024-12-16,121.98999786376953,0.0,121.79000091552734,0.0016421458801112454,0.0016421458801112454,0.0
VFH,2024-12-17,120.83999633789062,0.0,121.98999786376953,-0.00942701488660691,-0.00942701488660691,0.0
VFH,2024-12-18,116.12000274658203,0.657,120.83999633789062,-0.03905986208498913,-0.03362292051009108,0.005436941574898003
VFH,2024-12-19,116.4800033569336,0.0,116.12000274658203,0.0031002463127496327,0.0031002463127496327,0.0
VFH,2024-12-20,118.0999984741211,0.0,116.4800033569336,0.013907924712392772,0.013907924712392772,0.0
VFH,2024-12-23,118.36000061035156,0.0,118.0999984741211,0.0022015422488548264,0.0022015422488548264,0.0
VFH,2024-12-24,119.86000061035156,0.0,118.36000061035156,0.012673200340189927,0.012673200340189927,0.0
VFH,2024-12-26,120.11000061035156,0.0,119.86000061035156,0.0020857667172280436,0.0020857667172280436,0.0
VFH,2024-12-27,119.2699966430664,0.0,120.11000061035156,-0.006993622204783834,-0.006993622204783834,0.0
VFH,2024-12-30,118.05000305175781,0.0,119.2699966430664,-0.010228838984205013,-0.010228838984205013,0.0
VGT,2024-09-04,68.43875122070312,0.0,68.58625030517578,-0.0021505634703217202,-0.0021505634703217202,0.0
VGT,2024-09-05,68.28624725341797,0.0,68.43875122070312,-0.0022283277319505856,-0.0022283277319505856,0.0
VGT,2024-09-06,66.64624786376953,0.0,68.28624725341797,-0.024016540015183607,-0.024016540015183607,0.0
VGT,2024-09-09,67.54624938964844,0.0,66.64624786376953,0.013504158969587898,0.013504158969587898,0.0
VGT,2024-09-10,68.23124694824219,0.0,67.54624938964844,0.01014116349587768,0.01014116349587768,0.0
VGT,2024-09-11,70.19750213623047,0.0,68.23124694824219,0.028817518013115162,0.028817518013115162,0.0
VGT,2024-09-12,70.73750305175781,0.0,70.19750213623047,0.007692594452711088,0.007692594452711088,0.0
VGT,2024-09-13,71.15499877929688,0.0,70.73750305175781,0.005902042191588075,0.005902042191588075,0.0
VGT,2024-09-16,70.73750305175781,0.0,71.15499877929688,-0.00586741247560163,-0.00586741247560163,0.0
VGT,2024-09-17,70.70124816894531,0.0,70.73750305175781,-0.0005125270365561319,-0.0005125270365561319,0.0
VGT,2024-09-18,70.375,0.0,70.70124816894531,-0.004614461235050937,-0.004614461235050937,0.0
VGT,2024-09-19,72.45625305175781,0.0,70.375,0.029573755620004416,0.029573755620004416,0.0
VGT,2024-09-20,72.20249938964844,0.0,72.45625305175781,-0.0035021637391062788,-0.0035021637391062788,0.0
VGT,2024-09-23,72.17749786376953,0.0,72.20249938964844,-0.00034626953485339396,-0.00034626953485339396,0.0
VGT,2024-09-24,72.82875061035156,0.0,72.17749786376953,0.009022933266698008,0.009022933266698008,0.0
VGT,2024-09-25,72.87750244140625,0.0,72.82875061035156,0.0006694036441119433,0.0006694036441119433,0.0
VGT,2024-09-26,73.78125,0.0,72.87750244140625,0.012400912878708592,0.012400912878708592,0.0
VGT,2024-09-27,73.12000274658203,0.114625,73.78125,-0.008962266882412084,-0.007408687890459453,0.0015535789919525625
VGT,2024-09-30,73.31500244140625,0.0,73.12000274658203,0.0026668447415141294,0.0026668447415141294,0.0
VGT,2024-10-01,71.47250366210938,0.0,73.31500244140625,-0.025131265333714015,-0.025131265333714015,0.0
VGT,2024-10-02,71.92250061035156,0.0,71.47250366210938,0.006296084860404116,0.006296084860404116,0.0
VGT,2024-10-03,72.20500183105469,0.0,71.92250061035156,0.003927855932507329,0.003927855932507329,0.0
VGT,2024-10-04,73.12999725341797,0.0,72.20500183105469,0.012810683455525496,0.012810683455525496,0.0
VGT,2024-10-07,72.6050033569336,0.0,73.12999725341797,-0.007178913116393404,-0.007178913116393404,0.0
VGT,2024-10-08,73.92874908447266,0.0,72.6050033569336,0.01823215572391601,0.01823215572391601,0.0
VGT,2024-10-09,74.7562484741211,0.0,73.92874908447266,0.011193201560909971,0.011193201560909971,0.0
VGT,2024-10-10,74.8237533569336,0.0,74.7562484741211,0.0009029998721226118,0.0009029998721226118,0.0
VGT,2024-10-11,75.05500030517578,0.0,74.8237533569336,0.0030905553098767857,0.0030905553098767857,0.0
VGT,2024-10-14,75.98500061035156,0.0,75.05500030517578,0.012390917345871388,0.012390917345871388,0.0
VGT,2024-10-15,74.61499786376953,0.0,75.98500061035156,-0.018029910318845155,-0.018029910318845155,0.0
VGT,2024-10-16,74.89125061035156,0.0,74.61499786376953,0.0037023755878999864,0.0037023755878999864,0.0
VGT,2024-10-17,75.18624877929688,0.0,74.89125061035156,0.003939020466892096,0.003939020466892096,0.0
VGT,2024-10-18,75.44499969482422,0.0,75.18624877929688,0.003441465955920764,0.003441465955920764,0.0
VGT,2024-10-21,75.86624908447266,0.0,75.44499969482422,0.005583529609018534,0.005583529609018534,0.0
VGT,2024-10-22,75.81375122070312,0.0,75.86624908447266,-0.0006919791660067176,-0.0006919791660067176,0.0
VGT,2024-10-23,74.6362533569336,0.0,75.81375122070312,-0.0155314549776292,-0.0155314549776292,0.0
VGT,2024-10-24,74.88999938964844,0.0,74.6362533569336,0.0033997691644749306,0.0033997691644749306,0.0
VGT,2024-10-25,75.24500274658203,0.0,74.88999938964844,0.004740330615928157,0.004740330615928157,0.0
VGT,2024-10-28,75.39875030517578,0.0,75.24500274658203,0.0020432926172062604,0.0020432926172062604,0.0
VGT,2024-10-29,76.29000091552734,0.0,75.39875030517578,0.011820495787320473,0.011820495787320473,0.0
VGT,2024-10-30,75.29000091552734,0.0,76.29000091552734,-0.013107877677275948,-0.013107877677275948,0.0
VGT,2024-10-31,72.7874984741211,0.0,75.29000091552734,-0.03323817785862382,-0.03323817785862382,0.0
VGT,2024-11-01,73.30874633789062,0.0,72.7874984741211,0.007161227885237098,0.007161227885237098,0.0
VGT,2024-11-04,73.23750305175781,0.0,73.30874633789062,-0.0009718251871945194,-0.0009718251871945194,0.0
VGT,2024-11-05,74.29875183105469,0.0,73.23750305175781,0.01449051012220992,0.01449051012220992,0.0
VGT,2024-11-06,76.62625122070312,0.0,74.29875183105469,0.03132622463081014,0.03132622463081014,0.0
VGT,2024-11-07,78.19625091552734,0.0,76.62625122070312,0.02048905785958688,0.02048905785958688,0.0
VGT,2024-11-08,78.05874633789062,0.0,78.19625091552734,-0.0017584548623086338,-0.0017584548623086338,0.0
VGT,2024-11-11,77.73999786376953,0.0,78.05874633789062,-0.004083443420181743,-0.004083443420181743,0.0
VGT,2024-11-12,77.87625122070312,0.0,77.73999786376953,0.001752680224822667,0.001752680224822667,0.0
VGT,2024-11-13,77.5625,0.0,77.87625122070312,-0.004028843399433102,-0.004028843399433102,0.0
VGT,2024-11-14,77.24749755859375,0.0,77.5625,-0.004061272411361783,-0.004061272411361783,0.0
VGT,2024-11-15,75.3687515258789,0.0,77.24749755859375,-0.024321124853135534,-0.024321124853135534,0.0
VGT,2024-11-18,75.58999633789062,0.0,75.3687515258789,0.002935497902413209,0.002935497902413209,0.0
VGT,2024-11-19,76.52124786376953,0.0,75.58999633789062,0.012319772072962865,0.012319772072962865,0.0
VGT,2024-11-20,76.60250091552734,0.0,76.52124786376953,0.0010618364706032057,0.0010618364706032057,0.0
VGT,2024-11-21,77.41000366210938,0.0,76.60250091552734,0.010541467144427719,0.010541467144427719,0.0
VGT,2024-11-22,77.69750213623047,0.0,77.41000366210938,0.0037139705531601397,0.0037139705531601397,0.0
VGT,2024-11-25,77.66124725341797,0.0,77.69750213623047,-0.00046661580894757915,-0.00046661580894757915,0.0
VGT,2024-11-26,77.89624786376953,0.0,77.66124725341797,0.0030259700772603537,0.0030259700772603537,0.0
VGT,2024-11-27,77.09500122070312,0.0,77.89624786376953,-0.010286074939933942,-0.010286074939933942,0.0
VGT,2024-11-29,77.78125,0.0,77.09500122070312,0.008901339495829497,0.008901339495829497,0.0
VGT,2024-12-02,78.54624938964844,0.0,77.78125,0.009835267363901057,0.009835267363901057,0.0
VGT,2024-12-03,78.95375061035156,0.0,78.54624938964844,0.005188041744445426,0.005188041744445426,0.0
VGT,2024-12-04,80.55374908447266,0.0,78.95375061035156,0.020265009093960895,0.020265009093960895,0.0
VGT,2024-12-05,80.15125274658203,0.0,80.55374908447266,-0.004996618313426349,-0.004996618313426349,0.0
VGT,2024-12-06,80.56749725341797,0.0,80.15125274658203,0.00519323769214175,0.00519323769214175,0.0
VGT,2024-12-09,79.96624755859375,0.0,80.56749725341797,-0.007462683033742978,-0.007462683033742978,0.0
VGT,2024-12-10,78.8187484741211,0.0,79.96624755859375,-0.014349792812672013,-0.014349792812672013,0.0
VGT,2024-12-11,80.0250015258789,0.0,78.8187484741211,0.015304138610547247,0.015304138610547247,0.0
VGT,2024-12-12,79.67749786376953,0.0,80.0250015258789,-0.004342438681453786,-0.004342438681453786,0.0
VGT,2024-12-13,80.05374908447266,0.0,79.67749786376953,0.004722176659543553,0.004722176659543553,0.0
VGT,2024-12-16,80.99624633789062,0.0,80.05374908447266,0.011773305612750917,0.011773305612750917,0.0
VGT,2024-12-17,80.49749755859375,0.0,80.99624633789062,-0.006157677693065633,-0.006157677693065633,0.0
VGT,2024-12-18,77.65750122070312,0.097125,80.49749755859375,-0.03528055435292765,-0.03407399510642051,0.0012065592465070503
VGT,2024-12-19,77.72374725341797,0.0,77.65750122070312,0.0008530538798379173,0.0008530538798379173,0.0
VGT,2024-12-20,78.95124816894531,0.0,77.72374725341797,0.015793125767921135,0.015793125767921135,0.0
VGT,2024-12-23,79.6812515258789,0.0,78.95124816894531,0.00924625479474983,0.00924625479474983,0.0
VGT,2024-12-24,80.5562515258789,0.0,79.6812515258789,0.010981253221353127,0.010981253221353127,0.0
VGT,2024-12-26,80.69625091552734,0.0,80.5562515258789,0.0017379084428159608,0.0017379084428159608,0.0
VGT,2024-12-27,79.4375,0.0,80.69625091552734,-0.015598629443702383,-0.015598629443702383,0.0
VGT,2024-12-30,78.44625091552734,0.0,79.4375,-0.012478351968184476,-0.012478351968184476,0.0
VHT,2024-09-04,286.489990234375,0.0,286.95001220703125,-0.0016031432412846325,-0.0016031432412846325,0.0
VHT,2024-09-05,282.8399963378906,0.0,286.489990234375,-0.012740388917247492,-0.012740388917247492,0.0
VHT,2024-09-06,281.3900146484375,0.0,282.8399963378906,-0.005126508655872386,-0.005126508655872386,0.0
VHT,2024-09-09,283.3399963378906,0.0,281.3900146484375,0.006929818358655693,0.006929818358655693,0.0
VHT,2024-09-10,284.5,0.0,283.3399963378906,0.0040940342948478925,0.0040940342948478925,0.0
VHT,2024-09-11,283.82000732421875,0.0,284.5,-0.0023901324280536373,-0.0023901324280536373,0.0
VHT,2024-09-12,285.260009765625,0.0,283.82000732421875,0.005073646692431044,0.005073646692431044,0.0
VHT,2024-09-13,286.1400146484375,0.0,285.260009765625,0.003084922010398561,0.003084922010398561,0.0
VHT,2024-09-16,287.8599853515625,0.0,286.1400146484375,0.0060109408508914886,0.0060109408508914886,0.0
VHT,2024-09-17,285.3599853515625,0.0,287.8599853515625,-0.008684777764254914,-0.008684777764254914,0.0
VHT,2024-09-18,284.8299865722656,0.0,285.3599853515625,-0.0018572988733648321,-0.0018572988733648321,0.0
VHT,2024-09-19,286.45001220703125,0.0,284.8299865722656,0.005687693400057814,0.005687693400057814,0.0
VHT,2024-09-20,285.07000732421875,0.0,286.45001220703125,-0.0048176115343123715,-0.0048176115343123715,0.0
VHT,2024-09-23,284.1000061035156,0.0,285.07000732421875,-0.0034026772223705315,-0.0034026772223705315,0.0
VHT,2024-09-24,283.3999938964844,0.0,284.1000061035156,-0.002463964068963098,-0.002463964068963098,0.0
VHT,2024-09-25,280.5899963378906,0.0,283.3999938964844,-0.009915305642596905,-0.009915305642596905,0.0
VHT,2024-09-26,281.6499938964844,0.0,280.5899963378906,0.003777745366649876,0.003777745366649876,0.0
VHT,2024-09-27,280.2900085449219,1.167,281.6499938964844,-0.004828636183327406,-0.0006851956532740733,0.00414344053005345
VHT,2024-09-30,282.20001220703125,0.0,280.2900085449219,0.006814383687898218,0.006814383687898218,0.0
VHT,2024-10-01,280.3599853515625,0.0,282.20001220703125,-0.00652029332344195,-0.00652029332344195,0.0
VHT,2024-10-02,280.0899963378906,0.0,280.3599853515625,-0.0009630083741561934,-0.0009630083741561934,0.0
VHT,2024-10-03,277.3399963378906,0.0,280.0899963378906,-0.009818272826432883,-0.009818272826432883,0.0
VHT,2024-10-04,277.80999755859375,0.0,277.3399963378906,0.001694675225027753,0.001694675225027753,0.0
VHT,2024-10-07,276.3599853515625,0.0,277.80999755859375,-0.005219438536316234,-0.005219438536316234,0.0
VHT,2024-10-08,277.8299865722656,0.0,276.3599853515625,0.005319153635187535,0.005319153635187535,0.0
VHT,2024-10-09,280.2099914550781,0.0,277.8299865722656,0.008566407507612395,0.008566407507612395,0.0
VHT,2024-10-10,279.2699890136719,0.0,280.2099914550781,-0.0033546357020497464,-0.0033546357020497464,0.0
VHT,2024-10-11,281.760009765625,0.0,279.2699890136719,0.00891617735492245,0.00891617735492245,0.0
VHT,2024-10-14,283.29998779296875,0.0,281.760009765625,0.00546556634713613,0.00546556634713613,0.0
VHT,2024-10-15,280.4800109863281,0.0,283.29998779296875,-0.009954030808859149,-0.009954030808859149,0.0
VHT,2024-10-16,281.55999755859375,0.0,280.4800109863281,0.0038504939031760443,0.0038504939031760443,0.0
VHT,2024-10-17,279.8999938964844,0.0,281.55999755859375,-0.005895736882026048,-0.005895736882026048,0.0
VHT,2024-10-18,281.3299865722656,0.0,279.8999938964844,0.005108941432524938,0.005108941432524938,0.0
VHT,2024-10-21,277.9200134277344,0.0,281.3299865722656,-0.012120901813839624,-0.012120901813839624,0.0
VHT,2024-10-22,277.45001220703125,0.0,277.9200134277344,-0.0016911384498955462,-0.0016911384498955462,0.0
VHT,2024-10-23,275.7200012207031,0.0,277.45001220703125,-0.0062353970452782015,-0.0062353970452782015,0.0
VHT,2024-10-24,274.04998779296875,0.0,275.7200012207031,-0.006056917961485109,-0.006056917961485109,0.0
VHT,2024-10-25,272.6400146484375,0.0,274.04998779296875,-0.005144948758751378,-0.005144948758751378,0.0
VHT,2024-10-28,273.3699951171875,0.0,272.6400146484375,0.0026774516928165237,0.0026774516928165237,0.0
VHT,2024-10-29,272.79998779296875,0.0,273.3699951171875,-0.002085112976551784,-0.002085112976551784,0.0
VHT,2024-10-30,272.3699951171875,0.0,272.79998779296875,-0.0015762195565330872,-0.0015762195565330872,0.0
VHT,2024-10-31,269.67999267578125,0.0,272.3699951171875,-0.009876280389287673,-0.009876280389287673,0.0
VHT,2024-11-01,271.7200012207031,0.0,269.67999267578125,0.007564552804532498,0.007564552804532498,0.0
VHT,2024-11-04,270.30999755859375,0.0,271.7200012207031,-0.005189178771437208,-0.005189178771437208,0.0
VHT,2024-11-05,272.6000061035156,0.0,270.30999755859375,0.008471786340146226,0.008471786340146226,0.0
VHT,2024-11-06,273.55999755859375,0.0,272.6000061035156,0.003521612008745123,0.003521612008745123,0.0
VHT,2024-11-07,275.3599853515625,0.0,273.55999755859375,0.006579864779327593,0.006579864779327593,0.0
VHT,2024-11-08,277.4700012207031,0.0,275.3599853515625,0.0076627541450755565,0.0076627541450755565,0.0
VHT,2024-11-11,276.1600036621094,0.0,277.4700012207031,-0.004721222304503336,-0.004721222304503336,0.0
VHT,2024-11-12,272.1499938964844,0.0,276.1600036621094,-0.014520602956434536,-0.014520602956434536,0.0
VHT,2024-11-13,271.2900085449219,0.0,272.1499938964844,-0.0031599682926672923,-0.0031599682926672923,0.0
VHT,2024-11-14,266.57000732421875,0.0,271.2900085449219,-0.017398359954423293,-0.017398359954423293,0.0
VHT,2024-11-15,260.7699890136719,0.0,266.57000732421875,-0.021757955325756306,-0.021757955325756306,0.0
VHT,2024-11-18,260.7799987792969,0.0,260.7699890136719,3.838542028122838e-05,3.838542028122838e-05,0.0
VHT,2024-11-19,260.25,0.0,260.7799987792969,-0.0020323597736704446,-0.0020323597736704446,0.0
VHT,2024-11-20,263.010009765625,0.0,260.25,0.01060522484390014,0.01060522484390014,0.0
VHT,2024-11-21,265.3699951171875,0.0,263.010009765625,0.008972986821549345,0.008972986821549345,0.0
VHT,2024-11-22,265.8299865722656,0.0,265.3699951171875,0.0017333966293928693,0.0017333966293928693,0.0
VHT,2024-11-25,268.4599914550781,0.0,265.8299865722656,0.009893559852765188,0.009893559852765188,0.0
VHT,2024-11-26,269.9200134277344,0.0,268.4599914550781,0.0054385086013852835,0.0054385086013852835,0.0
VHT,2024-11-27,271.3800048828125,0.0,269.9200134277344,0.005408978150740262,0.005408978150740262,0.0
VHT,2024-11-29,272.239990234375,0.0,271.3800048828125,0.003168934100114873,0.003168934100114873,0.0
VHT,2024-12-02,271.6499938964844,0.0,272.239990234375,-0.0021671920329657812,-0.0021671920329657812,0.0
VHT,2024-12-03,270.6499938964844,0.0,271.6499938964844,-0.003681207518749563,-0.003681207518749563,0.0
VHT,2024-12-04,270.9800109863281,0.0,270.6499938964844,0.001219350073105696,0.001219350073105696,0.0
VHT,2024-12-05,267.8599853515625,0.0,270.9800109863281,-0.011513858986901604,-0.011513858986901604,0.0
VHT,2024-12-06,266.95001220703125,0.0,267.8599853515625,-0.003397197021932641,-0.003397197021932641,0.0
VHT,2024-12-09,267.42999267578125,0.0,266.95001220703125,0.0017980162832049729,0.0017980162832049729,0.0
VHT,2024-12-10,266.3599853515625,0.0,267.42999267578125,-0.004001074499957014,-0.004001074499957014,0.0
VHT,2024-12-11,263.29998779296875,0.0,266.3599853515625,-0.011488202909137879,-0.011488202909137879,0.0
VHT,2024-12-12,260.7099914550781,0.0,263.29998779296875,-0.009836674735918094,-0.009836674735918094,0.0
VHT,2024-12-13,260.42999267578125,0.0,260.7099914550781,-0.00107398561034866,-0.00107398561034866,0.0
VHT,2024-12-16,258.19000244140625,0.0,260.42999267578125,-0.008601122364441549,-0.008601122364441549,0.0
VHT,2024-12-17,257.9200134277344,0.0,258.19000244140625,-0.0010456989469728173,-0.0010456989469728173,0.0
VHT,2024-12-18,252.55999755859375,0.919,257.9200134277344,-0.020781698162567808,-0.017218578000675056,0.0035631201618927144
VHT,2024-12-19,250.80999755859375,0.0,252.55999755859375,-0.006929046630173463,-0.006929046630173463,0.0
VHT,2024-12-20,253.88999938964844,0.0,250.80999755859375,0.012280219532856407,0.012280219532856407,0.0
VHT,2024-12-23,256.19000244140625,0.0,253.88999938964844,0.009059053358883906,0.009059053358883906,0.0
VHT,2024-12-24,257.0299987792969,0.0,256.19000244140625,0.0032788021776248844,0.0032788021776248844,0.0
VHT,2024-12-26,257.8699951171875,0.0,257.0299987792969,0.0032680867676146974,0.0032680867676146974,0.0
VHT,2024-12-27,256.3800048828125,0.0,257.8699951171875,-0.005778067485896821,-0.005778067485896821,0.0
VHT,2024-12-30,253.17999267578125,0.0,256.3800048828125,-0.012481520189118966,-0.012481520189118966,0.0
VIS,2024-09-04,246.0399932861328,0.0,246.25,-0.0008528191426078191,-0.0008528191426078191,0.0
VIS,2024-09-05,243.38999938964844,0.0,246.0399932861328,-0.010770581892361575,-0.010770581892361575,0.0
VIS,2024-09-06,240.77999877929688,0.0,243.38999938964844,-0.010723532671419123,-0.010723532671419123,0.0
VIS,2024-09-09,243.6300048828125,0.0,240.77999877929688,0.011836556682301547,0.011836556682301547,0.0
VIS,2024-09-10,244.1999969482422,0.0,243.6300048828125,0.0023395807331032525,0.0023395807331032525,0.0
VIS,2024-09-11,245.02000427246094,0.0,244.1999969482422,0.0033579333925730648,0.0033579333925730648,0.0
VIS,2024-09-12,247.36000061035156,0.0,245.02000427246094,0.009550225683975455,0.009550225683975455,0.0
VIS,2024-09-13,250.2899932861328,0.0,247.36000061035156,0.011845054449189929,0.011845054449189929,0.0
VIS,2024-09-16,251.8800048828125,0.0,250.2899932861328,0.006352677451479272,0.006352677451479272,0.0
VIS,2024-09-17,253.3300018310547,0.0,251.8800048828125,0.005756697316711579,0.005756697316711579,0.0
VIS,2024-09-18,253.22000122070312,0.0,253.3300018310547,-0.00043421864586301595,-0.00043421864586301595,0.0
VIS,2024-09-19,257.94000244140625,0.0,253.22000122070312,0.01863992258885272,0.01863992258885272,0.0
VIS,2024-09-20,256.1700134277344,0.0,257.94000244140625,-0.006862018286884153,-0.006862018286884153,0.0
VIS,2024-09-23,257.6600036621094,0.0,256.1700134277344,0.00581641158712487,0.00581641158712487,0.0
VIS,2024-09-24,259.260009765625,0.0,257.6600036621094,0.006209757357660495,0.006209757357660495,0.0
VIS,2024-09-25,257.8800048828125,0.0,259.260009765625,-0.005322860567891108,-0.005322860567891108,0.0
VIS,2024-09-26,259.2200012207031,0.0,257.8800048828125,0.005196200994720623,0.005196200994720623,0.0
VIS,2024-09-27,258.7300109863281,0.75,259.2200012207031,-0.001890248561328467,0.001003046695473353,0.0028932952568017337
VIS,2024-09-30,260.07000732421875,0.0,258.7300109863281,0.005179129907590951,0.005179129907590951,0.0
VIS,2024-10-01,259.6000061035156,0.0,260.07000732421875,-0.0018072103951501939,-0.0018072103951501939,0.0
VIS,2024-10-02,259.57000732421875,0.0,259.6000061035156,-0.00011555769873483612,-0.00011555769873483612,0.0
VIS,2024-10-03,257.8500061035156,0.0,259.57000732421875,-0.006626348084024736,-0.006626348084024736,0.0
VIS,2024-10-04,259.8299865722656,0.0,257.8500061035156,0.0076788071432316585,0.0076788071432316585,0.0
VIS,2024-10-07,259.6400146484375,0.0,259.8299865722656,-0.0007311393358953033,-0.0007311393358953033,0.0
VIS,2024-10-08,259.7799987792969,0.0,259.6400146484375,0.0005391469841384833,0.0005391469841384833,0.0
VIS,2024-10-09,261.8999938964844,0.0,259.7799987792969,0.00816073264742978,0.00816073264742978,0.0
VIS,2024-10-10,260.32000732421875,0.0,261.8999938964844,-0.006032785830801135,-0.006032785830801135,0.0
VIS,2024-10-11,265.1400146484375,0.0,260.32000732421875,0.018515700632320664,0.018515700632320664,0.0
VIS,2024-10-14,266.6400146484375,0.0,265.1400146484375,0.005657388236886662,0.005657388236886662,0.0
VIS,2024-10-15,264.7099914550781,0.0,266.6400146484375,-0.007238310408526294,-0.007238310408526294,0.0
VIS,2024-10-16,267.20001220703125,0.0,264.7099914550781,0.009406599041712704,0.009406599041712704,0.0
VIS,2024-10-17,266.6400146484375,0.0,267.20001220703125,-0.0020957991504875206,-0.0020957991504875206,0.0
VIS,2024-10-18,267.29998779296875,0.0,266.6400146484375,0.0024751466706953718,0.0024751466706953718,0.0
VIS,2024-10-21,266.05999755859375,0.0,267.29998779296875,-0.004638946094286389,-0.004638946094286389,0.0
VIS,2024-10-22,263.0400085449219,0.0,266.05999755859375,-0.011350781934089116,-0.011350781934089116,0.0
VIS,2024-10-23,261.8599853515625,0.0,263.0400085449219,-0.004486097760895813,-0.004486097760895813,0.0
VIS,2024-10-24,260.8699951171875,0.0,261.8599853515625,-0.003780609064977569,-0.003780609064977569,0.0
VIS,2024-10-25,260.07000732421875,0.0,260.8699951171875,-0.003066614819421387,-0.003066614819421387,0.0
VIS,2024-10-28,261.2699890136719,0.0,260.07000732421875,0.004614071810122855,0.004614071810122855,0.0
VIS,2024-10-29,260.8900146484375,0.0,261.2699890136719,-0.0014543360554682971,-0.0014543360554682971,0.0
VIS,2024-10-30,260.7699890136719,0.0,260.8900146484375,-0.00046006220256211705,-0.00046006220256211705,0.0
VIS,2024-10-31,257.510009765625,0.0,260.7699890136719,-0.012501358996015344,-0.012501358996015344,0.0
VIS,2024-11-01,258.3900146484375,0.0,257.510009765625,0.003417361847849909,0.003417361847849909,0.0
VIS,2024-11-04,258.3699951171875,0.0,258.3900146484375,-7.747796011869923e-05,-7.747796011869923e-05,0.0
VIS,2024-11-05,262.9100036621094,0.0,258.3699951171875,0.01757173290521874,0.01757173290521874,0.0
VIS,2024-11-06,273.7900085449219,0.0,262.9100036621094,0.04138300076552204,0.04138300076552204,0.0
VIS,2024-11-07,272.6400146484375,0.0,273.7900085449219,-0.0042002770758367,-0.0042002770758367,0.0
VIS,2024-11-08,275.2900085449219,0.0,272.6400146484375,0.009719754086359833,0.009719754086359833,0.0
VIS,2024-11-11,277.70001220703125,0.0,275.2900085449219,0.008754417477218723,0.008754417477218723,0.0
VIS,2024-11-12,274.79998779296875,0.0,277.70001220703125,-0.010443011474916553,-0.010443011474916553,0.0
VIS,2024-11-13,275.239990234375,0.0,274.79998779296875,0.001601173438689374,0.001601173438689374,0.0
VIS,2024-11-14,270.489990234375,0.0,275.239990234375,-0.017257666649222125,-0.017257666649222125,0.0
VIS,2024-11-15,268.6000061035156,0.0,270.489990234375,-0.006987260893542624,-0.006987260893542624,0.0
VIS,2024-11-18,268.7799987792969,0.0,268.6000061035156,0.000670114190957527,0.000670114190957527,0.0
VIS,2024-11-19,269.0299987792969,0.0,268.7799987792969,0.0009301287340404141,0.0009301287340404141,0.0
VIS,2024-11-20,269.5400085449219,0.0,269.0299987792969,0.0018957356723752206,0.0018957356723752206,0.0
VIS,2024-11-21,273.32000732421875,0.0,269.5400085449219,0.014023887584268868,0.014023887584268868,0.0
VIS,2024-11-22,276.739990234375,0.0,273.32000732421875,0.012512742640531815,0.012512742640531815,0.0
VIS,2024-11-25,279.20001220703125,0.0,276.739990234375,0.008889289800772193,0.008889289800772193,0.0
VIS,2024-11-26,279.1300048828125,0.0,279.20001220703125,-0.0002507425542905839,-0.0002507425542905839,0.0
VIS,2024-11-27,278.05999755859375,0.0,279.1300048828125,-0.003833365476663686,-0.003833365476663686,0.0
VIS,2024-11-29,279.70001220703125,0.0,278.05999755859375,0.0058980603568907775,0.0058980603568907775,0.0
VIS,2024-12-02,277.4800109863281,0.0,279.70001220703125,-0.007937079455898943,-0.007937079455898943,0.0
VIS,2024-12-03,275.80999755859375,0.0,277.4800109863281,-0.0060184999337363765,-0.0060184999337363765,0.0
VIS,2024-12-04,277.1300048828125,0.0,275.80999755859375,0.0047859299369246155,0.0047859299369246155,0.0
VIS,2024-12-05,273.95001220703125,0.0,277.1300048828125,-0.011474732507315233,-0.011474732507315233,0.0
VIS,2024-12-06,273.1000061035156,0.0,273.95001220703125,-0.003102778118780458,-0.003102778118780458,0.0
VIS,2024-12-09,270.760009765625,0.0,273.1000061035156,-0.008568276402760922,-0.008568276402760922,0.0
VIS,2024-12-10,269.6700134277344,0.0,270.760009765625,-0.004025691751282423,-0.004025691751282423,0.0
VIS,2024-12-11,269.7099914550781,0.0,269.6700134277344,0.00014824795250900635,0.00014824795250900635,0.0
VIS,2024-12-12,267.6099853515625,0.0,269.7099914550781,-0.007786163546208091,-0.007786163546208091,0.0
VIS,2024-12-13,266.7099914550781,0.0,267.6099853515625,-0.003363080399642171,-0.003363080399642171,0.0
VIS,2024-12-16,266.7799987792969,0.0,266.7099914550781,0.0002624848204479946,0.0002624848204479946,0.0
VIS,2024-12-17,263.79998779296875,0.0,266.7799987792969,-0.011170293874967152,-0.011170293874967152,0.0
VIS,2024-12-18,255.00999450683594,0.967,263.79998779296875,-0.03332067358938329,-0.029655017619911073,0.00366565596947224
VIS,2024-12-19,254.50999450683594,0.0,255.00999450683594,-0.001960707465473832,-0.001960707465473832,0.0
VIS,2024-12-20,257.0199890136719,0.0,254.50999450683594,0.009862066563238736,0.009862066563238736,0.0
VIS,2024-12-23,256.8999938964844,0.0,257.0199890136719,-0.0004668707583717069,-0.0004668707583717069,0.0
VIS,2024-12-24,258.92999267578125,0.0,256.8999938964844,0.007901902793017834,0.007901902793017834,0.0
VIS,2024-12-26,259.29998779296875,0.0,258.92999267578125,0.0014289388161021765,0.0014289388161021765,0.0
VIS,2024-12-27,257.3299865722656,0.0,259.29998779296875,-0.0075973826203031836,-0.0075973826203031836,0.0
VIS,2024-12-30,254.8300018310547,0.0,257.3299865722656,-0.009715092961033012,-0.009715092961033012,0.0
VNQ,2024-09-04,95.3499984741211,0.0,95.08000183105469,0.002839678564017678,0.002839678564017678,0.0
VNQ,2024-09-05,95.04000091552734,0.0,95.3499984741211,-0.0032511543110080865,-0.0032511543110080865,0.0
VNQ,2024-09-06,94.94999694824219,0.0,95.04000091552734,-0.0009470114311672662,-0.0009470114311672662,0.0
VNQ,2024-09-09,96.01000213623047,0.0,94.94999694824219,0.011163825403449845,0.011163825403449845,0.0
VNQ,2024-09-10,97.4000015258789,0.0,96.01000213623047,0.014477651897935928,0.014477651897935928,0.0
VNQ,2024-09-11,97.20999908447266,0.0,97.4000015258789,-0.0019507437210436462,-0.0019507437210436462,0.0
VNQ,2024-09-12,97.62000274658203,0.0,97.20999908447266,0.004217710790770601,0.004217710790770601,0.0
VNQ,2024-09-13,98.63999938964844,0.0,97.62000274658203,0.010448643867735585,0.010448643867735585,0.0
VNQ,2024-09-16,98.97000122070312,0.0,98.63999938964844,0.0033455173671597116,0.0033455173671597116,0.0
VNQ,2024-09-17,98.27999877929688,0.0,98.97000122070312,-0.006971834221437878,-0.006971834221437878,0.0
VNQ,2024-09-18,98.16000366210938,0.0,98.27999877929688,-0.0012209515534994386,-0.0012209515534994386,0.0
VNQ,2024-09-19,98.18000030517578,0.0,98.16000366210938,0.00020371477506508917,0.00020371477506508917,0.0
VNQ,2024-09-20,97.79000091552734,0.0,98.18000030517578,-0.00397228955424922,-0.00397228955424922,0.0
VNQ,2024-09-23,98.76000213623047,0.0,97.79000091552734,0.009919227033661882,0.009919227033661882,0.0
VNQ,2024-09-24,98.9000015258789,0.0,98.76000213623047,0.0014175717559758994,0.0014175717559758994,0.0
VNQ,2024-09-25,98.23999786376953,0.0,98.9000015258789,-0.006673444407750306,-0.006673444407750306,0.0
VNQ,2024-09-26,97.3499984741211,0.0,98.23999786376953,-0.009059440238207372,-0.009059440238207372,0.0
VNQ,2024-09-27,96.66000366210938,0.813,97.3499984741211,-0.00708777424578122,0.0012635355923604763,0.008351309838141628
VNQ,2024-09-30,97.41999816894531,0.0,96.66000366210938,0.007862554086927487,0.007862554086927487,0.0
VNQ,2024-10-01,96.79000091552734,0.0,97.41999816894531,-0.006466816518775009,-0.006466816518775009,0.0
VNQ,2024-10-02,96.44999694824219,0.0,96.79000091552734,-0.0035128005379594374,-0.0035128005379594374,0.0
VNQ,2024-10-03,95.56999969482422,0.0,96.44999694824219,-0.009123870204891804,-0.009123870204891804,0.0
VNQ,2024-10-04,95.11000061035156,0.0,95.56999969482422,-0.0048132163434292385,-0.0048132163434292385,0.0
VNQ,2024-10-07,94.2699966430664,0.0,95.11000061035156,-0.008831920533009963,-0.008831920533009963,0.0
VNQ,2024-10-08,94.45999908447266,0.0,94.2699966430664,0.002015513399514113,0.002015513399514113,0.0
VNQ,2024-10-09,94.55999755859375,0.0,94.45999908447266,0.001058633020223354,0.001058633020223354,0.0
VNQ,2024-10-10,93.72000122070312,0.0,94.55999755859375,-0.008883210232425442,-0.008883210232425442,0.0
VNQ,2024-10-11,94.77999877929688,0.0,93.72000122070312,0.011310259760854535,0.011310259760854535,0.0
VNQ,2024-10-14,95.3499984741211,0.0,94.77999877929688,0.006013923846438507,0.006013923846438507,0.0
VNQ,2024-10-15,96.5,0.0,95.3499984741211,0.01206084472241531,0.01206084472241531,0.0
VNQ,2024-10-16,97.55999755859375,0.0,96.5,0.010984430659002564,0.010984430659002564,0.0
VNQ,2024-10-17,96.79000091552734,0.0,97.55999755859375,-0.007892544714384164,-0.007892544714384164,0.0
VNQ,2024-10-18,97.51000213623047,0.0,96.79000091552734,0.007438797539959685,0.007438797539959685,0.0
VNQ,2024-10-21,95.5999984741211,0.0,97.51000213623047,-0.01958777171844306,-0.01958777171844306,0.0
VNQ,2024-10-22,95.73999786376953,0.0,95.5999984741211,0.0014644287853868843,0.0014644287853868843,0.0
VNQ,2024-10-23,96.44000244140625,0.0,95.73999786376953,0.007311516537035656,0.007311516537035656,0.0
VNQ,2024-10-24,96.6500015258789,0.0,96.44000244140625,0.00217751015301193,0.00217751015301193,0.0
VNQ,2024-10-25,95.73999786376953,0.0,96.6500015258789,-0.00941545419288703,-0.00941545419288703,0.0
VNQ,2024-10-28,96.04000091552734,0.0,95.73999786376953,0.003133518471398977,0.003133518471398977,0.0
VNQ,2024-10-29,95.3499984741211,0.0,96.04000091552734,-0.007184531807878147,-0.007184531807878147,0.0
VNQ,2024-10-30,95.7699966430664,0.0,95.3499984741211,0.00440480519839026,0.00440480519839026,0.0
VNQ,2024-10-31,94.1500015258789,0.0,95.7699966430664,-0.01691547639105806,-0.01691547639105806,0.0
VNQ,2024-11-01,93.11000061035156,0.0,94.1500015258789,-0.011046212412874734,-0.011046212412874734,0.0
VNQ,2024-11-04,94.12999725341797,0.0,93.11000061035156,0.010954748538074988,0.010954748538074988,0.0
VNQ,2024-11-05,95.37999725341797,0.0,94.12999725341797,0.01327950745217521,0.01327950745217521,0.0
VNQ,2024-11-06,93.3499984741211,0.0,95.37999725341797,-0.021283275715591743,-0.021283275715591743,0.0
VNQ,2024-11-07,94.47000122070312,0.0,93.3499984741211,0.011997887143967434,0.011997887143967434,0.0
VNQ,2024-11-08,95.87999725341797,0.0,94.47000122070312,0.01492533094628401,0.01492533094628401,0.0
VNQ,2024-11-11,95.4000015258789,0.0,95.87999725341797,-0.0050062134051839235,-0.0050062134051839235,0.0
VNQ,2024-11-12,94.08000183105469,0.0,95.4000015258789,-0.013836474567205825,-0.013836474567205825,0.0
VNQ,2024-11-13,94.5999984741211,0.0,94.08000183105469,0.0055271750950876,0.0055271750950876,0.0
VNQ,2024-11-14,93.75,0.0,94.5999984741211,-0.008985184860797024,-0.008985184860797024,0.0
VNQ,2024-11-15,93.80000305175781,0.0,93.75,0.0005333658854167478,0.0005333658854167478,0.0
VNQ,2024-11-18,94.4800033569336,0.0,93.80000305175781,0.007249469968573008,0.007249469968573008,0.0
VNQ,2024-11-19,94.94000244140625,0.0,94.4800033569336,0.004868745428964871,0.004868745428964871,0.0
VNQ,2024-11-20,94.81999969482422,0.0,94.94000244140625,-0.0012639850800097996,-0.0012639850800097996,0.0
VNQ,2024-11-21,95.5199966430664,0.0,94.81999969482422,0.007382376613532138,0.007382376613532138,0.0
VNQ,2024-11-22,96.23999786376953,0.0,95.5199966430664,0.007537701486669768,0.007537701486669768,0.0
VNQ,2024-11-25,97.58000183105469,0.0,96.23999786376953,0.013923566053918313,0.013923566053918313,0.0
VNQ,2024-11-26,97.97000122070312,0.0,97.58000183105469,0.0039967143095944735,0.0039967143095944735,0.0
VNQ,2024-11-27,98.5999984741211,0.0,97.97000122070312,0.00643051184615917,0.00643051184615917,0.0
VNQ,2024-11-29,98.16000366210938,0.0,98.5999984741211,-0.0044624220975744144,-0.0044624220975744144,0.0
VNQ,2024-12-02,96.7300033569336,0.0,98.16000366210938,-0.014568054725203505,-0.014568054725203505,0.0
VNQ,2024-12-03,96.23999786376953,0.0,96.7300033569336,-0.005065703258129162,-0.005065703258129162,0.0
VNQ,2024-12-04,95.9800033569336,0.0,96.23999786376953,-0.0027015223670719957,-0.0027015223670719957,0.0
VNQ,2024-12-05,95.75,0.0,95.9800033569336,-0.0023963674608162844,-0.0023963674608162844,0.0
VNQ,2024-12-06,95.61000061035156,0.0,95.75,-0.0014621346177382533,-0.0014621346177382533,0.0
VNQ,2024-12-09,95.87999725341797,0.0,95.61000061035156,0.0028239372591027934,0.0028239372591027934,0.0
VNQ,2024-12-10,94.48999786376953,0.0,95.87999725341797,-0.014497282326516592,-0.014497282326516592,0.0
VNQ,2024-12-11,94.2699966430664,0.0,94.48999786376953,-0.002328301679298539,-0.002328301679298539,0.0
VNQ,2024-12-12,94.12000274658203,0.0,94.2699966430664,-0.001591109598235163,-0.001591109598235163,0.0
VNQ,2024-12-13,93.8499984741211,0.0,94.12000274658203,-0.0028687235930913157,-0.0028687235930913157,0.0
VNQ,2024-12-16,93.5199966430664,0.0,93.8499984741211,-0.003516268901652464,-0.003516268901652464,0.0
VNQ,2024-12-17,93.06999969482422,0.0,93.5199966430664,-0.004811772502084977,-0.004811772502084977,0.0
VNQ,2024-12-18,89.2300033569336,0.0,93.06999969482422,-0.041259228005608106,-0.041259228005608106,0.0
VNQ,2024-12-19,87.8499984741211,0.0,89.2300033569336,-0.01546570470576214,-0.01546570470576214,0.0
VNQ,2024-12-20,89.33000183105469,0.0,87.8499984741211,0.016846936626522258,0.016846936626522258,0.0
VNQ,2024-12-23,88.81999969482422,0.856,89.33000183105469,-0.005709192049441647,0.00387325486037593,0.009582446909817705
VNQ,2024-12-24,89.41000366210938,0.0,88.81999969482422,0.006642692741638756,0.006642692741638756,0.0
VNQ,2024-12-26,89.6500015258789,0.0,89.41000366210938,0.0026842395027351085,0.0026842395027351085,0.0
VNQ,2024-12-27,88.75,0.0,89.6500015258789,-0.010039057563419052,-0.010039057563419052,0.0
VNQ,2024-12-30,88.30999755859375,0.0,88.75,-0.004957773987676051,-0.004957773987676051,0.0
VOX,2024-09-04,136.25,0.0,136.47000122070312,-0.0016120848445464464,-0.0016120848445464464,0.0
VOX,2024-09-05,137.0500030517578,0.0,136.25,0.005871582031250044,0.005871582031250044,0.0
VOX,2024-09-06,133.77000427246094,0.0,137.0500030517578,-0.02393286177496956,-0.02393286177496956,0.0
VOX,2024-09-09,134.14999389648438,0.0,133.77000427246094,0.0028406190617253912,0.0028406190617253912,0.0
VOX,2024-09-10,134.2899932861328,0.0,134.14999389648438,0.001043603399314863,0.001043603399314863,0.0
VOX,2024-09-11,135.08999633789062,0.0,134.2899932861328,0.00595727970626414,0.00595727970626414,0.0
VOX,2024-09-12,137.52000427246094,0.0,135.08999633789062,0.0179880672177406,0.0179880672177406,0.0
VOX,2024-09-13,139.0,0.0,137.52000427246094,0.010762039569216508,0.010762039569216508,0.0
VOX,2024-09-16,140.27999877929688,0.0,139.0,0.00920862431148839,0.00920862431148839,0.0
VOX,2024-09-17,140.80999755859375,0.0,140.27999877929688,0.003778149300747602,0.003778149300747602,0.0
VOX,2024-09-18,140.75,0.0,140.80999755859375,-0.0004260887695050064,-0.0004260887695050064,0.0
VOX,2024-09-19,143.02000427246094,0.0,140.75,0.016127916678230436,0.016127916678230436,0.0
VOX,2024-09-20,143.05999755859375,0.0,143.02000427246094,0.0002796342115654049,0.0002796342115654049,0.0
VOX,2024-09-23,143.13999938964844,0.0,143.05999755859375,0.0005592187363341328,0.0005592187363341328,0.0
VOX,2024-09-24,144.3000030517578,0.0,143.13999938964844,0.008103979789406468,0.008103979789406468,0.0
VOX,2024-09-25,143.97000122070312,0.0,144.3000030517578,-0.0022869149277586764,-0.0022869149277586764,0.0
VOX,2024-09-26,144.47000122070312,0.0,143.97000122070312,0.003472945723140608,0.003472945723140608,0.0
VOX,2024-09-27,144.91000366210938,0.526,144.47000122070312,0.003045631879895039,0.006686526152446914,0.0036408942725517338
VOX,2024-09-30,145.38999938964844,0.0,144.91000366210938,0.003312371233239908,0.003312371233239908,0.0
VOX,2024-10-01,145.47999572753906,0.0,145.38999938964844,0.000618999506626583,0.000618999506626583,0.0
VOX,2024-10-02,145.19000244140625,0.0,145.47999572753906,-0.001993355063578117,-0.001993355063578117,0.0
VOX,2024-10-03,145.19000244140625,0.0,145.19000244140625,0.0,0.0,0.0
VOX,2024-10-04,146.5500030517578,0.0,145.19000244140625,0.009367040343569277,0.009367040343569277,0.0
VOX,2024-10-07,144.30999755859375,0.0,146.5500030517578,-0.015284922869451933,-0.015284922869451933,0.0
VOX,2024-10-08,145.60000610351562,0.0,144.30999755859375,0.008939148823684961,0.008939148823684961,0.0
VOX,2024-10-09,145.6999969482422,0.0,145.60000610351562,0.0006867502783995949,0.0006867502783995949,0.0
VOX,2024-10-10,144.77000427246094,0.0,145.6999969482422,-0.006382928587923109,-0.006382928587923109,0.0
VOX,2024-10-11,145.8699951171875,0.0,144.77000427246094,0.0075981958435005215,0.0075981958435005215,0.0
VOX,2024-10-14,146.63999938964844,0.0,145.8699951171875,0.005278702257049739,0.005278702257049739,0.0
VOX,2024-10-15,146.88999938964844,0.0,146.63999938964844,0.001704855435355812,0.001704855435355812,0.0
VOX,2024-10-16,146.5800018310547,0.0,146.88999938964844,-0.0021104061534606977,-0.0021104061534606977,0.0
VOX,2024-10-17,146.1300048828125,0.0,146.5800018310547,-0.003069975048580309,-0.003069975048580309,0.0
VOX,2024-10-18,147.19000244140625,0.0,146.1300048828125,0.007253798146683144,0.007253798146683144,0.0
VOX,2024-10-21,146.49000549316406,0.0,147.19000244140625,-0.0047557370516441155,-0.0047557370516441155,0.0
VOX,2024-10-22,146.42999267578125,0.0,146.49000549316406,-0.00040967175324202465,-0.00040967175324202465,0.0
VOX,2024-10-23,145.24000549316406,0.0,146.42999267578125,-0.008126662856918987,-0.008126662856918987,0.0
VOX,2024-10-24,145.47999572753906,0.0,145.24000549316406,0.0016523700447415024,0.0016523700447415024,0.0
VOX,2024-10-25,146.2899932861328,0.0,145.47999572753906,0.005567759021046115,0.005567759021046115,0.0
VOX,2024-10-28,147.35000610351562,0.0,146.2899932861328,0.0072459694171254085,0.0072459694171254085,0.0
VOX,2024-10-29,148.8699951171875,0.0,147.35000610351562,0.010315500174489678,0.010315500174489678,0.0
VOX,2024-10-30,150.0500030517578,0.0,148.8699951171875,0.007926432278320572,0.007926432278320572,0.0
VOX,2024-10-31,148.32000732421875,0.0,150.0500030517578,-0.011529461461872281,-0.011529461461872281,0.0
VOX,2024-11-01,148.6300048828125,0.0,148.32000732421875,0.0020900589487977683,0.0020900589487977683,0.0
VOX,2024-11-04,147.6999969482422,0.0,148.6300048828125,-0.006257201803253509,-0.006257201803253509,0.0
VOX,2024-11-05,149.39999389648438,0.0,147.6999969482422,0.011509796772967595,0.011509796772967595,0.0
VOX,2024-11-06,153.1699981689453,0.0,149.39999389648438,0.02523430004336591,0.02523430004336591,0.0
VOX,2024-11-07,155.2899932861328,0.0,153.1699981689453,0.013840798736898696,0.013840798736898696,0.0
VOX,2024-11-08,154.14999389648438,0.0,155.2899932861328,-0.007341100128376632,-0.007341100128376632,0.0
VOX,2024-11-11,155.19000244140625,0.0,154.14999389648438,0.006746731015897955,0.006746731015897955,0.0
VOX,2024-11-12,155.47000122070312,0.0,155.19000244140625,0.0018042320696696201,0.0018042320696696201,0.0
VOX,2024-11-13,154.69000244140625,0.0,155.47000122070312,-0.005017037197996843,-0.005017037197996843,0.0
VOX,2024-11-14,153.9199981689453,0.0,154.69000244140625,-0.004977724871085942,-0.004977724871085942,0.0
VOX,2024-11-15,150.83999633789062,0.0,153.9199981689453,-0.020010407144587017,-0.020010407144587017,0.0
VOX,2024-11-18,152.00999450683594,0.0,150.83999633789062,0.0077565512950852344,0.0077565512950852344,0.0
VOX,2024-11-19,152.97000122070312,0.0,152.00999450683594,0.006315418384045923,0.006315418384045923,0.0
VOX,2024-11-20,153.9199981689453,0.0,152.97000122070312,0.006210348046422176,0.006210348046422176,0.0
VOX,2024-11-21,153.1199951171875,0.0,153.9199981689453,-0.005197525086244603,-0.005197525086244603,0.0
VOX,2024-11-22,153.02999877929688,0.0,153.1199951171875,-0.0005877503968162445,-0.0005877503968162445,0.0
VOX,2024-11-25,153.97999572753906,0.0,153.02999877929688,0.006207913192316505,0.006207913192316505,0.0
VOX,2024-11-26,154.5800018310547,0.0,153.97999572753906,0.0038966496958299235,0.0038966496958299235,0.0
VOX,2024-11-27,154.94000244140625,0.0,154.5800018310547,0.002328895109892759,0.002328895109892759,0.0
VOX,2024-11-29,155.52999877929688,0.0,154.94000244140625,0.003807901952975312,0.003807901952975312,0.0
VOX,2024-12-02,157.32000732421875,0.0,155.52999877929688,0.011509088657950528,0.011509088657950528,0.0
VOX,2024-12-03,159.10000610351562,0.0,157.32000732421875,0.011314509893382452,0.011314509893382452,0.0
VOX,2024-12-04,159.5399932861328,0.0,159.10000610351562,0.0027654755860342384,0.0027654755860342384,0.0
VOX,2024-12-05,159.1199951171875,0.0,159.5399932861328,-0.00263255726852174,-0.00263255726852174,0.0
VOX,2024-12-06,161.16000366210938,0.0,159.1199951171875,0.012820566915047182,0.012820566915047182,0.0
VOX,2024-12-09,158.47999572753906,0.0,161.16000366210938,-0.016629485440998515,-0.016629485440998515,0.0
VOX,2024-12-10,160.57000732421875,0.0,158.47999572753906,0.013187857477437559,0.013187857477437559,0.0
VOX,2024-12-11,163.57000732421875,0.0,160.57000732421875,0.01868343939190642,0.01868343939190642,0.0
VOX,2024-12-12,163.1199951171875,0.0,163.57000732421875,-0.0027511902358680063,-0.0027511902358680063,0.0
VOX,2024-12-13,161.33999633789062,0.0,163.1199951171875,-0.010912204711740592,-0.010912204711740592,0.0
VOX,2024-12-16,162.3300018310547,0.0,161.33999633789062,0.006136144264505372,0.006136144264505372,0.0
VOX,2024-12-17,161.25,0.0,162.3300018310547,-0.0066531252317652,-0.0066531252317652,0.0
VOX,2024-12-18,156.1699981689453,0.46,161.25,-0.03150388732437015,-0.028651174146075542,0.0028527131782945738
VOX,2024-12-19,155.72000122070312,0.0,156.1699981689453,-0.002881455807890676,-0.002881455807890676,0.0
VOX,2024-12-20,156.3000030517578,0.0,155.72000122070312,0.0037246456878243794,0.0037246456878243794,0.0
VOX,2024-12-23,157.75,0.0,156.3000030517578,0.009277011643832322,0.009277011643832322,0.0
VOX,2024-12-24,159.27999877929688,0.0,157.75,0.00969888291154919,0.00969888291154919,0.0
VOX,2024-12-26,159.0800018310547,0.0,159.27999877929688,-0.001255631276839142,-0.001255631276839142,0.0
VOX,2024-12-27,157.2899932861328,0.0,159.0800018310547,-0.011252253735971718,-0.011252253735971718,0.0
VOX,2024-12-30,155.8699951171875,0.0,157.2899932861328,-0.009027898973599235,-0.009027898973599235,0.0
VPU,2024-09-04,166.0500030517578,0.0,164.75,0.007890762074402424,0.007890762074402424,0.0
VPU,2024-09-05,165.60000610351562,0.0,166.0500030517578,-0.0027100086719175076,-0.0027100086719175076,0.0
VPU,2024-09-06,164.17999267578125,0.0,165.60000610351562,-0.008574959996358489,-0.008574959996358489,0.0
VPU,2024-09-09,165.5500030517578,0.0,164.17999267578125,0.008344563510135128,0.008344563510135128,0.0
VPU,2024-09-10,166.44000244140625,0.0,165.5500030517578,0.005376015543594903,0.005376015543594903,0.0
VPU,2024-09-11,166.8300018310547,0.0,166.44000244140625,0.0023431830324909253,0.0023431830324909253,0.0
VPU,2024-09-12,167.14999389648438,0.0,166.8300018310547,0.001918072660298531,0.001918072660298531,0.0
VPU,2024-09-13,169.6300048828125,0.0,167.14999389648438,0.014837039048077871,0.014837039048077871,0.0
VPU,2024-09-16,171.02000427246094,0.0,169.6300048828125,0.008194301418600558,0.008194301418600558,0.0
VPU,2024-09-17,170.9199981689453,0.0,171.02000427246094,-0.0005847626068135048,-0.0005847626068135048,0.0
VPU,2024-09-18,169.58999633789062,0.0,170.9199981689453,-0.0077814290036444245,-0.0077814290036444245,0.0
VPU,2024-09-19,168.72999572753906,0.0,169.58999633789062,-0.005071057426277115,-0.005071057426277115,0.0
VPU,2024-09-20,172.83999633789062,0.0,168.72999572753906,0.024358446716186144,0.024358446716186144,0.0
VPU,2024-09-23,174.5399932861328,0.0,172.83999633789062,0.009835668735602265,0.009835668735602265,0.0
VPU,2024-09-24,173.14999389648438,0.0,174.5399932861328,-0.007963787344541395,-0.007963787344541395,0.0
VPU,2024-09-25,174.02999877929688,0.0,173.14999389648438,0.005082326964092276,0.005082326964092276,0.0
VPU,2024-09-26,172.91000366210938,0.0,174.02999877929688,-0.0064356439984112335,-0.0064356439984112335,0.0
VPU,2024-09-27,173.3300018310547,1.312,172.91000366210938,0.00242899867011781,0.010016760929170365,0.0075877622590525984
VPU,2024-09-30,174.0500030517578,0.0,173.3300018310547,0.004153933035810464,0.004153933035810464,0.0
VPU,2024-10-01,175.3300018310547,0.0,174.0500030517578,0.007354201418291462,0.007354201418291462,0.0
VPU,2024-10-02,175.27000427246094,0.0,175.3300018310547,-0.000342197900913499,-0.000342197900913499,0.0
VPU,2024-10-03,175.13999938964844,0.0,175.27000427246094,-0.0007417406267098414,-0.0007417406267098414,0.0
VPU,2024-10-04,174.8800048828125,0.0,175.13999938964844,-0.0014844953051387222,-0.0014844953051387222,0.0
VPU,2024-10-07,171.00999450683594,0.0,174.8800048828125,-0.022129518915383506,-0.022129518915383506,0.0
VPU,2024-10-08,171.05999755859375,0.0,171.00999450683594,0.00029239841742589867,0.00029239841742589867,0.0
VPU,2024-10-09,169.6699981689453,0.0,171.05999755859375,-0.008125800359445878,-0.008125800359445878,0.0
VPU,2024-10-10,169.14999389648438,0.0,169.6699981689453,-0.003064798008326486,-0.003064798008326486,0.0
VPU,2024-10-11,170.7100067138672,0.0,169.14999389648438,0.009222659613795203,0.009222659613795203,0.0
VPU,2024-10-14,172.8300018310547,0.0,170.7100067138672,0.012418692717532931,0.012418692717532931,0.0
VPU,2024-10-15,173.72000122070312,0.0,172.8300018310547,0.005149565354506169,0.005149565354506169,0.0
VPU,2024-10-16,177.0800018310547,0.0,173.72000122070312,0.019341472408135996,0.019341472408135996,0.0
VPU,2024-10-17,175.4600067138672,0.0,177.0800018310547,-0.009148379830790088,-0.009148379830790088,0.0
VPU,2024-10-18,176.30999755859375,0.0,175.4600067138672,0.004844356618045165,0.004844356618045165,0.0
VPU,2024-10-21,175.6300048828125,0.0,176.30999755859375,-0.0038568015722152404,-0.0038568015722152404,0.0
VPU,2024-10-22,175.0800018310547,0.0,175.6300048828125,-0.0031316007314626804,-0.0031316007314626804,0.0
VPU,2024-10-23,176.57000732421875,0.0,175.0800018310547,0.008510426534047433,0.008510426534047433,0.0
VPU,2024-10-24,175.41000366210938,0.0,176.57000732421875,-0.006569652908148593,-0.006569652908148593,0.0
VPU,2024-10-25,172.9499969482422,0.0,175.41000366210938,-0.014024323941101313,-0.014024323941101313,0.0
VPU,2024-10-28,174.25,0.0,172.9499969482422,0.007516641079484021,0.007516641079484021,0.0
VPU,2024-10-29,170.77999877929688,0.0,174.25,-0.01991392379169654,-0.01991392379169654,0.0
VPU,2024-10-30,170.38999938964844,0.0,170.77999877929688,-0.0022836362128825227,-0.0022836362128825227,0.0
VPU,2024-10-31,171.97999572753906,0.0,170.38999938964844,0.009331512081613536,0.009331512081613536,0.0
VPU,2024-11-01,168.17999267578125,0.0,171.97999572753906,-0.02209561080451472,-0.02209561080451472,0.0
VPU,2024-11-04,166.5,0.0,168.17999267578125,-0.009989254066742337,-0.009989254066742337,0.0
VPU,2024-11-05,169.0500030517578,0.0,166.5,0.015315333644191131,0.015315333644191131,0.0
VPU,2024-11-06,167.75999450683594,0.0,169.0500030517578,-0.007630928847288554,-0.007630928847288554,0.0
VPU,2024-11-07,167.69000244140625,0.0,167.75999450683594,-0.00041721547282735916,-0.00041721547282735916,0.0
VPU,2024-11-08,170.8000030517578,0.0,167.69000244140625,0.01854613015130857,0.01854613015130857,0.0
VPU,2024-11-11,171.5800018310547,0.0,170.8000030517578,0.0045667375021094525,0.0045667375021094525,0.0
VPU,2024-11-12,169.67999267578125,0.0,171.5800018310547,-0.011073604936455705,-0.011073604936455705,0.0
VPU,2024-11-13,169.3300018310547,0.0,169.67999267578125,-0.002062652403547194,-0.002062652403547194,0.0
VPU,2024-11-14,168.67999267578125,0.0,169.3300018310547,-0.003838712267433708,-0.003838712267433708,0.0
VPU,2024-11-15,171.11000061035156,0.0,168.67999267578125,0.014406023476898122,0.014406023476898122,0.0
VPU,2024-11-18,172.58999633789062,0.0,171.11000061035156,0.008649381814387791,0.008649381814387791,0.0
VPU,2024-11-19,173.6199951171875,0.0,172.58999633789062,0.005967893859157192,0.005967893859157192,0.0
VPU,2024-11-20,173.77000427246094,0.0,173.6199951171875,0.0008640085214388638,0.0008640085214388638,0.0
VPU,2024-11-21,176.72999572753906,0.0,173.77000427246094,0.017033960881056576,0.017033960881056576,0.0
VPU,2024-11-22,176.0500030517578,0.0,176.72999572753906,-0.003847635897810897,-0.003847635897810897,0.0
VPU,2024-11-25,176.52999877929688,0.0,176.0500030517578,0.0027264738382193343,0.0027264738382193343,0.0
VPU,2024-11-26,178.9199981689453,0.0,176.52999877929688,0.013538771915114989,0.013538771915114989,0.0
VPU,2024-11-27,178.97999572753906,0.0,178.9199981689453,0.0003353317639602782,0.0003353317639602782,0.0
VPU,2024-11-29,179.11000061035156,0.0,178.97999572753906,0.0007263654370088801,0.0007263654370088801,0.0
VPU,2024-12-02,175.52999877929688,0.0,179.11000061035156,-0.01998772720035258,-0.01998772720035258,0.0
VPU,2024-12-03,174.16000366210938,0.0,175.52999877929688,-0.00780490586631899,-0.00780490586631899,0.0
VPU,2024-12-04,173.8000030517578,0.0,174.16000366210938,-0.0020670682291096254,-0.0020670682291096254,0.0
VPU,2024-12-05,174.24000549316406,0.0,173.8000030517578,0.002531659572383438,0.002531659572383438,0.0
VPU,2024-12-06,172.25,0.0,174.24000549316406,-0.011421059632841568,-0.011421059632841568,0.0
VPU,2024-12-09,170.17999267578125,0.0,172.25,-0.012017459066582026,-0.012017459066582026,0.0
VPU,2024-12-10,169.02999877929688,0.0,170.17999267578125,-0.0067575152543065675,-0.0067575152543065675,0.0
VPU,2024-12-11,168.07000732421875,0.0,169.02999877929688,-0.005679414672016825,-0.005679414672016825,0.0
VPU,2024-12-12,167.6999969482422,0.0,168.07000732421875,-0.002201525315952302,-0.002201525315952302,0.0
VPU,2024-12-13,167.75999450683594,0.0,167.6999969482422,0.0003577672014642985,0.0003577672014642985,0.0
VPU,2024-12-16,166.60000610351562,0.0,167.75999450683594,-0.006914571061654606,-0.006914571061654606,0.0
VPU,2024-12-17,165.8699951171875,0.0,166.60000610351562,-0.0043818184848957165,-0.0043818184848957165,0.0
VPU,2024-12-18,160.52000427246094,1.275,165.8699951171875,-0.03225412071029954,-0.024567377854250005,0.00768674285604946
VPU,2024-12-19,161.33999633789062,0.0,160.52000427246094,0.005108348141069419,0.005108348141069419,0.0
VPU,2024-12-20,163.58999633789062,0.0,161.33999633789062,0.013945705039486223,0.013945705039486223,0.0
VPU,2024-12-23,164.22000122070312,0.0,163.58999633789062,0.0038511210765677095,0.0038511210765677095,0.0
VPU,2024-12-24,165.02999877929688,0.0,164.22000122070312,0.004932392842362354,0.004932392842362354,0.0
VPU,2024-12-26,164.6699981689453,0.0,165.02999877929688,-0.002181425274280002,-0.002181425274280002,0.0
VPU,2024-12-27,164.22999572753906,0.0,164.6699981689453,-0.0026720255438080764,-0.0026720255438080764,0.0
VPU,2024-12-30,163.58999633789062,0.0,164.22999572753906,-0.003896970141253675,-0.003896970141253675,0.0
