contract_ticker,etf,mode,bar_freq,K_chosen,k_lag,direction,coef,t_stat,p_value,p_fdr,r_squared,n_obs,n_days,n_params,n_active,n_ylags,n_active_events,r2_daily_screen,contract_title
KXECKH276,VFH,event,10min,3,-3,etf_leads_kalshi,-0.001003673422884206,-0.32601074055858154,0.7444162289077968,0.9475511239540695,0.9908161298935085,12,1,11,7,3,21,0.8816564277734555,"Will Harris win 276-262 - PA, NV, MI, WI?"
KXECKH276,VFH,event,10min,3,-2,etf_leads_kalshi,0.00022768647681044684,0.06578233053282138,0.9475511239540695,0.9475511239540695,0.9908161298935085,12,1,11,7,3,21,0.8816564277734555,"Will Harris win 276-262 - PA, NV, MI, WI?"
KXECKH276,VFH,event,10min,3,-1,etf_leads_kalshi,0.002174487420331787,0.64487087192926,0.5190108692657548,0.9475511239540695,0.9908161298935085,12,1,11,7,3,21,0.8816564277734555,"Will Harris win 276-262 - PA, NV, MI, WI?"
KXECKH276,VFH,event,10min,3,0,contemp,0.0004177806491182506,0.10311250738012158,0.9178736784835322,0.9475511239540695,0.9908161298935085,12,1,11,7,3,21,0.8816564277734555,"Will Harris win 276-262 - PA, NV, MI, WI?"
KXECKH276,VFH,event,10min,3,1,kalshi_leads_etf,0.0016874493676247919,0.5456367169441019,0.5853156801372148,0.9475511239540695,0.9908161298935085,12,1,11,7,3,21,0.8816564277734555,"Will Harris win 276-262 - PA, NV, MI, WI?"
KXECKH276,VFH,event,10min,3,2,kalshi_leads_etf,0.0013798279619097577,0.6592874009871936,0.509711231316744,0.9475511239540695,0.9908161298935085,12,1,11,7,3,21,0.8816564277734555,"Will Harris win 276-262 - PA, NV, MI, WI?"
KXECKH276,VFH,event,10min,3,3,kalshi_leads_etf,-0.0008581456070774314,-0.3986550403378876,0.6901473999632747,0.9475511239540695,0.9908161298935085,12,1,11,7,3,21,0.8816564277734555,"Will Harris win 276-262 - PA, NV, MI, WI?"
KXECKH276,VIS,event,10min,3,-3,etf_leads_kalshi,0.00015877793981119534,0.5543445303074814,0.579343080331484,0.6759002603867313,0.5457631661530964,12,1,8,7,0,21,0.7648119234989674,"Will Harris win 276-262 - PA, NV, MI, WI?"
KXECKH276,VIS,event,10min,3,-2,etf_leads_kalshi,0.00025627539834598546,0.781301264575787,0.4346253265445241,0.6084754571623338,0.5457631661530964,12,1,8,7,0,21,0.7648119234989674,"Will Harris win 276-262 - PA, NV, MI, WI?"
KXECKH276,VIS,event,10min,3,-1,etf_leads_kalshi,0.0005185055770559606,0.968748296877149,0.3326707889448469,0.6084754571623338,0.5457631661530964,12,1,8,7,0,21,0.7648119234989674,"Will Harris win 276-262 - PA, NV, MI, WI?"
KXECKH276,VIS,event,10min,3,0,contemp,0.0005939236097937181,0.9486110509466944,0.34281846838585583,0.6084754571623338,0.5457631661530964,12,1,8,7,0,21,0.7648119234989674,"Will Harris win 276-262 - PA, NV, MI, WI?"
KXECKH276,VIS,event,10min,3,1,kalshi_leads_etf,0.00045472188856884665,0.8366652169663394,0.40278077588168104,0.6084754571623338,0.5457631661530964,12,1,8,7,0,21,0.7648119234989674,"Will Harris win 276-262 - PA, NV, MI, WI?"
KXECKH276,VIS,event,10min,3,2,kalshi_leads_etf,0.0005620686776427475,0.8818626192737112,0.3778511037310903,0.6084754571623338,0.5457631661530964,12,1,8,7,0,21,0.7648119234989674,"Will Harris win 276-262 - PA, NV, MI, WI?"
KXECKH276,VIS,event,10min,3,3,kalshi_leads_etf,0.00020235938042468851,0.36641125717683637,0.71405822094299,0.71405822094299,0.5457631661530964,12,1,8,7,0,21,0.7648119234989674,"Will Harris win 276-262 - PA, NV, MI, WI?"
KXECKH276,VCR,event,10min,3,-3,etf_leads_kalshi,0.0029514186657256056,0.16831835809598442,0.8663328322279897,0.9797278009224694,0.9731860725658719,12,1,11,7,3,21,0.651769043544155,"Will Harris win 276-262 - PA, NV, MI, WI?"
KXECKH276,VCR,event,10min,3,-2,etf_leads_kalshi,0.0024271456459798667,0.20965827207328527,0.8339343956956794,0.9797278009224694,0.9731860725658719,12,1,11,7,3,21,0.651769043544155,"Will Harris win 276-262 - PA, NV, MI, WI?"
KXECKH276,VCR,event,10min,3,-1,etf_leads_kalshi,0.00336719717105453,0.20468206440981185,0.8378205342619575,0.9797278009224694,0.9731860725658719,12,1,11,7,3,21,0.651769043544155,"Will Harris win 276-262 - PA, NV, MI, WI?"
KXECKH276,VCR,event,10min,3,0,contemp,0.0002845220477476362,0.027709607409759435,0.9778937610420703,0.9797278009224694,0.9731860725658719,12,1,11,7,3,21,0.651769043544155,"Will Harris win 276-262 - PA, NV, MI, WI?"
KXECKH276,VCR,event,10min,3,1,kalshi_leads_etf,0.00022968460336351786,0.025410167892132497,0.9797278009224694,0.9797278009224694,0.9731860725658719,12,1,11,7,3,21,0.651769043544155,"Will Harris win 276-262 - PA, NV, MI, WI?"
KXECKH276,VCR,event,10min,3,2,kalshi_leads_etf,0.0008441967730416228,0.17134365858840303,0.8639535534336058,0.9797278009224694,0.9731860725658719,12,1,11,7,3,21,0.651769043544155,"Will Harris win 276-262 - PA, NV, MI, WI?"
KXECKH276,VCR,event,10min,3,3,kalshi_leads_etf,-0.003658948547129977,-0.12572155284719838,0.8999523405295204,0.9797278009224694,0.9731860725658719,12,1,11,7,3,21,0.651769043544155,"Will Harris win 276-262 - PA, NV, MI, WI?"
FEDDECISION-24SEP-C25,VDC,event,2min,8,-8,etf_leads_kalshi,4.3042889110793194e-05,0.7828578800196099,0.43371057404585234,0.7185411927960963,0.16051835746591114,316,8,25,205,0,468,0.6325467130894744,Will the Federal Reserve Cut rates by 25bps at their September 2024 meeting?
FEDDECISION-24SEP-C25,VDC,event,2min,8,-7,etf_leads_kalshi,-9.917302435325285e-06,-0.3909725992510675,0.6958174896868354,0.7685846179820641,0.16051835746591114,316,8,25,205,0,468,0.6325467130894744,Will the Federal Reserve Cut rates by 25bps at their September 2024 meeting?
FEDDECISION-24SEP-C25,VDC,event,2min,8,-6,etf_leads_kalshi,3.6957602568475374e-05,0.7307392787328868,0.4649384188680623,0.7185411927960963,0.16051835746591114,316,8,25,205,0,468,0.6325467130894744,Will the Federal Reserve Cut rates by 25bps at their September 2024 meeting?
FEDDECISION-24SEP-C25,VDC,event,2min,8,-5,etf_leads_kalshi,-1.888918863147373e-05,-0.29422678049877865,0.7685846179820641,0.7685846179820641,0.16051835746591114,316,8,25,205,0,468,0.6325467130894744,Will the Federal Reserve Cut rates by 25bps at their September 2024 meeting?
FEDDECISION-24SEP-C25,VDC,event,2min,8,-4,etf_leads_kalshi,3.826274688320353e-05,0.9545433800536436,0.3398086618198197,0.7049708220977224,0.16051835746591114,316,8,25,205,0,468,0.6325467130894744,Will the Federal Reserve Cut rates by 25bps at their September 2024 meeting?
FEDDECISION-24SEP-C25,VDC,event,2min,8,-3,etf_leads_kalshi,8.997512769568418e-05,1.2502808260549318,0.21119698009415944,0.6095605895549222,0.16051835746591114,316,8,25,205,0,468,0.6325467130894744,Will the Federal Reserve Cut rates by 25bps at their September 2024 meeting?
FEDDECISION-24SEP-C25,VDC,event,2min,8,-2,etf_leads_kalshi,0.00011652170830208436,2.173863818457108,0.029715364003639364,0.5051611880618692,0.16051835746591114,316,8,25,205,0,468,0.6325467130894744,Will the Federal Reserve Cut rates by 25bps at their September 2024 meeting?
FEDDECISION-24SEP-C25,VDC,event,2min,8,-1,etf_leads_kalshi,-4.8046266564066285e-05,-1.2176318330791376,0.2233639118371289,0.6095605895549222,0.16051835746591114,316,8,25,205,0,468,0.6325467130894744,Will the Federal Reserve Cut rates by 25bps at their September 2024 meeting?
FEDDECISION-24SEP-C25,VDC,event,2min,8,0,contemp,-1.573920766333658e-05,-0.3014903781490492,0.763040586016663,0.7685846179820641,0.16051835746591114,316,8,25,205,0,468,0.6325467130894744,Will the Federal Reserve Cut rates by 25bps at their September 2024 meeting?
FEDDECISION-24SEP-C25,VDC,event,2min,8,1,kalshi_leads_etf,1.5117438536396342e-05,1.2796698060896623,0.20066128795203664,0.6095605895549222,0.16051835746591114,316,8,25,205,0,468,0.6325467130894744,Will the Federal Reserve Cut rates by 25bps at their September 2024 meeting?
FEDDECISION-24SEP-C25,VDC,event,2min,8,2,kalshi_leads_etf,-7.943939079513829e-06,-0.5692375910184646,0.5691949132627999,0.7685846179820641,0.16051835746591114,316,8,25,205,0,468,0.6325467130894744,Will the Federal Reserve Cut rates by 25bps at their September 2024 meeting?
FEDDECISION-24SEP-C25,VDC,event,2min,8,3,kalshi_leads_etf,-2.3164769068304992e-05,-1.632561400354364,0.10256127499357397,0.6095605895549222,0.16051835746591114,316,8,25,205,0,468,0.6325467130894744,Will the Federal Reserve Cut rates by 25bps at their September 2024 meeting?
FEDDECISION-24SEP-C25,VDC,event,2min,8,4,kalshi_leads_etf,7.770105292174277e-06,0.40415466402144606,0.6860989894783645,0.7685846179820641,0.16051835746591114,316,8,25,205,0,468,0.6325467130894744,Will the Federal Reserve Cut rates by 25bps at their September 2024 meeting?
FEDDECISION-24SEP-C25,VDC,event,2min,8,5,kalshi_leads_etf,3.5968160557256616e-05,1.2396067723930835,0.21512087449966022,0.6095605895549222,0.16051835746591114,316,8,25,205,0,468,0.6325467130894744,Will the Federal Reserve Cut rates by 25bps at their September 2024 meeting?
FEDDECISION-24SEP-C25,VDC,event,2min,8,6,kalshi_leads_etf,1.3924136915895445e-05,1.147934663959314,0.2509955368755562,0.6095605895549222,0.16051835746591114,316,8,25,205,0,468,0.6325467130894744,Will the Federal Reserve Cut rates by 25bps at their September 2024 meeting?
FEDDECISION-24SEP-C25,VDC,event,2min,8,7,kalshi_leads_etf,-2.5854947179760416e-05,-0.8904583053740673,0.3732198469929119,0.7049708220977224,0.16051835746591114,316,8,25,205,0,468,0.6325467130894744,Will the Federal Reserve Cut rates by 25bps at their September 2024 meeting?
FEDDECISION-24SEP-C25,VDC,event,2min,8,8,kalshi_leads_etf,6.666367425346407e-06,0.42816595970360355,0.6685302974523967,0.7685846179820641,0.16051835746591114,316,8,25,205,0,468,0.6325467130894744,Will the Federal Reserve Cut rates by 25bps at their September 2024 meeting?
KXECKH276,VDE,event,10min,3,-3,etf_leads_kalshi,-0.004999935344406059,-0.3453335646579836,0.7298436159958454,0.8652680049478468,0.9813223292518787,12,1,11,7,3,21,0.6325059413818794,"Will Harris win 276-262 - PA, NV, MI, WI?"
KXECKH276,VDE,event,10min,3,-2,etf_leads_kalshi,-0.00666197422060188,-0.3741409559300461,0.7082994493184098,0.8652680049478468,0.9813223292518787,12,1,11,7,3,21,0.6325059413818794,"Will Harris win 276-262 - PA, NV, MI, WI?"
KXECKH276,VDE,event,10min,3,-1,etf_leads_kalshi,-0.009140685176530603,-0.48284527545353123,0.6292056007364273,0.8652680049478468,0.9813223292518787,12,1,11,7,3,21,0.6325059413818794,"Will Harris win 276-262 - PA, NV, MI, WI?"
KXECKH276,VDE,event,10min,3,0,contemp,-0.00940881195546579,-0.32965813551127265,0.7416582899552973,0.8652680049478468,0.9813223292518787,12,1,11,7,3,21,0.6325059413818794,"Will Harris win 276-262 - PA, NV, MI, WI?"
KXECKH276,VDE,event,10min,3,1,kalshi_leads_etf,-0.007118277453688213,-0.35171990153042304,0.7250483338073878,0.8652680049478468,0.9813223292518787,12,1,11,7,3,21,0.6325059413818794,"Will Harris win 276-262 - PA, NV, MI, WI?"
KXECKH276,VDE,event,10min,3,2,kalshi_leads_etf,-0.005124963295085151,-0.34764943897553463,0.7281034725299285,0.8652680049478468,0.9813223292518787,12,1,11,7,3,21,0.6325059413818794,"Will Harris win 276-262 - PA, NV, MI, WI?"
KXECKH276,VDE,event,10min,3,3,kalshi_leads_etf,0.0014690978068097225,0.08932253449294983,0.9288255857126878,0.9288255857126878,0.9813223292518787,12,1,11,7,3,21,0.6325059413818794,"Will Harris win 276-262 - PA, NV, MI, WI?"
KXECKH276,VOX,event,10min,3,-3,etf_leads_kalshi,-0.0057906599349519024,-2.363595408620834,0.018098565805170802,0.07674270931790422,0.9986620782579259,12,1,11,7,3,21,0.5903053031486734,"Will Harris win 276-262 - PA, NV, MI, WI?"
KXECKH276,VOX,event,10min,3,-2,etf_leads_kalshi,-0.007144933365427905,-2.281381043357841,0.02252590878890194,0.07674270931790422,0.9986620782579259,12,1,11,7,3,21,0.5903053031486734,"Will Harris win 276-262 - PA, NV, MI, WI?"
KXECKH276,VOX,event,10min,3,-1,etf_leads_kalshi,-0.006871246333403009,-2.0154934014973134,0.04385297675308812,0.07674270931790422,0.9986620782579259,12,1,11,7,3,21,0.5903053031486734,"Will Harris win 276-262 - PA, NV, MI, WI?"
KXECKH276,VOX,event,10min,3,0,contemp,-0.007890234120877016,-2.0662404505537446,0.03880578113470835,0.07674270931790422,0.9986620782579259,12,1,11,7,3,21,0.5903053031486734,"Will Harris win 276-262 - PA, NV, MI, WI?"
KXECKH276,VOX,event,10min,3,1,kalshi_leads_etf,-0.005256421497407107,-1.816931959918156,0.06922753226102396,0.09691854516543354,0.9986620782579259,12,1,11,7,3,21,0.5903053031486734,"Will Harris win 276-262 - PA, NV, MI, WI?"
KXECKH276,VOX,event,10min,3,2,kalshi_leads_etf,-0.002614442957720972,-1.5053255862281711,0.13224039017082267,0.15428045519929312,0.9986620782579259,12,1,11,7,3,21,0.5903053031486734,"Will Harris win 276-262 - PA, NV, MI, WI?"
KXECKH276,VOX,event,10min,3,3,kalshi_leads_etf,-0.00022074323057151948,-0.2698019259974794,0.7873126410236136,0.7873126410236136,0.9986620782579259,12,1,11,7,3,21,0.5903053031486734,"Will Harris win 276-262 - PA, NV, MI, WI?"
KXECKH276,VGT,event,10min,3,-3,etf_leads_kalshi,0.006072081933376522,0.17714140522151675,0.8593973195030458,0.9635483305641676,0.9187123296171757,12,1,11,7,3,21,0.5887966658096906,"Will Harris win 276-262 - PA, NV, MI, WI?"
KXECKH276,VGT,event,10min,3,-2,etf_leads_kalshi,0.006996583019201427,0.15132392029772784,0.8797202008857228,0.9635483305641676,0.9187123296171757,12,1,11,7,3,21,0.5887966658096906,"Will Harris win 276-262 - PA, NV, MI, WI?"
KXECKH276,VGT,event,10min,3,-1,etf_leads_kalshi,0.007688925876360609,0.15247090786557516,0.8788155343021922,0.9635483305641676,0.9187123296171757,12,1,11,7,3,21,0.5887966658096906,"Will Harris win 276-262 - PA, NV, MI, WI?"
KXECKH276,VGT,event,10min,3,0,contemp,0.004044288882539498,0.09629106798206552,0.9232894048414733,0.9635483305641676,0.9187123296171757,12,1,11,7,3,21,0.5887966658096906,"Will Harris win 276-262 - PA, NV, MI, WI?"
KXECKH276,VGT,event,10min,3,1,kalshi_leads_etf,0.0019161909823367448,0.06411791560437965,0.9488763366085664,0.9635483305641676,0.9187123296171757,12,1,11,7,3,21,0.5887966658096906,"Will Harris win 276-262 - PA, NV, MI, WI?"
KXECKH276,VGT,event,10min,3,2,kalshi_leads_etf,0.000923424363449604,0.04570129633576388,0.9635483305641676,0.9635483305641676,0.9187123296171757,12,1,11,7,3,21,0.5887966658096906,"Will Harris win 276-262 - PA, NV, MI, WI?"
KXECKH276,VGT,event,10min,3,3,kalshi_leads_etf,-0.0046378204552627545,-0.24157185433060205,0.8091119332136275,0.9635483305641676,0.9187123296171757,12,1,11,7,3,21,0.5887966658096906,"Will Harris win 276-262 - PA, NV, MI, WI?"
KXECKH276,VDC,event,10min,3,-3,etf_leads_kalshi,0.00040258139445278267,0.08682798712238608,0.9308082411228239,0.9572977655633036,0.9612434414180273,12,1,11,7,3,21,0.532567360488065,"Will Harris win 276-262 - PA, NV, MI, WI?"
KXECKH276,VDC,event,10min,3,-2,etf_leads_kalshi,0.0009018602153455168,0.10925243038570115,0.9130022757160977,0.9572977655633036,0.9612434414180273,12,1,11,7,3,21,0.532567360488065,"Will Harris win 276-262 - PA, NV, MI, WI?"
KXECKH276,VDC,event,10min,3,-1,etf_leads_kalshi,0.0012252670265849137,0.10903913269070913,0.913171451964877,0.9572977655633036,0.9612434414180273,12,1,11,7,3,21,0.532567360488065,"Will Harris win 276-262 - PA, NV, MI, WI?"
KXECKH276,VDC,event,10min,3,0,contemp,0.0008582692500179167,0.0955997128811378,0.9238384932448158,0.9572977655633036,0.9612434414180273,12,1,11,7,3,21,0.532567360488065,"Will Harris win 276-262 - PA, NV, MI, WI?"
KXECKH276,VDC,event,10min,3,1,kalshi_leads_etf,0.0010705672479665407,0.1456227475234237,0.8842192094840315,0.9572977655633036,0.9612434414180273,12,1,11,7,3,21,0.532567360488065,"Will Harris win 276-262 - PA, NV, MI, WI?"
KXECKH276,VDC,event,10min,3,2,kalshi_leads_etf,0.0005342638325033926,0.09444411635865903,0.9247563726080598,0.9572977655633036,0.9612434414180273,12,1,11,7,3,21,0.532567360488065,"Will Harris win 276-262 - PA, NV, MI, WI?"
KXECKH276,VDC,event,10min,3,3,kalshi_leads_etf,-0.0002606920905131382,-0.053544889139799455,0.9572977655633036,0.9572977655633036,0.9612434414180273,12,1,11,7,3,21,0.532567360488065,"Will Harris win 276-262 - PA, NV, MI, WI?"
KXECKH276,VAW,event,10min,3,-3,etf_leads_kalshi,-0.0002632578437490147,-0.0076042348403304125,0.9939327568966735,0.9998753295954041,0.7015491727828385,12,1,11,7,3,21,0.4430827720119678,"Will Harris win 276-262 - PA, NV, MI, WI?"
KXECKH276,VAW,event,10min,3,-2,etf_leads_kalshi,7.738549161378373e-06,0.00015625118122062422,0.9998753295954041,0.9998753295954041,0.7015491727828385,12,1,11,7,3,21,0.4430827720119678,"Will Harris win 276-262 - PA, NV, MI, WI?"
KXECKH276,VAW,event,10min,3,-1,etf_leads_kalshi,0.00012285622526824895,0.005031467097455633,0.9959854870231014,0.9998753295954041,0.7015491727828385,12,1,11,7,3,21,0.4430827720119678,"Will Harris win 276-262 - PA, NV, MI, WI?"
KXECKH276,VAW,event,10min,3,0,contemp,0.00021983325307998197,0.0031771133026183957,0.9974650346125975,0.9998753295954041,0.7015491727828385,12,1,11,7,3,21,0.4430827720119678,"Will Harris win 276-262 - PA, NV, MI, WI?"
KXECKH276,VAW,event,10min,3,1,kalshi_leads_etf,0.00019156785441347315,0.004588844982026836,0.9963386442867596,0.9998753295954041,0.7015491727828385,12,1,11,7,3,21,0.4430827720119678,"Will Harris win 276-262 - PA, NV, MI, WI?"
KXECKH276,VAW,event,10min,3,2,kalshi_leads_etf,0.00019120698013633898,0.01213073950670591,0.9903213076148,0.9998753295954041,0.7015491727828385,12,1,11,7,3,21,0.4430827720119678,"Will Harris win 276-262 - PA, NV, MI, WI?"
KXECKH276,VAW,event,10min,3,3,kalshi_leads_etf,0.0002489158273796623,0.008986130993076623,0.9928302013136001,0.9998753295954041,0.7015491727828385,12,1,11,7,3,21,0.4430827720119678,"Will Harris win 276-262 - PA, NV, MI, WI?"
KXECDJT281,VNQ,event,5min,5,-5,etf_leads_kalshi,-7.730964067929533e-05,-0.8625192559713472,0.3884018414117685,0.6042489710458468,0.2919722891375498,58,2,13,35,0,105,0.4303337624527567,"Will Trump win 281-257 - AZ, GA, NC, PA?"
KXECDJT281,VNQ,event,5min,5,-4,etf_leads_kalshi,-0.00010912670358134344,-1.8471547128344734,0.06472472076944004,0.21056417703269278,0.2919722891375498,58,2,13,35,0,105,0.4303337624527567,"Will Trump win 281-257 - AZ, GA, NC, PA?"
KXECDJT281,VNQ,event,5min,5,-3,etf_leads_kalshi,-0.00011601865756507922,-3.150993368564081,0.0016271618461396165,0.01789878030753578,0.2919722891375498,58,2,13,35,0,105,0.4303337624527567,"Will Trump win 281-257 - AZ, GA, NC, PA?"
KXECDJT281,VNQ,event,5min,5,-2,etf_leads_kalshi,-0.00021274968283915006,-1.3098162473298032,0.19025800541040483,0.3488063432524089,0.2919722891375498,58,2,13,35,0,105,0.4303337624527567,"Will Trump win 281-257 - AZ, GA, NC, PA?"
KXECDJT281,VNQ,event,5min,5,-1,etf_leads_kalshi,0.0001683559368185854,0.7731158913201589,0.43945379712425225,0.6042489710458468,0.2919722891375498,58,2,13,35,0,105,0.4303337624527567,"Will Trump win 281-257 - AZ, GA, NC, PA?"
KXECDJT281,VNQ,event,5min,5,0,contemp,3.701118828078905e-05,0.40197338955498335,0.6877036103314866,0.6877036103314866,0.2919722891375498,58,2,13,35,0,105,0.4303337624527567,"Will Trump win 281-257 - AZ, GA, NC, PA?"
KXECDJT281,VNQ,event,5min,5,1,kalshi_leads_etf,0.00023778279025116783,1.4332948110212573,0.15177360426526,0.333901929383572,0.2919722891375498,58,2,13,35,0,105,0.4303337624527567,"Will Trump win 281-257 - AZ, GA, NC, PA?"
KXECDJT281,VNQ,event,5min,5,2,kalshi_leads_etf,0.00037290372477464536,1.7709513530933072,0.07656879164825192,0.21056417703269278,0.2919722891375498,58,2,13,35,0,105,0.4303337624527567,"Will Trump win 281-257 - AZ, GA, NC, PA?"
KXECDJT281,VNQ,event,5min,5,3,kalshi_leads_etf,0.00019854080084192037,0.5425820514187985,0.58741759961642,0.6877036103314866,0.2919722891375498,58,2,13,35,0,105,0.4303337624527567,"Will Trump win 281-257 - AZ, GA, NC, PA?"
KXECDJT281,VNQ,event,5min,5,4,kalshi_leads_etf,7.545091696740781e-05,2.135622297164388,0.032710212497222065,0.17990616873472134,0.2919722891375498,58,2,13,35,0,105,0.4303337624527567,"Will Trump win 281-257 - AZ, GA, NC, PA?"
KXECDJT281,VNQ,event,5min,5,5,kalshi_leads_etf,8.95234173331306e-05,0.41213945844568023,0.6802372086230168,0.6877036103314866,0.2919722891375498,58,2,13,35,0,105,0.4303337624527567,"Will Trump win 281-257 - AZ, GA, NC, PA?"
FEDDECISION-24SEP-C25,VOX,event,2min,8,-8,etf_leads_kalshi,2.427767670403279e-05,0.3298368019274307,0.7415232781231804,0.9441325859918565,0.20104921230438966,316,8,25,205,0,468,0.4259019059689291,Will the Federal Reserve Cut rates by 25bps at their September 2024 meeting?
FEDDECISION-24SEP-C25,VOX,event,2min,8,-7,etf_leads_kalshi,3.295056715638729e-06,0.1865803504676256,0.8519896742442501,0.9441325859918565,0.20104921230438966,316,8,25,205,0,468,0.4259019059689291,Will the Federal Reserve Cut rates by 25bps at their September 2024 meeting?
FEDDECISION-24SEP-C25,VOX,event,2min,8,-6,etf_leads_kalshi,1.9188772638976795e-05,0.28115487383922594,0.7785916145831387,0.9441325859918565,0.20104921230438966,316,8,25,205,0,468,0.4259019059689291,Will the Federal Reserve Cut rates by 25bps at their September 2024 meeting?
FEDDECISION-24SEP-C25,VOX,event,2min,8,-5,etf_leads_kalshi,-5.845530777284463e-06,-0.1400817813216913,0.888595375051159,0.9441325859918565,0.20104921230438966,316,8,25,205,0,468,0.4259019059689291,Will the Federal Reserve Cut rates by 25bps at their September 2024 meeting?
FEDDECISION-24SEP-C25,VOX,event,2min,8,-4,etf_leads_kalshi,5.503174437651189e-05,0.9950617965710878,0.3197062098244857,0.7764293667166082,0.20104921230438966,316,8,25,205,0,468,0.4259019059689291,Will the Federal Reserve Cut rates by 25bps at their September 2024 meeting?
FEDDECISION-24SEP-C25,VOX,event,2min,8,-3,etf_leads_kalshi,0.00013059617845549335,1.0947529743368383,0.27362487351969345,0.7764293667166082,0.20104921230438966,316,8,25,205,0,468,0.4259019059689291,Will the Federal Reserve Cut rates by 25bps at their September 2024 meeting?
FEDDECISION-24SEP-C25,VOX,event,2min,8,-2,etf_leads_kalshi,0.00012252570019405344,1.7814274539483905,0.07484264654821617,0.6361624956598374,0.20104921230438966,316,8,25,205,0,468,0.4259019059689291,Will the Federal Reserve Cut rates by 25bps at their September 2024 meeting?
FEDDECISION-24SEP-C25,VOX,event,2min,8,-1,etf_leads_kalshi,-5.535856116226582e-05,-1.0593338999210122,0.28944774139227214,0.7764293667166082,0.20104921230438966,316,8,25,205,0,468,0.4259019059689291,Will the Federal Reserve Cut rates by 25bps at their September 2024 meeting?
FEDDECISION-24SEP-C25,VOX,event,2min,8,0,contemp,-3.340721450822827e-05,-0.6707932519068841,0.502352246912527,0.9441325859918565,0.20104921230438966,316,8,25,205,0,468,0.4259019059689291,Will the Federal Reserve Cut rates by 25bps at their September 2024 meeting?
FEDDECISION-24SEP-C25,VOX,event,2min,8,1,kalshi_leads_etf,4.1898918939899094e-05,1.0550508245395462,0.29140208070827345,0.7764293667166082,0.20104921230438966,316,8,25,205,0,468,0.4259019059689291,Will the Federal Reserve Cut rates by 25bps at their September 2024 meeting?
FEDDECISION-24SEP-C25,VOX,event,2min,8,2,kalshi_leads_etf,7.03831760461074e-06,0.3097579174835966,0.7567450555675151,0.9441325859918565,0.20104921230438966,316,8,25,205,0,468,0.4259019059689291,Will the Federal Reserve Cut rates by 25bps at their September 2024 meeting?
FEDDECISION-24SEP-C25,VOX,event,2min,8,3,kalshi_leads_etf,-2.9123748806888354e-05,-1.7986905093969179,0.07206765102487651,0.6361624956598374,0.20104921230438966,316,8,25,205,0,468,0.4259019059689291,Will the Federal Reserve Cut rates by 25bps at their September 2024 meeting?
FEDDECISION-24SEP-C25,VOX,event,2min,8,4,kalshi_leads_etf,-1.1402420195331279e-05,-0.21655556853367583,0.8285547151572913,0.9441325859918565,0.20104921230438966,316,8,25,205,0,468,0.4259019059689291,Will the Federal Reserve Cut rates by 25bps at their September 2024 meeting?
FEDDECISION-24SEP-C25,VOX,event,2min,8,5,kalshi_leads_etf,9.825451218495444e-06,0.3921128806084081,0.6949748107239615,0.9441325859918565,0.20104921230438966,316,8,25,205,0,468,0.4259019059689291,Will the Federal Reserve Cut rates by 25bps at their September 2024 meeting?
FEDDECISION-24SEP-C25,VOX,event,2min,8,6,kalshi_leads_etf,-1.7737057417528102e-05,-1.1331649644068285,0.2571449841094716,0.7764293667166082,0.20104921230438966,316,8,25,205,0,468,0.4259019059689291,Will the Federal Reserve Cut rates by 25bps at their September 2024 meeting?
FEDDECISION-24SEP-C25,VOX,event,2min,8,7,kalshi_leads_etf,-9.081379735037783e-06,-0.18500700917620894,0.8532235379510232,0.9441325859918565,0.20104921230438966,316,8,25,205,0,468,0.4259019059689291,Will the Federal Reserve Cut rates by 25bps at their September 2024 meeting?
FEDDECISION-24SEP-C25,VOX,event,2min,8,8,kalshi_leads_etf,-1.9439965943239012e-06,-0.04421835836487183,0.9647303485063488,0.9647303485063488,0.20104921230438966,316,8,25,205,0,468,0.4259019059689291,Will the Federal Reserve Cut rates by 25bps at their September 2024 meeting?
FEDDECISION-24SEP-C25,VPU,event,2min,8,-8,etf_leads_kalshi,3.3060148700424646e-05,0.705057094093883,0.4807747061884312,0.9619073552274072,0.20653356499523146,316,8,27,205,2,468,0.4196610274034253,Will the Federal Reserve Cut rates by 25bps at their September 2024 meeting?
FEDDECISION-24SEP-C25,VPU,event,2min,8,-7,etf_leads_kalshi,-2.6200780669026676e-05,-1.0919450945906064,0.2748572351039914,0.774384606242715,0.20653356499523146,316,8,27,205,2,468,0.4196610274034253,Will the Federal Reserve Cut rates by 25bps at their September 2024 meeting?
FEDDECISION-24SEP-C25,VPU,event,2min,8,-6,etf_leads_kalshi,5.577997273120483e-05,1.1170843706227693,0.2639582524900004,0.774384606242715,0.20653356499523146,316,8,27,205,2,468,0.4196610274034253,Will the Federal Reserve Cut rates by 25bps at their September 2024 meeting?
FEDDECISION-24SEP-C25,VPU,event,2min,8,-5,etf_leads_kalshi,-1.0419137122979107e-05,-0.48343073911744566,0.6287899266153185,0.9619073552274072,0.20653356499523146,316,8,27,205,2,468,0.4196610274034253,Will the Federal Reserve Cut rates by 25bps at their September 2024 meeting?
FEDDECISION-24SEP-C25,VPU,event,2min,8,-4,etf_leads_kalshi,5.154151600069507e-05,1.135246521034655,0.2562720425274745,0.774384606242715,0.20653356499523146,316,8,27,205,2,468,0.4196610274034253,Will the Federal Reserve Cut rates by 25bps at their September 2024 meeting?
FEDDECISION-24SEP-C25,VPU,event,2min,8,-3,etf_leads_kalshi,0.000140033134561197,1.9865446482065623,0.04697288036005885,0.5734858212208548,0.20653356499523146,316,8,27,205,2,468,0.4196610274034253,Will the Federal Reserve Cut rates by 25bps at their September 2024 meeting?
FEDDECISION-24SEP-C25,VPU,event,2min,8,-2,etf_leads_kalshi,0.00011451577900761999,1.8285375189835853,0.06746892014362997,0.5734858212208548,0.20653356499523146,316,8,27,205,2,468,0.4196610274034253,Will the Federal Reserve Cut rates by 25bps at their September 2024 meeting?
FEDDECISION-24SEP-C25,VPU,event,2min,8,-1,etf_leads_kalshi,-7.568265101096467e-06,-0.20701169026283847,0.8360007287406868,0.9619073552274072,0.20653356499523146,316,8,27,205,2,468,0.4196610274034253,Will the Federal Reserve Cut rates by 25bps at their September 2024 meeting?
FEDDECISION-24SEP-C25,VPU,event,2min,8,0,contemp,-5.863443503107556e-06,-0.10790464725482007,0.9140713306730703,0.9619073552274072,0.20653356499523146,316,8,27,205,2,468,0.4196610274034253,Will the Federal Reserve Cut rates by 25bps at their September 2024 meeting?
FEDDECISION-24SEP-C25,VPU,event,2min,8,1,kalshi_leads_etf,-4.284904262736533e-05,-0.9967945388246834,0.3188642496293532,0.774384606242715,0.20653356499523146,316,8,27,205,2,468,0.4196610274034253,Will the Federal Reserve Cut rates by 25bps at their September 2024 meeting?
FEDDECISION-24SEP-C25,VPU,event,2min,8,2,kalshi_leads_etf,-1.4435411291859183e-06,-0.047760201139851195,0.9619073552274072,0.9619073552274072,0.20653356499523146,316,8,27,205,2,468,0.4196610274034253,Will the Federal Reserve Cut rates by 25bps at their September 2024 meeting?
FEDDECISION-24SEP-C25,VPU,event,2min,8,3,kalshi_leads_etf,-3.6383279961147936e-06,-0.12924730618830899,0.897161965167468,0.9619073552274072,0.20653356499523146,316,8,27,205,2,468,0.4196610274034253,Will the Federal Reserve Cut rates by 25bps at their September 2024 meeting?
FEDDECISION-24SEP-C25,VPU,event,2min,8,4,kalshi_leads_etf,-6.973940023972688e-06,-0.331430700542926,0.7403191783773129,0.9619073552274072,0.20653356499523146,316,8,27,205,2,468,0.4196610274034253,Will the Federal Reserve Cut rates by 25bps at their September 2024 meeting?
FEDDECISION-24SEP-C25,VPU,event,2min,8,5,kalshi_leads_etf,-6.645397237924922e-06,-0.2761385201565051,0.7824416756171081,0.9619073552274072,0.20653356499523146,316,8,27,205,2,468,0.4196610274034253,Will the Federal Reserve Cut rates by 25bps at their September 2024 meeting?
FEDDECISION-24SEP-C25,VPU,event,2min,8,6,kalshi_leads_etf,2.8114914661059185e-05,1.303835089926619,0.19228981563756464,0.774384606242715,0.20653356499523146,316,8,27,205,2,468,0.4196610274034253,Will the Federal Reserve Cut rates by 25bps at their September 2024 meeting?
FEDDECISION-24SEP-C25,VPU,event,2min,8,7,kalshi_leads_etf,-2.3536705316878422e-05,-0.5385678393101982,0.5901850836810506,0.9619073552274072,0.20653356499523146,316,8,27,205,2,468,0.4196610274034253,Will the Federal Reserve Cut rates by 25bps at their September 2024 meeting?
FEDDECISION-24SEP-C25,VPU,event,2min,8,8,kalshi_leads_etf,2.217476732705861e-06,0.07973645785060103,0.9364468625829124,0.9619073552274072,0.20653356499523146,316,8,27,205,2,468,0.4196610274034253,Will the Federal Reserve Cut rates by 25bps at their September 2024 meeting?
KXECDJT281,VOX,event,5min,5,-5,etf_leads_kalshi,-9.027308749372918e-07,-0.008290816357206278,0.9933849614159056,0.9933849614159056,0.2911449093829598,58,2,13,35,0,105,0.3259960474534679,"Will Trump win 281-257 - AZ, GA, NC, PA?"
KXECDJT281,VOX,event,5min,5,-4,etf_leads_kalshi,-3.0434454291132358e-05,-0.5852112179914778,0.5584057028420556,0.9459128743471962,0.2911449093829598,58,2,13,35,0,105,0.3259960474534679,"Will Trump win 281-257 - AZ, GA, NC, PA?"
KXECDJT281,VOX,event,5min,5,-3,etf_leads_kalshi,-1.3489958823494238e-05,-0.09627414483164977,0.923302845119331,0.9933849614159056,0.2911449093829598,58,2,13,35,0,105,0.3259960474534679,"Will Trump win 281-257 - AZ, GA, NC, PA?"
KXECDJT281,VOX,event,5min,5,-2,etf_leads_kalshi,-1.945251867575648e-05,-0.2872397978354168,0.7739287153749788,0.9459128743471962,0.2911449093829598,58,2,13,35,0,105,0.3259960474534679,"Will Trump win 281-257 - AZ, GA, NC, PA?"
KXECDJT281,VOX,event,5min,5,-1,etf_leads_kalshi,0.00019151389534848728,1.8797584354674113,0.0601410075362508,0.3307755414493794,0.2911449093829598,58,2,13,35,0,105,0.3259960474534679,"Will Trump win 281-257 - AZ, GA, NC, PA?"
KXECDJT281,VOX,event,5min,5,0,contemp,1.6435159123230086e-05,0.7253948742626644,0.46820981673014217,0.9459128743471962,0.2911449093829598,58,2,13,35,0,105,0.3259960474534679,"Will Trump win 281-257 - AZ, GA, NC, PA?"
KXECDJT281,VOX,event,5min,5,1,kalshi_leads_etf,5.3126042655877825e-05,0.4506823480433211,0.6522185064089029,0.9459128743471962,0.2911449093829598,58,2,13,35,0,105,0.3259960474534679,"Will Trump win 281-257 - AZ, GA, NC, PA?"
KXECDJT281,VOX,event,5min,5,2,kalshi_leads_etf,0.00027440587414169346,2.740520809520978,0.006134189744400277,0.06747608718840305,0.2911449093829598,58,2,13,35,0,105,0.3259960474534679,"Will Trump win 281-257 - AZ, GA, NC, PA?"
KXECDJT281,VOX,event,5min,5,3,kalshi_leads_etf,2.7030655382259486e-05,0.37267869475972953,0.7093875950743249,0.9459128743471962,0.2911449093829598,58,2,13,35,0,105,0.3259960474534679,"Will Trump win 281-257 - AZ, GA, NC, PA?"
KXECDJT281,VOX,event,5min,5,4,kalshi_leads_etf,7.223606528086764e-05,0.5652780893059977,0.5718846294000779,0.9459128743471962,0.2911449093829598,58,2,13,35,0,105,0.3259960474534679,"Will Trump win 281-257 - AZ, GA, NC, PA?"
KXECDJT281,VOX,event,5min,5,5,kalshi_leads_etf,0.0001251841314273485,0.9538176641069314,0.3401759464444116,0.9459128743471962,0.2911449093829598,58,2,13,35,0,105,0.3259960474534679,"Will Trump win 281-257 - AZ, GA, NC, PA?"
KXECDJT281,VGT,event,5min,5,-5,etf_leads_kalshi,-6.464589126505059e-05,-1.080681399254645,0.27983885996688596,0.7695568649089364,0.15718930939967923,58,2,13,35,0,105,0.3150074068770069,"Will Trump win 281-257 - AZ, GA, NC, PA?"
KXECDJT281,VGT,event,5min,5,-4,etf_leads_kalshi,3.1117752996977604e-05,0.420223608708797,0.6743221095390737,0.8241714672144234,0.15718930939967923,58,2,13,35,0,105,0.3150074068770069,"Will Trump win 281-257 - AZ, GA, NC, PA?"
KXECDJT281,VGT,event,5min,5,-3,etf_leads_kalshi,-3.828445479039851e-06,-0.05623270484692232,0.9551564276727248,0.9551564276727248,0.15718930939967923,58,2,13,35,0,105,0.3150074068770069,"Will Trump win 281-257 - AZ, GA, NC, PA?"
KXECDJT281,VGT,event,5min,5,-2,etf_leads_kalshi,-3.191887784706296e-05,-0.5603047144569708,0.5752716122688808,0.8241714672144234,0.15718930939967923,58,2,13,35,0,105,0.3150074068770069,"Will Trump win 281-257 - AZ, GA, NC, PA?"
KXECDJT281,VGT,event,5min,5,-1,etf_leads_kalshi,-7.252200351836768e-05,-2.3751572938484333,0.01754147324065534,0.06431873521573625,0.15718930939967923,58,2,13,35,0,105,0.3150074068770069,"Will Trump win 281-257 - AZ, GA, NC, PA?"
KXECDJT281,VGT,event,5min,5,0,contemp,-0.00023968152983005835,-4.1991314607464805,2.6794073732466758e-05,0.0002947348110571343,0.15718930939967923,58,2,13,35,0,105,0.3150074068770069,"Will Trump win 281-257 - AZ, GA, NC, PA?"
KXECDJT281,VGT,event,5min,5,1,kalshi_leads_etf,-0.00011138064447745387,-0.4903555913721107,0.6238822955077833,0.8241714672144234,0.15718930939967923,58,2,13,35,0,105,0.3150074068770069,"Will Trump win 281-257 - AZ, GA, NC, PA?"
KXECDJT281,VGT,event,5min,5,2,kalshi_leads_etf,4.907375121264075e-05,0.5437503347423642,0.5866132897860291,0.8241714672144234,0.15718930939967923,58,2,13,35,0,105,0.3150074068770069,"Will Trump win 281-257 - AZ, GA, NC, PA?"
KXECDJT281,VGT,event,5min,5,3,kalshi_leads_etf,1.2604112106700545e-05,0.10405155914773662,0.9171284323082121,0.9551564276727248,0.15718930939967923,58,2,13,35,0,105,0.3150074068770069,"Will Trump win 281-257 - AZ, GA, NC, PA?"
KXECDJT281,VGT,event,5min,5,4,kalshi_leads_etf,5.536186349098023e-05,0.46013434077441606,0.6454197962811125,0.8241714672144234,0.15718930939967923,58,2,13,35,0,105,0.3150074068770069,"Will Trump win 281-257 - AZ, GA, NC, PA?"
KXECDJT281,VGT,event,5min,5,5,kalshi_leads_etf,0.00017753608288736012,3.5082862043875087,0.00045100357087233265,0.0024805196397978293,0.15718930939967923,58,2,13,35,0,105,0.3150074068770069,"Will Trump win 281-257 - AZ, GA, NC, PA?"
KXECDJT312,VAW,event,10min,5,-5,etf_leads_kalshi,1.889343330869803e-05,1.127488807610235,0.25953587001458367,0.9148775762461387,0.7326091248339146,26,3,14,20,0,73,0.3098810916918901,Will Trump win 312-226 - swing state sweep?
KXECDJT312,VAW,event,10min,5,-4,etf_leads_kalshi,-5.903994439967336e-05,-0.12041685774223806,0.9041529380218319,0.9680759582285888,0.7326091248339146,26,3,14,20,0,73,0.3098810916918901,Will Trump win 312-226 - swing state sweep?
KXECDJT312,VAW,event,10min,5,-3,etf_leads_kalshi,4.4093246390378314e-05,0.04002153420926133,0.9680759582285888,0.9680759582285888,0.7326091248339146,26,3,14,20,0,73,0.3098810916918901,Will Trump win 312-226 - swing state sweep?
KXECDJT312,VAW,event,10min,5,-2,etf_leads_kalshi,-0.0005867556152409119,-0.3506523006410594,0.725849214523689,0.9148775762461387,0.7326091248339146,26,3,14,20,0,73,0.3098810916918901,Will Trump win 312-226 - swing state sweep?
KXECDJT312,VAW,event,10min,5,-1,etf_leads_kalshi,-0.0005755064758840659,-0.3205701008476903,0.7485361987468409,0.9148775762461387,0.7326091248339146,26,3,14,20,0,73,0.3098810916918901,Will Trump win 312-226 - swing state sweep?
KXECDJT312,VAW,event,10min,5,0,contemp,-0.0007102197769954071,-0.3844146681870455,0.7006711305394177,0.9148775762461387,0.7326091248339146,26,3,14,20,0,73,0.3098810916918901,Will Trump win 312-226 - swing state sweep?
KXECDJT312,VAW,event,10min,5,1,kalshi_leads_etf,-0.0010766367435744901,-0.6682129366886302,0.5039976787529443,0.9148775762461387,0.7326091248339146,26,3,14,20,0,73,0.3098810916918901,Will Trump win 312-226 - swing state sweep?
KXECDJT312,VAW,event,10min,5,2,kalshi_leads_etf,-0.0006966047301724864,-0.36584407825214765,0.7144814267994599,0.9148775762461387,0.7326091248339146,26,3,14,20,0,73,0.3098810916918901,Will Trump win 312-226 - swing state sweep?
KXECDJT312,VAW,event,10min,5,3,kalshi_leads_etf,-0.0013017504569921249,-0.5940292221144826,0.552492568204226,0.9148775762461387,0.7326091248339146,26,3,14,20,0,73,0.3098810916918901,Will Trump win 312-226 - swing state sweep?
KXECDJT312,VAW,event,10min,5,4,kalshi_leads_etf,-0.0016113171300861835,-0.9356617907230255,0.34944734934400457,0.9148775762461387,0.7326091248339146,26,3,14,20,0,73,0.3098810916918901,Will Trump win 312-226 - swing state sweep?
KXECDJT312,VAW,event,10min,5,5,kalshi_leads_etf,-0.00047737695538947533,-0.6228438488330003,0.5333871402490965,0.9148775762461387,0.7326091248339146,26,3,14,20,0,73,0.3098810916918901,Will Trump win 312-226 - swing state sweep?
KXECDJT281,VCR,event,5min,5,-5,etf_leads_kalshi,-0.00011157824143701439,-2.289841253648688,0.022030520739894116,0.12116786406941764,0.15120431549218694,58,2,13,35,0,105,0.2842956735630119,"Will Trump win 281-257 - AZ, GA, NC, PA?"
KXECDJT281,VCR,event,5min,5,-4,etf_leads_kalshi,1.3003786368854443e-05,0.18065002090183543,0.8566422907495932,0.9352512982537856,0.15120431549218694,58,2,13,35,0,105,0.2842956735630119,"Will Trump win 281-257 - AZ, GA, NC, PA?"
KXECDJT281,VCR,event,5min,5,-3,etf_leads_kalshi,-3.376496932072388e-05,-0.25709434814363763,0.7971059404750483,0.9352512982537856,0.15120431549218694,58,2,13,35,0,105,0.2842956735630119,"Will Trump win 281-257 - AZ, GA, NC, PA?"
KXECDJT281,VCR,event,5min,5,-2,etf_leads_kalshi,2.211430814206143e-05,0.08123973716131092,0.9352512982537856,0.9352512982537856,0.15120431549218694,58,2,13,35,0,105,0.2842956735630119,"Will Trump win 281-257 - AZ, GA, NC, PA?"
KXECDJT281,VCR,event,5min,5,-1,etf_leads_kalshi,0.00010892346084929419,0.8732784501800853,0.38251132357438444,0.6446237021922664,0.15120431549218694,58,2,13,35,0,105,0.2842956735630119,"Will Trump win 281-257 - AZ, GA, NC, PA?"
KXECDJT281,VCR,event,5min,5,0,contemp,-7.261623406849158e-05,-0.48579837004720877,0.6271101300686732,0.8622764288444257,0.15120431549218694,58,2,13,35,0,105,0.2842956735630119,"Will Trump win 281-257 - AZ, GA, NC, PA?"
KXECDJT281,VCR,event,5min,5,1,kalshi_leads_etf,-7.434234013945027e-05,-4.10784039006625,3.9937593244529667e-05,0.00043931352568982635,0.15120431549218694,58,2,13,35,0,105,0.2842956735630119,"Will Trump win 281-257 - AZ, GA, NC, PA?"
KXECDJT281,VCR,event,5min,5,2,kalshi_leads_etf,4.151000647698801e-05,0.8235151890958762,0.4102150832132604,0.6446237021922664,0.15120431549218694,58,2,13,35,0,105,0.2842956735630119,"Will Trump win 281-257 - AZ, GA, NC, PA?"
KXECDJT281,VCR,event,5min,5,3,kalshi_leads_etf,-0.00019502441751128343,-1.306742199036156,0.1913002816568905,0.5972198425776981,0.15120431549218694,58,2,13,35,0,105,0.2842956735630119,"Will Trump win 281-257 - AZ, GA, NC, PA?"
KXECDJT281,VCR,event,5min,5,4,kalshi_leads_etf,-5.8149996161582214e-05,-1.2340860212523785,0.2171708518464357,0.5972198425776981,0.15120431549218694,58,2,13,35,0,105,0.2842956735630119,"Will Trump win 281-257 - AZ, GA, NC, PA?"
KXECDJT281,VCR,event,5min,5,5,kalshi_leads_etf,0.00011917306119795035,0.9999768978127138,0.3173216880980477,0.6446237021922664,0.15120431549218694,58,2,13,35,0,105,0.2842956735630119,"Will Trump win 281-257 - AZ, GA, NC, PA?"
KXFEDDECISION-24DEC-C25,VFH,event,5min,8,-8,etf_leads_kalshi,-4.601126047526787e-05,-0.8022444644906637,0.4224115602368218,0.7843973394341416,0.10645494711669268,326,23,40,195,0,795,0.2706214856006831,Will the Federal Reserve Cut rates by 25bps at their December 2024 meeting?
KXFEDDECISION-24DEC-C25,VFH,event,5min,8,-7,etf_leads_kalshi,8.85601307427906e-05,0.6578179466542656,0.5106551209006247,0.7843973394341416,0.10645494711669268,326,23,40,195,0,795,0.2706214856006831,Will the Federal Reserve Cut rates by 25bps at their December 2024 meeting?
KXFEDDECISION-24DEC-C25,VFH,event,5min,8,-6,etf_leads_kalshi,8.786475123674922e-05,1.0958755292576219,0.27313324934679506,0.7738775398159193,0.10645494711669268,326,23,40,195,0,795,0.2706214856006831,Will the Federal Reserve Cut rates by 25bps at their December 2024 meeting?
KXFEDDECISION-24DEC-C25,VFH,event,5min,8,-5,etf_leads_kalshi,6.948422868908252e-05,0.47115789937715946,0.6375279808491302,0.7843973394341416,0.10645494711669268,326,23,40,195,0,795,0.2706214856006831,Will the Federal Reserve Cut rates by 25bps at their December 2024 meeting?
KXFEDDECISION-24DEC-C25,VFH,event,5min,8,-4,etf_leads_kalshi,2.91913198920806e-05,0.2314342561299333,0.8169774548923584,0.8680385458231308,0.10645494711669268,326,23,40,195,0,795,0.2706214856006831,Will the Federal Reserve Cut rates by 25bps at their December 2024 meeting?
KXFEDDECISION-24DEC-C25,VFH,event,5min,8,-3,etf_leads_kalshi,-8.389979068245648e-05,-0.4593619333588702,0.6459742795339989,0.7843973394341416,0.10645494711669268,326,23,40,195,0,795,0.2706214856006831,Will the Federal Reserve Cut rates by 25bps at their December 2024 meeting?
KXFEDDECISION-24DEC-C25,VFH,event,5min,8,-2,etf_leads_kalshi,-9.289529817877075e-05,-1.1022538197692904,0.2703513399174219,0.7738775398159193,0.10645494711669268,326,23,40,195,0,795,0.2706214856006831,Will the Federal Reserve Cut rates by 25bps at their December 2024 meeting?
KXFEDDECISION-24DEC-C25,VFH,event,5min,8,-1,etf_leads_kalshi,-0.00010213188303283594,-1.433739518222624,0.1516466103699897,0.6444980940724562,0.10645494711669268,326,23,40,195,0,795,0.2706214856006831,Will the Federal Reserve Cut rates by 25bps at their December 2024 meeting?
KXFEDDECISION-24DEC-C25,VFH,event,5min,8,0,contemp,7.259383128232684e-05,0.9236524981640674,0.3556672712947969,0.7843973394341416,0.10645494711669268,326,23,40,195,0,795,0.2706214856006831,Will the Federal Reserve Cut rates by 25bps at their December 2024 meeting?
KXFEDDECISION-24DEC-C25,VFH,event,5min,8,1,kalshi_leads_etf,0.00013661652592496075,2.3964427933239074,0.016555077493752037,0.28143631739378466,0.10645494711669268,326,23,40,195,0,795,0.2706214856006831,Will the Federal Reserve Cut rates by 25bps at their December 2024 meeting?
KXFEDDECISION-24DEC-C25,VFH,event,5min,8,2,kalshi_leads_etf,6.271916369572546e-07,0.007630253045049561,0.9939119979750789,0.9939119979750789,0.10645494711669268,326,23,40,195,0,795,0.2706214856006831,Will the Federal Reserve Cut rates by 25bps at their December 2024 meeting?
KXFEDDECISION-24DEC-C25,VFH,event,5min,8,3,kalshi_leads_etf,3.918919164502619e-05,0.33260291794140306,0.7394340404684253,0.8380252458642153,0.10645494711669268,326,23,40,195,0,795,0.2706214856006831,Will the Federal Reserve Cut rates by 25bps at their December 2024 meeting?
KXFEDDECISION-24DEC-C25,VFH,event,5min,8,4,kalshi_leads_etf,-2.856738836080834e-05,-0.5231666160187093,0.6008583109710812,0.7843973394341416,0.10645494711669268,326,23,40,195,0,795,0.2706214856006831,Will the Federal Reserve Cut rates by 25bps at their December 2024 meeting?
KXFEDDECISION-24DEC-C25,VFH,event,5min,8,5,kalshi_leads_etf,-6.918089645477967e-05,-1.553907686506493,0.12020643798445013,0.6444980940724562,0.10645494711669268,326,23,40,195,0,795,0.2706214856006831,Will the Federal Reserve Cut rates by 25bps at their December 2024 meeting?
KXFEDDECISION-24DEC-C25,VFH,event,5min,8,6,kalshi_leads_etf,-3.462054090910602e-05,-0.49840417013641947,0.618199198116395,0.7843973394341416,0.10645494711669268,326,23,40,195,0,795,0.2706214856006831,Will the Federal Reserve Cut rates by 25bps at their December 2024 meeting?
KXFEDDECISION-24DEC-C25,VFH,event,5min,8,7,kalshi_leads_etf,2.3823548094056515e-05,0.4779650814444828,0.6326750584086538,0.7843973394341416,0.10645494711669268,326,23,40,195,0,795,0.2706214856006831,Will the Federal Reserve Cut rates by 25bps at their December 2024 meeting?
KXFEDDECISION-24DEC-C25,VFH,event,5min,8,8,kalshi_leads_etf,-6.115290372313299e-05,-1.4410558628873211,0.1495689014512377,0.6444980940724562,0.10645494711669268,326,23,40,195,0,795,0.2706214856006831,Will the Federal Reserve Cut rates by 25bps at their December 2024 meeting?
KXFEDDECISION-24DEC-C25,VIS,event,5min,8,-8,etf_leads_kalshi,-6.131230861676097e-05,-1.0977097575615407,0.27233124762583527,0.7342034158885387,0.0931262122761305,326,23,40,195,0,795,0.1537791226116408,Will the Federal Reserve Cut rates by 25bps at their December 2024 meeting?
KXFEDDECISION-24DEC-C25,VIS,event,5min,8,-7,etf_leads_kalshi,1.637283149737559e-05,0.15750880314029023,0.8748438705890736,0.9295216125008907,0.0931262122761305,326,23,40,195,0,795,0.1537791226116408,Will the Federal Reserve Cut rates by 25bps at their December 2024 meeting?
KXFEDDECISION-24DEC-C25,VIS,event,5min,8,-6,etf_leads_kalshi,8.196030120806527e-05,1.3815144877039196,0.1671208263817272,0.7342034158885387,0.0931262122761305,326,23,40,195,0,795,0.1537791226116408,Will the Federal Reserve Cut rates by 25bps at their December 2024 meeting?
KXFEDDECISION-24DEC-C25,VIS,event,5min,8,-5,etf_leads_kalshi,-2.909628388074868e-05,-0.25404221702744634,0.7994629432099216,0.9295216125008907,0.0931262122761305,326,23,40,195,0,795,0.1537791226116408,Will the Federal Reserve Cut rates by 25bps at their December 2024 meeting?
KXFEDDECISION-24DEC-C25,VIS,event,5min,8,-4,etf_leads_kalshi,-4.886766169978362e-05,-0.4388596608110832,0.6607632275736187,0.9295216125008907,0.0931262122761305,326,23,40,195,0,795,0.1537791226116408,Will the Federal Reserve Cut rates by 25bps at their December 2024 meeting?
KXFEDDECISION-24DEC-C25,VIS,event,5min,8,-3,etf_leads_kalshi,-0.00011998656798319014,-0.8850646213076102,0.3761217793187003,0.7342034158885387,0.0931262122761305,326,23,40,195,0,795,0.1537791226116408,Will the Federal Reserve Cut rates by 25bps at their December 2024 meeting?
KXFEDDECISION-24DEC-C25,VIS,event,5min,8,-2,etf_leads_kalshi,-5.4160334101587694e-05,-0.7142496853871689,0.4750727985161133,0.7342034158885387,0.0931262122761305,326,23,40,195,0,795,0.1537791226116408,Will the Federal Reserve Cut rates by 25bps at their December 2024 meeting?
KXFEDDECISION-24DEC-C25,VIS,event,5min,8,-1,etf_leads_kalshi,-4.993611533623367e-05,-0.7288299649793125,0.4661056795023597,0.7342034158885387,0.0931262122761305,326,23,40,195,0,795,0.1537791226116408,Will the Federal Reserve Cut rates by 25bps at their December 2024 meeting?
KXFEDDECISION-24DEC-C25,VIS,event,5min,8,0,contemp,5.7360758267361443e-05,0.857025488109871,0.39143079856737506,0.7342034158885387,0.0931262122761305,326,23,40,195,0,795,0.1537791226116408,Will the Federal Reserve Cut rates by 25bps at their December 2024 meeting?
KXFEDDECISION-24DEC-C25,VIS,event,5min,8,1,kalshi_leads_etf,5.702545535078304e-05,1.0702726475390492,0.2844966025379929,0.7342034158885387,0.0931262122761305,326,23,40,195,0,795,0.1537791226116408,Will the Federal Reserve Cut rates by 25bps at their December 2024 meeting?
KXFEDDECISION-24DEC-C25,VIS,event,5min,8,2,kalshi_leads_etf,9.85203509256946e-06,0.18051096202391156,0.8567514492998947,0.9295216125008907,0.0931262122761305,326,23,40,195,0,795,0.1537791226116408,Will the Federal Reserve Cut rates by 25bps at their December 2024 meeting?
KXFEDDECISION-24DEC-C25,VIS,event,5min,8,3,kalshi_leads_etf,-1.4104624233310415e-06,-0.014131496462228539,0.9887250724186516,0.9887250724186516,0.0931262122761305,326,23,40,195,0,795,0.1537791226116408,Will the Federal Reserve Cut rates by 25bps at their December 2024 meeting?
KXFEDDECISION-24DEC-C25,VIS,event,5min,8,4,kalshi_leads_etf,-6.379081274132117e-05,-1.2819845981209492,0.19984804918183097,0.7342034158885387,0.0931262122761305,326,23,40,195,0,795,0.1537791226116408,Will the Federal Reserve Cut rates by 25bps at their December 2024 meeting?
KXFEDDECISION-24DEC-C25,VIS,event,5min,8,5,kalshi_leads_etf,-4.680101051109159e-05,-1.3116011980266253,0.18965472860541355,0.7342034158885387,0.0931262122761305,326,23,40,195,0,795,0.1537791226116408,Will the Federal Reserve Cut rates by 25bps at their December 2024 meeting?
KXFEDDECISION-24DEC-C25,VIS,event,5min,8,6,kalshi_leads_etf,-1.3560340421937752e-05,-0.19447772048480483,0.8458018391618689,0.9295216125008907,0.0931262122761305,326,23,40,195,0,795,0.1537791226116408,Will the Federal Reserve Cut rates by 25bps at their December 2024 meeting?
KXFEDDECISION-24DEC-C25,VIS,event,5min,8,7,kalshi_leads_etf,4.454608724097612e-05,1.4907216687384448,0.13603458462106874,0.7342034158885387,0.0931262122761305,326,23,40,195,0,795,0.1537791226116408,Will the Federal Reserve Cut rates by 25bps at their December 2024 meeting?
KXFEDDECISION-24DEC-C25,VIS,event,5min,8,8,kalshi_leads_etf,-2.7088870119568376e-05,-0.7479257309471885,0.45450495622692644,0.7342034158885387,0.0931262122761305,326,23,40,195,0,795,0.1537791226116408,Will the Federal Reserve Cut rates by 25bps at their December 2024 meeting?
KXFEDDECISION-24DEC-H0,VGT,event,10min,8,-8,etf_leads_kalshi,-0.0011516598507459149,-2.7239157513274055,0.006451296089780406,0.03655734450875563,0.7485932433680939,45,9,29,26,3,396,0.1198576154549284,Will the Federal Reserve Hike rates by 0bps at their December 2024 meeting?
KXFEDDECISION-24DEC-H0,VGT,event,10min,8,-7,etf_leads_kalshi,-0.0011988282151346365,-3.0301226758375144,0.0024445442453534362,0.02406807535599683,0.7485932433680939,45,9,29,26,3,396,0.1198576154549284,Will the Federal Reserve Hike rates by 0bps at their December 2024 meeting?
KXFEDDECISION-24DEC-H0,VGT,event,10min,8,-6,etf_leads_kalshi,-0.0021680758389203457,-2.9854582066631656,0.002831538277176098,0.02406807535599683,0.7485932433680939,45,9,29,26,3,396,0.1198576154549284,Will the Federal Reserve Hike rates by 0bps at their December 2024 meeting?
KXFEDDECISION-24DEC-H0,VGT,event,10min,8,-5,etf_leads_kalshi,-0.0010925187946698024,-1.0595669620350554,0.28934165051689587,0.4471643689806572,0.7485932433680939,45,9,29,26,3,396,0.1198576154549284,Will the Federal Reserve Hike rates by 0bps at their December 2024 meeting?
KXFEDDECISION-24DEC-H0,VGT,event,10min,8,-4,etf_leads_kalshi,-0.0016329703882808728,-2.542086970333746,0.011019275089127206,0.046831919128790624,0.7485932433680939,45,9,29,26,3,396,0.1198576154549284,Will the Federal Reserve Hike rates by 0bps at their December 2024 meeting?
KXFEDDECISION-24DEC-H0,VGT,event,10min,8,-3,etf_leads_kalshi,-0.00117462164270132,-1.6615168400927292,0.09660968962815092,0.2737274539464276,0.7485932433680939,45,9,29,26,3,396,0.1198576154549284,Will the Federal Reserve Hike rates by 0bps at their December 2024 meeting?
KXFEDDECISION-24DEC-H0,VGT,event,10min,8,-2,etf_leads_kalshi,-0.0008087710946261099,-1.4945891696750722,0.1350216943910647,0.32340535638520046,0.7485932433680939,45,9,29,26,3,396,0.1198576154549284,Will the Federal Reserve Hike rates by 0bps at their December 2024 meeting?
KXFEDDECISION-24DEC-H0,VGT,event,10min,8,-1,etf_leads_kalshi,-0.0011356780987410535,-1.4318360204538592,0.1521907559459767,0.32340535638520046,0.7485932433680939,45,9,29,26,3,396,0.1198576154549284,Will the Federal Reserve Hike rates by 0bps at their December 2024 meeting?
KXFEDDECISION-24DEC-H0,VGT,event,10min,8,0,contemp,-0.0003710672755893431,-0.6997724914715338,0.48406939662491,0.5486119828415646,0.7485932433680939,45,9,29,26,3,396,0.1198576154549284,Will the Federal Reserve Hike rates by 0bps at their December 2024 meeting?
KXFEDDECISION-24DEC-H0,VGT,event,10min,8,1,kalshi_leads_etf,-0.0009145344262977916,-1.1162196472632462,0.2643281265024314,0.4471643689806572,0.7485932433680939,45,9,29,26,3,396,0.1198576154549284,Will the Federal Reserve Hike rates by 0bps at their December 2024 meeting?
KXFEDDECISION-24DEC-H0,VGT,event,10min,8,2,kalshi_leads_etf,-0.00020617669651809794,-0.3047581637003097,0.7605503471517813,0.7647068919751208,0.7485932433680939,45,9,29,26,3,396,0.1198576154549284,Will the Federal Reserve Hike rates by 0bps at their December 2024 meeting?
KXFEDDECISION-24DEC-H0,VGT,event,10min,8,3,kalshi_leads_etf,-0.0005613462919435169,-0.8367509708864723,0.4027325618433236,0.5266502731797309,0.7485932433680939,45,9,29,26,3,396,0.1198576154549284,Will the Federal Reserve Hike rates by 0bps at their December 2024 meeting?
KXFEDDECISION-24DEC-H0,VGT,event,10min,8,4,kalshi_leads_etf,-8.59407470377936e-05,-0.2993055871246012,0.7647068919751208,0.7647068919751208,0.7485932433680939,45,9,29,26,3,396,0.1198576154549284,Will the Federal Reserve Hike rates by 0bps at their December 2024 meeting?
KXFEDDECISION-24DEC-H0,VGT,event,10min,8,5,kalshi_leads_etf,-0.0006995255576947287,-0.920310171421136,0.3574106952687781,0.5063318182974357,0.7485932433680939,45,9,29,26,3,396,0.1198576154549284,Will the Federal Reserve Hike rates by 0bps at their December 2024 meeting?
KXFEDDECISION-24DEC-H0,VGT,event,10min,8,6,kalshi_leads_etf,-0.00028136158447732016,-0.7007027398969723,0.4834885458138031,0.5486119828415646,0.7485932433680939,45,9,29,26,3,396,0.1198576154549284,Will the Federal Reserve Hike rates by 0bps at their December 2024 meeting?
KXFEDDECISION-24DEC-H0,VGT,event,10min,8,7,kalshi_leads_etf,-0.00024178510421714644,-1.110567890238816,0.2667543904370264,0.4471643689806572,0.7485932433680939,45,9,29,26,3,396,0.1198576154549284,Will the Federal Reserve Hike rates by 0bps at their December 2024 meeting?
KXFEDDECISION-24DEC-H0,VGT,event,10min,8,8,kalshi_leads_etf,-0.000750959696409465,-1.7550967790865815,0.07924275517538686,0.2694253675963153,0.7485932433680939,45,9,29,26,3,396,0.1198576154549284,Will the Federal Reserve Hike rates by 0bps at their December 2024 meeting?
