contract_ticker,etf,mode,bar,K_chosen,k_lag,direction,beta,z_stat,p_value,p_fdr,pseudo_r2,n_obs,n_up,n_total,contract_title
FEDDECISION-24SEP-C25,VDC,calendar,2min,8,-8,etf_leads_kalshi,-0.01913370407010476,-0.27803987945646635,0.7809817458244013,0.8659693158959862,0.00016803728746084268,446,232,468,Will the Federal Reserve Cut rates by 25bps at their September 2024 meeting?
FEDDECISION-24SEP-C25,VDC,calendar,2min,8,-7,etf_leads_kalshi,-0.0459723819209109,-1.8608611289209154,0.06276379029721095,0.30212185313725365,0.0009448424457894067,447,233,468,Will the Federal Reserve Cut rates by 25bps at their September 2024 meeting?
FEDDECISION-24SEP-C25,VDC,calendar,2min,8,-6,etf_leads_kalshi,-0.04245497189609058,-0.6634939533325952,0.5070142508257738,0.8619242264038154,0.0008332386312769335,448,233,468,Will the Federal Reserve Cut rates by 25bps at their September 2024 meeting?
FEDDECISION-24SEP-C25,VDC,calendar,2min,8,-5,etf_leads_kalshi,-0.06788020892002371,-1.7014454731252389,0.08885936856978048,0.30212185313725365,0.002090821889840111,449,233,468,Will the Federal Reserve Cut rates by 25bps at their September 2024 meeting?
FEDDECISION-24SEP-C25,VDC,calendar,2min,8,-4,etf_leads_kalshi,0.08678653545839655,1.951212162527187,0.05103181275640162,0.30212185313725365,0.0032435885622522642,450,234,468,Will the Federal Reserve Cut rates by 25bps at their September 2024 meeting?
FEDDECISION-24SEP-C25,VDC,calendar,2min,8,-3,etf_leads_kalshi,-0.05792646086505763,-1.710836114775879,0.08711137064758347,0.30212185313725365,0.0015560377354681965,451,234,468,Will the Federal Reserve Cut rates by 25bps at their September 2024 meeting?
FEDDECISION-24SEP-C25,VDC,calendar,2min,8,-2,etf_leads_kalshi,-0.011308544779584876,-0.12350704690778705,0.9017055943907499,0.9017055943907499,5.7792180057747444e-05,452,234,468,Will the Federal Reserve Cut rates by 25bps at their September 2024 meeting?
FEDDECISION-24SEP-C25,VDC,calendar,2min,8,-1,etf_leads_kalshi,-0.054114107347517794,-1.6102074729958094,0.1073525705278476,0.30416561649556817,0.0013023650474591753,453,234,468,Will the Federal Reserve Cut rates by 25bps at their September 2024 meeting?
FEDDECISION-24SEP-C25,VDC,calendar,2min,8,0,contemp,0.01578296776769192,0.4431069450843951,0.6576883819714532,0.8659693158959862,0.00011434361316420283,454,234,468,Will the Federal Reserve Cut rates by 25bps at their September 2024 meeting?
FEDDECISION-24SEP-C25,VDC,calendar,2min,8,1,kalshi_leads_etf,0.01105094425763967,0.26405507556955604,0.7917374800966192,0.8659693158959862,5.071273988810354e-05,453,234,468,Will the Federal Reserve Cut rates by 25bps at their September 2024 meeting?
FEDDECISION-24SEP-C25,VDC,calendar,2min,8,2,kalshi_leads_etf,-0.058965064713101895,-1.0795346706315192,0.28034944667110584,0.6808486562012571,0.001405114528989948,452,233,468,Will the Federal Reserve Cut rates by 25bps at their September 2024 meeting?
FEDDECISION-24SEP-C25,VDC,calendar,2min,8,3,kalshi_leads_etf,-0.04787630837926689,-0.8223510247863022,0.41087714438601064,0.8619242264038154,0.000828187267866376,451,233,468,Will the Federal Reserve Cut rates by 25bps at their September 2024 meeting?
FEDDECISION-24SEP-C25,VDC,calendar,2min,8,4,kalshi_leads_etf,0.014883024866892847,0.2638026394700302,0.7919320005992471,0.8659693158959862,7.999314321560647e-05,450,233,468,Will the Federal Reserve Cut rates by 25bps at their September 2024 meeting?
FEDDECISION-24SEP-C25,VDC,calendar,2min,8,5,kalshi_leads_etf,0.22417248572357149,3.084024458978264,0.0020422080502017458,0.03471753685342968,0.015007176009903755,449,232,468,Will the Federal Reserve Cut rates by 25bps at their September 2024 meeting?
FEDDECISION-24SEP-C25,VDC,calendar,2min,8,6,kalshi_leads_etf,-0.03407469081341191,-0.4678750087401703,0.6398739762106123,0.8659693158959862,0.0004116697286390414,448,231,468,Will the Federal Reserve Cut rates by 25bps at their September 2024 meeting?
FEDDECISION-24SEP-C25,VDC,calendar,2min,8,7,kalshi_leads_etf,-0.04486684909292214,-0.6743512404906461,0.5000880343908432,0.8619242264038154,0.0007361828710401586,447,231,468,Will the Federal Reserve Cut rates by 25bps at their September 2024 meeting?
FEDDECISION-24SEP-C25,VDC,calendar,2min,8,8,kalshi_leads_etf,0.008243166638828119,0.233942079998995,0.8150299443726929,0.8659693158959862,2.474820743136874e-05,446,230,468,Will the Federal Reserve Cut rates by 25bps at their September 2024 meeting?
FEDDECISION-24SEP-C25,VDC,event,2min,8,-8,etf_leads_kalshi,0.026279505422757043,0.3023091546500662,0.7624164002409358,0.8341121741722224,0.00031558137148002263,452,227,468,Will the Federal Reserve Cut rates by 25bps at their September 2024 meeting?
FEDDECISION-24SEP-C25,VDC,event,2min,8,-7,etf_leads_kalshi,-0.0495266595905816,-1.277604950275195,0.20138875424637115,0.3804009802431455,0.0011014561766582442,453,228,468,Will the Federal Reserve Cut rates by 25bps at their September 2024 meeting?
FEDDECISION-24SEP-C25,VDC,event,2min,8,-6,etf_leads_kalshi,0.013359694371997806,0.27274823702283696,0.7850467521620916,0.8341121741722224,8.141809278072731e-05,454,228,468,Will the Federal Reserve Cut rates by 25bps at their September 2024 meeting?
FEDDECISION-24SEP-C25,VDC,event,2min,8,-5,etf_leads_kalshi,-0.09292573918119577,-4.247556496211601,2.1611467742116225e-05,0.00036739495161597585,0.003858061932582091,455,228,468,Will the Federal Reserve Cut rates by 25bps at their September 2024 meeting?
FEDDECISION-24SEP-C25,VDC,event,2min,8,-4,etf_leads_kalshi,0.08695566457249576,1.9865682115720518,0.04697026683836706,0.19962363406306,0.0032525480059645284,456,229,468,Will the Federal Reserve Cut rates by 25bps at their September 2024 meeting?
FEDDECISION-24SEP-C25,VDC,event,2min,8,-3,etf_leads_kalshi,-0.020735222835111748,-1.2923263259043054,0.1962441587604804,0.3804009802431455,0.00019711123254007035,457,229,468,Will the Federal Reserve Cut rates by 25bps at their September 2024 meeting?
FEDDECISION-24SEP-C25,VDC,event,2min,8,-2,etf_leads_kalshi,-0.019896943227219396,-0.18907407321160805,0.8500347615427088,0.8500347615427088,0.00017819107029604098,458,229,468,Will the Federal Reserve Cut rates by 25bps at their September 2024 meeting?
FEDDECISION-24SEP-C25,VDC,event,2min,8,-1,etf_leads_kalshi,-0.08152297504064,-1.4731482219638403,0.14071107310418882,0.3804009802431455,0.0029135101955776177,459,229,468,Will the Federal Reserve Cut rates by 25bps at their September 2024 meeting?
FEDDECISION-24SEP-C25,VDC,event,2min,8,0,contemp,0.033061121949704564,0.6994468462877081,0.4842728201622052,0.6860531618964573,0.0005041495753935754,460,229,468,Will the Federal Reserve Cut rates by 25bps at their September 2024 meeting?
FEDDECISION-24SEP-C25,VDC,event,2min,8,1,kalshi_leads_etf,0.05636902276540018,0.9477237000004192,0.3432701323754236,0.5835592250382201,0.001286821607291544,459,229,468,Will the Federal Reserve Cut rates by 25bps at their September 2024 meeting?
FEDDECISION-24SEP-C25,VDC,event,2min,8,2,kalshi_leads_etf,-0.06915071641975867,-2.2086144052531673,0.027201472523117352,0.1541416776309983,0.001915781956805307,458,228,468,Will the Federal Reserve Cut rates by 25bps at their September 2024 meeting?
FEDDECISION-24SEP-C25,VDC,event,2min,8,3,kalshi_leads_etf,-0.06101563762855559,-1.3797622471752577,0.16765986011969414,0.3804009802431455,0.001339380001721402,457,228,468,Will the Federal Reserve Cut rates by 25bps at their September 2024 meeting?
FEDDECISION-24SEP-C25,VDC,event,2min,8,4,kalshi_leads_etf,-0.04696935192040931,-0.7860670556354341,0.43182820354504814,0.6673708600241652,0.0007869112328403594,456,228,468,Will the Federal Reserve Cut rates by 25bps at their September 2024 meeting?
FEDDECISION-24SEP-C25,VDC,event,2min,8,5,kalshi_leads_etf,0.20062779457247532,2.6562237658811054,0.007902116078849341,0.06716798667021939,0.012433232514366566,455,227,468,Will the Federal Reserve Cut rates by 25bps at their September 2024 meeting?
FEDDECISION-24SEP-C25,VDC,event,2min,8,6,kalshi_leads_etf,-0.04541345350044264,-0.5469647672864709,0.584402937838443,0.7373556469403283,0.0007298029219127145,454,226,468,Will the Federal Reserve Cut rates by 25bps at their September 2024 meeting?
FEDDECISION-24SEP-C25,VDC,event,2min,8,7,kalshi_leads_etf,0.02511942663030125,0.5140256434066712,0.6072340621861527,0.7373556469403283,0.00022755767548754413,453,226,468,Will the Federal Reserve Cut rates by 25bps at their September 2024 meeting?
FEDDECISION-24SEP-C25,VDC,event,2min,8,8,kalshi_leads_etf,-0.09819626866607262,-1.7896132062523964,0.07351611397395935,0.2499547875114618,0.0033051988629541063,452,225,468,Will the Federal Reserve Cut rates by 25bps at their September 2024 meeting?
KXECDJT281,VNQ,calendar,5min,6,-6,etf_leads_kalshi,-0.2194856993244889,-1.568939393303017,0.11666206168299699,0.25276780031316015,0.021467546947693594,90,48,105,"Will Trump win 281-257 - AZ, GA, NC, PA?"
KXECDJT281,VNQ,calendar,5min,6,-5,etf_leads_kalshi,0.1712044858897618,2.2933567810849342,0.021827472689105506,0.13976547986507065,0.0138471304608494,91,49,105,"Will Trump win 281-257 - AZ, GA, NC, PA?"
KXECDJT281,VNQ,calendar,5min,6,-4,etf_leads_kalshi,-0.25325601753579563,-1.3653222524750768,0.17215178798836928,0.27974665548110006,0.028896199100148512,92,49,105,"Will Trump win 281-257 - AZ, GA, NC, PA?"
KXECDJT281,VNQ,calendar,5min,6,-3,etf_leads_kalshi,0.07799135691025239,1.4864431031221532,0.13716195591252806,0.254729346694695,0.0028409864205386492,93,49,105,"Will Trump win 281-257 - AZ, GA, NC, PA?"
KXECDJT281,VNQ,calendar,5min,6,-2,etf_leads_kalshi,0.1762240359323908,2.344889567626377,0.019032715905510273,0.13976547986507065,0.013996961029151045,94,50,105,"Will Trump win 281-257 - AZ, GA, NC, PA?"
KXECDJT281,VNQ,calendar,5min,6,-1,etf_leads_kalshi,-0.04441729273244349,-0.8535624214015097,0.3933474874693116,0.46486521246373186,0.000899325321200406,95,50,105,"Will Trump win 281-257 - AZ, GA, NC, PA?"
KXECDJT281,VNQ,calendar,5min,6,0,contemp,-0.3760157122443438,-2.023663728478308,0.04300476303540635,0.13976547986507065,0.052847442953638746,96,51,105,"Will Trump win 281-257 - AZ, GA, NC, PA?"
KXECDJT281,VNQ,calendar,5min,6,1,kalshi_leads_etf,0.12970843595134887,0.8719124423941724,0.3832561453499044,0.46486521246373186,0.0077415509909291025,95,50,105,"Will Trump win 281-257 - AZ, GA, NC, PA?"
KXECDJT281,VNQ,calendar,5min,6,2,kalshi_leads_etf,-0.18910204697464836,-2.1123361158868947,0.03465763021517217,0.13976547986507065,0.015732393642918563,94,50,105,"Will Trump win 281-257 - AZ, GA, NC, PA?"
KXECDJT281,VNQ,calendar,5min,6,3,kalshi_leads_etf,-0.007652088634823943,-0.06948430290118149,0.9446041269229669,0.9446041269229669,2.7401875286936495e-05,93,50,105,"Will Trump win 281-257 - AZ, GA, NC, PA?"
KXECDJT281,VNQ,calendar,5min,6,4,kalshi_leads_etf,0.17872672572879555,1.1527391320258493,0.24901747443351496,0.3596919075150772,0.01470789308062459,92,50,105,"Will Trump win 281-257 - AZ, GA, NC, PA?"
KXECDJT281,VNQ,calendar,5min,6,5,kalshi_leads_etf,-0.15865155837526868,-1.7030590275981699,0.08855702250749636,0.23024825851949055,0.011604888050658735,91,49,105,"Will Trump win 281-257 - AZ, GA, NC, PA?"
KXECDJT281,VNQ,calendar,5min,6,6,kalshi_leads_etf,0.05668626635257086,0.30463544230991707,0.7606438232008004,0.8240308084675337,0.0015422084975913464,90,48,105,"Will Trump win 281-257 - AZ, GA, NC, PA?"
KXECDJT281,VNQ,event,5min,6,-6,etf_leads_kalshi,-0.10630829014338006,-1.0371921795177406,0.2996463020271476,0.7418197125120428,0.005339231927727006,93,52,105,"Will Trump win 281-257 - AZ, GA, NC, PA?"
KXECDJT281,VNQ,event,5min,6,-5,etf_leads_kalshi,0.04156430904325444,0.7174094130105683,0.4731215131812363,0.7418197125120428,0.0008361412214107355,94,52,105,"Will Trump win 281-257 - AZ, GA, NC, PA?"
KXECDJT281,VNQ,event,5min,6,-4,etf_leads_kalshi,-0.06903975854577754,-0.48497567175823203,0.6276936028948055,0.7418197125120428,0.002218264188058816,95,52,105,"Will Trump win 281-257 - AZ, GA, NC, PA?"
KXECDJT281,VNQ,event,5min,6,-3,etf_leads_kalshi,0.15912096463201178,1.9493735518922393,0.05125083064366737,0.22208693278922526,0.011521303111896697,96,53,105,"Will Trump win 281-257 - AZ, GA, NC, PA?"
KXECDJT281,VNQ,event,5min,6,-2,etf_leads_kalshi,0.03409054345128806,0.6194063747152662,0.535648682689619,0.7418197125120428,0.0005330790919209072,97,53,105,"Will Trump win 281-257 - AZ, GA, NC, PA?"
KXECDJT281,VNQ,event,5min,6,-1,etf_leads_kalshi,0.08441812808969092,1.6657024876371722,0.09577268627081958,0.3112612303801636,0.0032307988053830172,98,53,105,"Will Trump win 281-257 - AZ, GA, NC, PA?"
KXECDJT281,VNQ,event,5min,6,0,contemp,-0.08946064059346881,-1.9558878239557453,0.05047836999289204,0.22208693278922526,0.00359365213313545,99,53,105,"Will Trump win 281-257 - AZ, GA, NC, PA?"
KXECDJT281,VNQ,event,5min,6,1,kalshi_leads_etf,0.11077135541786348,0.8842220092345093,0.37657637955041445,0.7418197125120428,0.005564839319186943,98,52,105,"Will Trump win 281-257 - AZ, GA, NC, PA?"
KXECDJT281,VNQ,event,5min,6,2,kalshi_leads_etf,0.04739338174684091,0.30968143048260666,0.7568032253671595,0.8088909321176063,0.0010278461878695522,97,52,105,"Will Trump win 281-257 - AZ, GA, NC, PA?"
KXECDJT281,VNQ,event,5min,6,3,kalshi_leads_etf,-0.133143825206397,-0.5500231217608907,0.582303514745903,0.7418197125120428,0.00834173870625643,96,52,105,"Will Trump win 281-257 - AZ, GA, NC, PA?"
KXECDJT281,VNQ,event,5min,6,4,kalshi_leads_etf,0.11002223573928781,0.5728605312246827,0.5667391302132092,0.7418197125120428,0.005593709455905649,95,52,105,"Will Trump win 281-257 - AZ, GA, NC, PA?"
KXECDJT281,VNQ,event,5min,6,5,kalshi_leads_etf,0.023251482719751033,0.2418570489877848,0.8088909321176063,0.8088909321176063,0.000253261453435627,94,52,105,"Will Trump win 281-257 - AZ, GA, NC, PA?"
KXECDJT281,VNQ,event,5min,6,6,kalshi_leads_etf,-0.05640461139847465,-2.101365315674718,0.035608910189799836,0.22208693278922526,0.001520825577721041,93,52,105,"Will Trump win 281-257 - AZ, GA, NC, PA?"
FEDDECISION-24SEP-C25,VOX,calendar,2min,8,-8,etf_leads_kalshi,0.022024833979579144,0.24137305434833756,0.8092659949453929,0.8366453803549971,0.00022253410671302376,445,227,468,Will the Federal Reserve Cut rates by 25bps at their September 2024 meeting?
FEDDECISION-24SEP-C25,VOX,calendar,2min,8,-7,etf_leads_kalshi,-0.04968097157118095,-1.1440751684980084,0.2525924646991864,0.6134388428408812,0.001093359846845221,446,227,468,Will the Federal Reserve Cut rates by 25bps at their September 2024 meeting?
FEDDECISION-24SEP-C25,VOX,calendar,2min,8,-6,etf_leads_kalshi,0.09031459983897092,1.3918916689993692,0.16395520500432226,0.5574476970146957,0.00360867263178255,447,227,468,Will the Federal Reserve Cut rates by 25bps at their September 2024 meeting?
FEDDECISION-24SEP-C25,VOX,calendar,2min,8,-5,etf_leads_kalshi,-0.022205510942354942,-0.3080636556613201,0.7580338957685776,0.8366453803549971,0.00022742527048325023,448,228,468,Will the Federal Reserve Cut rates by 25bps at their September 2024 meeting?
FEDDECISION-24SEP-C25,VOX,calendar,2min,8,-4,etf_leads_kalshi,-0.011962964661852277,-0.20618631100153656,0.8366453803549971,0.8366453803549971,6.575861498581137e-05,449,229,468,Will the Federal Reserve Cut rates by 25bps at their September 2024 meeting?
FEDDECISION-24SEP-C25,VOX,calendar,2min,8,-3,etf_leads_kalshi,-0.08638593899338919,-1.5060153668114309,0.13206322890355157,0.5574476970146957,0.003379217732682349,450,229,468,Will the Federal Reserve Cut rates by 25bps at their September 2024 meeting?
FEDDECISION-24SEP-C25,VOX,calendar,2min,8,-2,etf_leads_kalshi,0.022924410610445138,0.2372784444507873,0.8124407834940615,0.8366453803549971,0.00024186518699320647,451,229,468,Will the Federal Reserve Cut rates by 25bps at their September 2024 meeting?
FEDDECISION-24SEP-C25,VOX,calendar,2min,8,-1,etf_leads_kalshi,-0.06572405160208913,-1.2233343497010298,0.22120343833302147,0.6134388428408812,0.0019067782723041216,452,229,468,Will the Federal Reserve Cut rates by 25bps at their September 2024 meeting?
FEDDECISION-24SEP-C25,VOX,calendar,2min,8,0,contemp,0.011227071475966114,0.32966336475293434,0.7416543382910757,0.8366453803549971,5.763664278091163e-05,453,230,468,Will the Federal Reserve Cut rates by 25bps at their September 2024 meeting?
FEDDECISION-24SEP-C25,VOX,calendar,2min,8,1,kalshi_leads_etf,0.02831812648188843,0.6163294435048451,0.5376771099961553,0.8309555336304217,0.0003292767305711486,452,230,468,Will the Federal Reserve Cut rates by 25bps at their September 2024 meeting?
FEDDECISION-24SEP-C25,VOX,calendar,2min,8,2,kalshi_leads_etf,-0.0894336762872143,-1.687236674646505,0.09155785202224419,0.5574476970146957,0.003253168052504085,451,229,468,Will the Federal Reserve Cut rates by 25bps at their September 2024 meeting?
FEDDECISION-24SEP-C25,VOX,calendar,2min,8,3,kalshi_leads_etf,0.03004205529162063,0.6975768071140601,0.4854418901679389,0.8309555336304217,0.00033053678646954854,450,229,468,Will the Federal Reserve Cut rates by 25bps at their September 2024 meeting?
FEDDECISION-24SEP-C25,VOX,calendar,2min,8,4,kalshi_leads_etf,-0.01988291409203704,-0.37008863144236764,0.7113164524920195,0.8366453803549971,0.00014159244979217167,449,229,468,Will the Federal Reserve Cut rates by 25bps at their September 2024 meeting?
FEDDECISION-24SEP-C25,VOX,calendar,2min,8,5,kalshi_leads_etf,0.02289802222769147,0.6849538325728952,0.4933730544072208,0.8309555336304217,0.0001876462993762873,448,228,468,Will the Federal Reserve Cut rates by 25bps at their September 2024 meeting?
FEDDECISION-24SEP-C25,VOX,calendar,2min,8,6,kalshi_leads_etf,-0.06931071035955691,-1.402418271998146,0.16079038017130887,0.5574476970146957,0.0017541736838962985,447,227,468,Will the Federal Reserve Cut rates by 25bps at their September 2024 meeting?
FEDDECISION-24SEP-C25,VOX,calendar,2min,8,7,kalshi_leads_etf,-0.12945009256489012,-1.436694056906945,0.15080494440173403,0.5574476970146957,0.005729169669224321,446,226,468,Will the Federal Reserve Cut rates by 25bps at their September 2024 meeting?
FEDDECISION-24SEP-C25,VOX,calendar,2min,8,8,kalshi_leads_etf,0.07139367176602296,1.0494219814018098,0.293983945703851,0.6247158846206834,0.0018765713596597955,445,225,468,Will the Federal Reserve Cut rates by 25bps at their September 2024 meeting?
FEDDECISION-24SEP-C25,VOX,event,2min,8,-8,etf_leads_kalshi,-0.019544564205293307,-0.26243265371709634,0.7929879005815391,0.8063433433354844,0.00017591067472555455,448,229,468,Will the Federal Reserve Cut rates by 25bps at their September 2024 meeting?
FEDDECISION-24SEP-C25,VOX,event,2min,8,-7,etf_leads_kalshi,0.023384449618607618,0.41045319289323257,0.6814735327542558,0.8063433433354844,0.00025329977825028216,449,229,468,Will the Federal Reserve Cut rates by 25bps at their September 2024 meeting?
FEDDECISION-24SEP-C25,VOX,event,2min,8,-6,etf_leads_kalshi,0.05860290920845883,0.9917520210825691,0.32131850760912717,0.8063433433354844,0.001548816186908053,450,229,468,Will the Federal Reserve Cut rates by 25bps at their September 2024 meeting?
FEDDECISION-24SEP-C25,VOX,event,2min,8,-5,etf_leads_kalshi,0.03463026250008373,0.5475799154078823,0.5839803834303154,0.8063433433354844,0.0005407142112014984,451,230,468,Will the Federal Reserve Cut rates by 25bps at their September 2024 meeting?
FEDDECISION-24SEP-C25,VOX,event,2min,8,-4,etf_leads_kalshi,-0.014495505161883403,-0.3117910566925844,0.7551993212129777,0.8063433433354844,9.666314443201873e-05,452,231,468,Will the Federal Reserve Cut rates by 25bps at their September 2024 meeting?
FEDDECISION-24SEP-C25,VOX,event,2min,8,-3,etf_leads_kalshi,-0.0806707899387567,-1.869605449230219,0.06153862800779602,0.5230783380662661,0.002958964407715481,453,231,468,Will the Federal Reserve Cut rates by 25bps at their September 2024 meeting?
FEDDECISION-24SEP-C25,VOX,event,2min,8,-2,etf_leads_kalshi,0.028611347667014026,0.3282435287597195,0.7427275381998735,0.8063433433354844,0.0003775273754283992,454,231,468,Will the Federal Reserve Cut rates by 25bps at their September 2024 meeting?
FEDDECISION-24SEP-C25,VOX,event,2min,8,-1,etf_leads_kalshi,-0.06558313927681496,-1.5679911625750338,0.11688319480774677,0.61224316039636,0.001907323435548891,455,231,468,Will the Federal Reserve Cut rates by 25bps at their September 2024 meeting?
FEDDECISION-24SEP-C25,VOX,event,2min,8,0,contemp,0.025586192858146065,0.8117838007802092,0.4169156988619812,0.8063433433354844,0.0002988358784579148,456,232,468,Will the Federal Reserve Cut rates by 25bps at their September 2024 meeting?
FEDDECISION-24SEP-C25,VOX,event,2min,8,1,kalshi_leads_etf,0.05053787172857363,1.088211691707041,0.27650166445356195,0.8063433433354844,0.0010363768745180746,455,232,468,Will the Federal Reserve Cut rates by 25bps at their September 2024 meeting?
FEDDECISION-24SEP-C25,VOX,event,2min,8,2,kalshi_leads_etf,-0.09906442638682306,-2.018869457374098,0.04350078948280361,0.5230783380662661,0.003982456485337238,454,231,468,Will the Federal Reserve Cut rates by 25bps at their September 2024 meeting?
FEDDECISION-24SEP-C25,VOX,event,2min,8,3,kalshi_leads_etf,0.02647750973822501,0.5140158937067513,0.6072408786202752,0.8063433433354844,0.00025771568636878683,453,231,468,Will the Federal Reserve Cut rates by 25bps at their September 2024 meeting?
FEDDECISION-24SEP-C25,VOX,event,2min,8,4,kalshi_leads_etf,-0.03829295570366142,-0.5551969305412254,0.578759968190664,0.8063433433354844,0.0005217068061291741,452,231,468,Will the Federal Reserve Cut rates by 25bps at their September 2024 meeting?
FEDDECISION-24SEP-C25,VOX,event,2min,8,5,kalshi_leads_etf,0.00975381686611266,0.24514605572576093,0.8063433433354844,0.8063433433354844,3.430089950995363e-05,451,230,468,Will the Federal Reserve Cut rates by 25bps at their September 2024 meeting?
FEDDECISION-24SEP-C25,VOX,event,2min,8,6,kalshi_leads_etf,-0.0397552740099335,-0.8803036620080895,0.3786948293381529,0.8063433433354844,0.000576126007899691,450,229,468,Will the Federal Reserve Cut rates by 25bps at their September 2024 meeting?
FEDDECISION-24SEP-C25,VOX,event,2min,8,7,kalshi_leads_etf,-0.13702230668687007,-1.4608478014927058,0.14405721421090822,0.61224316039636,0.006281366431139523,449,228,468,Will the Federal Reserve Cut rates by 25bps at their September 2024 meeting?
FEDDECISION-24SEP-C25,VOX,event,2min,8,8,kalshi_leads_etf,-0.02728117019463143,-0.5655496032130233,0.5716999953797012,0.8063433433354844,0.00026775668446443746,448,227,468,Will the Federal Reserve Cut rates by 25bps at their September 2024 meeting?
FEDDECISION-24SEP-C25,VPU,calendar,2min,8,-8,etf_leads_kalshi,-0.10265086153881693,-2.318620273924598,0.02041563483442481,0.14657048792205246,0.004564721680117567,438,227,468,Will the Federal Reserve Cut rates by 25bps at their September 2024 meeting?
FEDDECISION-24SEP-C25,VPU,calendar,2min,8,-7,etf_leads_kalshi,-0.06517741083225095,-0.9285924787348313,0.35310032117851686,0.543187918395666,0.0018495807365846995,439,227,468,Will the Federal Reserve Cut rates by 25bps at their September 2024 meeting?
FEDDECISION-24SEP-C25,VPU,calendar,2min,8,-6,etf_leads_kalshi,-0.076673374887392,-1.0469201852641303,0.2951363913027667,0.543187918395666,0.0026009382495786326,440,227,468,Will the Federal Reserve Cut rates by 25bps at their September 2024 meeting?
FEDDECISION-24SEP-C25,VPU,calendar,2min,8,-5,etf_leads_kalshi,0.08927363291806184,1.8551489446635054,0.06357496008173825,0.21615486427791006,0.00353538567698386,441,227,468,Will the Federal Reserve Cut rates by 25bps at their September 2024 meeting?
FEDDECISION-24SEP-C25,VPU,calendar,2min,8,-4,etf_leads_kalshi,0.038789404972265344,0.8715997521891068,0.3834267659263525,0.543187918395666,0.0006795419556865356,442,227,468,Will the Federal Reserve Cut rates by 25bps at their September 2024 meeting?
FEDDECISION-24SEP-C25,VPU,calendar,2min,8,-3,etf_leads_kalshi,0.0738185515623506,3.5964721472728858,0.00032256210356393665,0.0054835557605869235,0.0023663246499497914,443,228,468,Will the Federal Reserve Cut rates by 25bps at their September 2024 meeting?
FEDDECISION-24SEP-C25,VPU,calendar,2min,8,-2,etf_leads_kalshi,-0.012469450742372011,-0.18558741714606825,0.8527683218025311,0.8527683218025311,7.066418601675561e-05,444,228,468,Will the Federal Reserve Cut rates by 25bps at their September 2024 meeting?
FEDDECISION-24SEP-C25,VPU,calendar,2min,8,-1,etf_leads_kalshi,-0.13083247164963416,-2.0675256434669382,0.03868465042348391,0.1644097642998066,0.006992333143482687,445,228,468,Will the Federal Reserve Cut rates by 25bps at their September 2024 meeting?
FEDDECISION-24SEP-C25,VPU,calendar,2min,8,0,contemp,0.06084043098271668,0.8014781656065324,0.4228548794739684,0.5529640731582663,0.0016657264911189573,446,228,468,Will the Federal Reserve Cut rates by 25bps at their September 2024 meeting?
FEDDECISION-24SEP-C25,VPU,calendar,2min,8,1,kalshi_leads_etf,-0.06937967917377037,-2.22822701853032,0.02586538022153867,0.14657048792205246,0.0019344801103974296,445,227,468,Will the Federal Reserve Cut rates by 25bps at their September 2024 meeting?
FEDDECISION-24SEP-C25,VPU,calendar,2min,8,2,kalshi_leads_etf,-0.00961745973860536,-0.28158350313112,0.7782628911547299,0.8269043218519005,3.8256174630935114e-05,444,227,468,Will the Federal Reserve Cut rates by 25bps at their September 2024 meeting?
FEDDECISION-24SEP-C25,VPU,calendar,2min,8,3,kalshi_leads_etf,0.08753315698554949,1.7358732736755065,0.0825862444103122,0.23399435916255124,0.002698425657041703,443,226,468,Will the Federal Reserve Cut rates by 25bps at their September 2024 meeting?
FEDDECISION-24SEP-C25,VPU,calendar,2min,8,4,kalshi_leads_etf,-0.049349602459752305,-0.5978511666259727,0.5499392462850796,0.6677833704890253,0.0008752748604903271,442,226,468,Will the Federal Reserve Cut rates by 25bps at their September 2024 meeting?
FEDDECISION-24SEP-C25,VPU,calendar,2min,8,5,kalshi_leads_etf,0.06515087711122325,0.9629397773046465,0.33557774624420933,0.543187918395666,0.0015677950910174543,441,226,468,Will the Federal Reserve Cut rates by 25bps at their September 2024 meeting?
FEDDECISION-24SEP-C25,VPU,calendar,2min,8,6,kalshi_leads_etf,0.130773064660536,1.6400341394627493,0.10099806879503621,0.24528102421651654,0.00577795695355654,440,226,468,Will the Federal Reserve Cut rates by 25bps at their September 2024 meeting?
FEDDECISION-24SEP-C25,VPU,calendar,2min,8,7,kalshi_leads_etf,-0.02354000116027063,-0.42691999648943024,0.6694376002786728,0.7586959469824959,0.00020616864399147783,439,225,468,Will the Federal Reserve Cut rates by 25bps at their September 2024 meeting?
FEDDECISION-24SEP-C25,VPU,calendar,2min,8,8,kalshi_leads_etf,-0.04285118022348423,-1.0076015920092405,0.31364576436151237,0.543187918395666,0.0006541278467241396,438,224,468,Will the Federal Reserve Cut rates by 25bps at their September 2024 meeting?
FEDDECISION-24SEP-C25,VPU,event,2min,8,-8,etf_leads_kalshi,-0.06955063848103896,-3.302062317268349,0.0009597674446368354,0.0163160465588262,0.0021448452064285473,449,228,468,Will the Federal Reserve Cut rates by 25bps at their September 2024 meeting?
FEDDECISION-24SEP-C25,VPU,event,2min,8,-7,etf_leads_kalshi,-0.07647057784213529,-1.0430971515846192,0.29690329980265207,0.6309195120806357,0.0025277633614665396,450,228,468,Will the Federal Reserve Cut rates by 25bps at their September 2024 meeting?
FEDDECISION-24SEP-C25,VPU,event,2min,8,-6,etf_leads_kalshi,-0.005795964355371002,-0.2864516328704342,0.7745322333385615,0.9466342990943529,1.5353392619377182e-05,451,228,468,Will the Federal Reserve Cut rates by 25bps at their September 2024 meeting?
FEDDECISION-24SEP-C25,VPU,event,2min,8,-5,etf_leads_kalshi,0.0750978057693724,1.6379746849327221,0.10142697473865182,0.41135151061808106,0.0024987637709668054,452,228,468,Will the Federal Reserve Cut rates by 25bps at their September 2024 meeting?
FEDDECISION-24SEP-C25,VPU,event,2min,8,-4,etf_leads_kalshi,0.03347352849761457,0.5582938695525421,0.5766437304545762,0.8169119514773162,0.0005057440764582033,453,228,468,Will the Federal Reserve Cut rates by 25bps at their September 2024 meeting?
FEDDECISION-24SEP-C25,VPU,event,2min,8,-3,etf_leads_kalshi,0.041010006994311475,0.9063089063024822,0.36477237276001684,0.6890144818800318,0.0007478674629816107,454,229,468,Will the Federal Reserve Cut rates by 25bps at their September 2024 meeting?
FEDDECISION-24SEP-C25,VPU,event,2min,8,-2,etf_leads_kalshi,0.024651376378067802,0.7330528398348102,0.46352620221678476,0.7163586761532128,0.00027414971881567496,455,229,468,Will the Federal Reserve Cut rates by 25bps at their September 2024 meeting?
FEDDECISION-24SEP-C25,VPU,event,2min,8,-1,etf_leads_kalshi,-0.16336571257611324,-2.190977772718357,0.02845340096862765,0.18371875397473753,0.010229131899982535,456,229,468,Will the Federal Reserve Cut rates by 25bps at their September 2024 meeting?
FEDDECISION-24SEP-C25,VPU,event,2min,8,0,contemp,0.005948848180654924,0.06693393284878506,0.9466342990943529,0.9466342990943529,1.620279652525536e-05,457,229,468,Will the Federal Reserve Cut rates by 25bps at their September 2024 meeting?
FEDDECISION-24SEP-C25,VPU,event,2min,8,1,kalshi_leads_etf,-0.08317322530584752,-1.5506493513189707,0.12098573841708267,0.41135151061808106,0.0027780810297816094,456,228,468,Will the Federal Reserve Cut rates by 25bps at their September 2024 meeting?
FEDDECISION-24SEP-C25,VPU,event,2min,8,2,kalshi_leads_etf,-0.011238761600277428,-0.21488542455266318,0.8298566489722284,0.9466342990943529,5.224869157904877e-05,455,228,468,Will the Federal Reserve Cut rates by 25bps at their September 2024 meeting?
FEDDECISION-24SEP-C25,VPU,event,2min,8,3,kalshi_leads_etf,0.06512509288503743,1.4106803203062497,0.15833889629551978,0.448626872837306,0.0015189583511754368,454,228,468,Will the Federal Reserve Cut rates by 25bps at their September 2024 meeting?
FEDDECISION-24SEP-C25,VPU,event,2min,8,4,kalshi_leads_etf,0.02794181101500855,1.084766366997586,0.27802514520734156,0.6309195120806357,0.00028483585049143834,453,228,468,Will the Federal Reserve Cut rates by 25bps at their September 2024 meeting?
FEDDECISION-24SEP-C25,VPU,event,2min,8,5,kalshi_leads_etf,-0.10678275861163596,-2.1391816887937485,0.032420956583777215,0.18371875397473753,0.003949995262262029,452,228,468,Will the Federal Reserve Cut rates by 25bps at their September 2024 meeting?
FEDDECISION-24SEP-C25,VPU,event,2min,8,6,kalshi_leads_etf,0.05875142951596892,0.7953080110087444,0.4264343546989262,0.7163586761532128,0.0012352945367429813,451,227,468,Will the Federal Reserve Cut rates by 25bps at their September 2024 meeting?
FEDDECISION-24SEP-C25,VPU,event,2min,8,7,kalshi_leads_etf,-0.00591497732630894,-0.07184299357344921,0.942726857274989,0.9466342990943529,1.297610136063998e-05,450,226,468,Will the Federal Reserve Cut rates by 25bps at their September 2024 meeting?
FEDDECISION-24SEP-C25,VPU,event,2min,8,8,kalshi_leads_etf,0.015660196551615373,0.19083965790439691,0.8486512171278372,0.9466342990943529,9.056379353100663e-05,449,225,468,Will the Federal Reserve Cut rates by 25bps at their September 2024 meeting?
KXECDJT281,VOX,calendar,5min,6,-6,etf_leads_kalshi,-0.08998774011448765,-1.0330436310400157,0.3015834807893555,0.7255045264382528,0.00373200715765154,96,51,105,"Will Trump win 281-257 - AZ, GA, NC, PA?"
KXECDJT281,VOX,calendar,5min,6,-5,etf_leads_kalshi,0.07309868413217564,1.0131023015107201,0.3110112990867566,0.7255045264382528,0.0024706648154502187,97,52,105,"Will Trump win 281-257 - AZ, GA, NC, PA?"
KXECDJT281,VOX,calendar,5min,6,-4,etf_leads_kalshi,0.03519798257104776,0.659514128475005,0.5095656764998651,0.7360393104998051,0.0005767149650010017,98,52,105,"Will Trump win 281-257 - AZ, GA, NC, PA?"
KXECDJT281,VOX,calendar,5min,6,-3,etf_leads_kalshi,-0.013028012553613143,-0.2741371651863992,0.7839792137358751,0.9064230688230606,7.892497426753575e-05,99,53,105,"Will Trump win 281-257 - AZ, GA, NC, PA?"
KXECDJT281,VOX,calendar,5min,6,-2,etf_leads_kalshi,-0.05241530623676235,-0.8584277979310018,0.3906562834667515,0.7255045264382528,0.0012747120130814915,100,53,105,"Will Trump win 281-257 - AZ, GA, NC, PA?"
KXECDJT281,VOX,calendar,5min,6,-1,etf_leads_kalshi,0.282409740013651,5.722084147716032,1.0522516476797866e-08,1.3679271419837225e-07,0.030303576312241454,101,53,105,"Will Trump win 281-257 - AZ, GA, NC, PA?"
KXECDJT281,VOX,calendar,5min,6,0,contemp,-0.022866425085573017,-0.27055275550364766,0.7867350365507471,0.9064230688230606,0.0002389925827527284,102,53,105,"Will Trump win 281-257 - AZ, GA, NC, PA?"
KXECDJT281,VOX,calendar,5min,6,1,kalshi_leads_etf,-0.13083645087482168,-0.9705645336730806,0.33176517436932784,0.7255045264382528,0.007380605834378495,101,52,105,"Will Trump win 281-257 - AZ, GA, NC, PA?"
KXECDJT281,VOX,calendar,5min,6,2,kalshi_leads_etf,0.10753197781902783,0.8912415402284178,0.3727996034352824,0.7255045264382528,0.005059272161667239,100,52,105,"Will Trump win 281-257 - AZ, GA, NC, PA?"
KXECDJT281,VOX,calendar,5min,6,3,kalshi_leads_etf,-0.002092260409724083,-0.03097092664373864,0.975292725722901,0.975292725722901,2.050529423036629e-06,99,52,105,"Will Trump win 281-257 - AZ, GA, NC, PA?"
KXECDJT281,VOX,calendar,5min,6,4,kalshi_leads_etf,-0.14915638219901062,-0.7327015665015763,0.4637404683370496,0.7360393104998051,0.00969261737724103,98,51,105,"Will Trump win 281-257 - AZ, GA, NC, PA?"
KXECDJT281,VOX,calendar,5min,6,5,kalshi_leads_etf,0.08831373481769338,1.4162184568767096,0.1567115536257502,0.7255045264382528,0.003539521447714744,97,50,105,"Will Trump win 281-257 - AZ, GA, NC, PA?"
KXECDJT281,VOX,calendar,5min,6,6,kalshi_leads_etf,0.015724739133938702,0.2061186673937148,0.8366982173751328,0.9064230688230606,0.00011743652822948647,96,49,105,"Will Trump win 281-257 - AZ, GA, NC, PA?"
KXECDJT281,VOX,event,5min,6,-6,etf_leads_kalshi,-0.023231959874566343,-0.25066437223128063,0.802073608218436,0.802073608218436,0.0002571183192424664,97,53,105,"Will Trump win 281-257 - AZ, GA, NC, PA?"
KXECDJT281,VOX,event,5min,6,-5,etf_leads_kalshi,0.07708445330464093,0.8939536730302996,0.37134667856228554,0.6798359126155358,0.002709070120020418,98,53,105,"Will Trump win 281-257 - AZ, GA, NC, PA?"
KXECDJT281,VOX,event,5min,6,-4,etf_leads_kalshi,0.12970429487297264,2.134144714645535,0.03283093659726755,0.21340108788223908,0.00740449201125426,99,54,105,"Will Trump win 281-257 - AZ, GA, NC, PA?"
KXECDJT281,VOX,event,5min,6,-3,etf_leads_kalshi,0.03716796073462199,0.4208146977281725,0.6738903982349637,0.802073608218436,0.0006260466306110546,100,55,105,"Will Trump win 281-257 - AZ, GA, NC, PA?"
KXECDJT281,VOX,event,5min,6,-2,etf_leads_kalshi,-0.06995572715921261,-0.5534607317901984,0.5799479625007311,0.802073608218436,0.0022589620991374515,101,55,105,"Will Trump win 281-257 - AZ, GA, NC, PA?"
KXECDJT281,VOX,event,5min,6,-1,etf_leads_kalshi,0.12043810625079869,3.0884841919152004,0.0020118039645729306,0.026153451539448095,0.006227425111950402,102,56,105,"Will Trump win 281-257 - AZ, GA, NC, PA?"
KXECDJT281,VOX,event,5min,6,0,contemp,0.11252220916804562,1.4730708499843999,0.14073193256262648,0.5298148153072447,0.005331058716942505,103,56,105,"Will Trump win 281-257 - AZ, GA, NC, PA?"
KXECDJT281,VOX,event,5min,6,1,kalshi_leads_etf,-0.11943909390228852,-0.8092687771272105,0.4183605616095605,0.6798359126155358,0.006273485804149992,102,55,105,"Will Trump win 281-257 - AZ, GA, NC, PA?"
KXECDJT281,VOX,event,5min,6,2,kalshi_leads_etf,0.14773488314226185,1.36847412352212,0.17116371633644578,0.5298148153072447,0.009325644942796418,101,55,105,"Will Trump win 281-257 - AZ, GA, NC, PA?"
KXECDJT281,VOX,event,5min,6,3,kalshi_leads_etf,-0.1670064143297236,-1.270869920424711,0.20377492896432492,0.5298148153072447,0.011900811348355078,100,55,105,"Will Trump win 281-257 - AZ, GA, NC, PA?"
KXECDJT281,VOX,event,5min,6,4,kalshi_leads_etf,0.025732968712696612,0.3259246450486357,0.7444813688843226,0.802073608218436,0.0003012030735417559,99,55,105,"Will Trump win 281-257 - AZ, GA, NC, PA?"
KXECDJT281,VOX,event,5min,6,5,kalshi_leads_etf,0.06729565966323635,1.1241329189681721,0.26095664193411205,0.5654060575239094,0.0020528100858830944,98,54,105,"Will Trump win 281-257 - AZ, GA, NC, PA?"
KXECDJT281,VOX,event,5min,6,6,kalshi_leads_etf,-0.026832818985318058,-0.2525276990601949,0.8006332069447951,0.802073608218436,0.00033972810143600984,97,53,105,"Will Trump win 281-257 - AZ, GA, NC, PA?"
KXECDJT306,VDC,calendar,10min,4,-2,etf_leads_kalshi,-0.147513485845,-0.594309169981663,0.5523053464949509,0.5807406253449556,0.009814339393009353,30,16,33,"Will Trump win 306-232 - AZ, GA, MI, PA, WI, NC?"
KXECDJT306,VDC,calendar,10min,4,-1,etf_leads_kalshi,0.5704010454161293,5.511873682578117,3.550336953692752e-08,1.7751684768463758e-07,0.10568548261425637,31,16,33,"Will Trump win 306-232 - AZ, GA, MI, PA, WI, NC?"
KXECDJT306,VDC,calendar,10min,4,0,contemp,-0.07651793722415803,-1.1761667486219367,0.23952824905013848,0.48717066399126635,0.002566262082362103,32,16,33,"Will Trump win 306-232 - AZ, GA, MI, PA, WI, NC?"
KXECDJT306,VDC,calendar,10min,4,1,kalshi_leads_etf,-0.1836563644671777,-1.0530842112756098,0.2923023983947598,0.48717066399126635,0.014405020877533148,31,15,33,"Will Trump win 306-232 - AZ, GA, MI, PA, WI, NC?"
KXECDJT306,VDC,calendar,10min,4,2,kalshi_leads_etf,-0.10386321177890913,-0.5523032192761727,0.5807406253449556,0.5807406253449556,0.005035180740222911,30,15,33,"Will Trump win 306-232 - AZ, GA, MI, PA, WI, NC?"
KXECDJT306,VDC,event,10min,4,-3,etf_leads_kalshi,-0.18310966017412167,-0.37622512339154485,0.7067495394006224,0.7067495394006224,0.01608997790302391,30,15,33,"Will Trump win 306-232 - AZ, GA, MI, PA, WI, NC?"
KXECDJT306,VDC,event,10min,4,-2,etf_leads_kalshi,-0.12641982444363428,-0.5476967336556889,0.5839001553109362,0.7067495394006224,0.007325462843581043,31,15,33,"Will Trump win 306-232 - AZ, GA, MI, PA, WI, NC?"
KXECDJT306,VDC,event,10min,4,-1,etf_leads_kalshi,0.5102049618436276,4.661217645242902,3.1434409300773856e-06,1.100204325527085e-05,0.09061514071607524,32,15,33,"Will Trump win 306-232 - AZ, GA, MI, PA, WI, NC?"
KXECDJT306,VDC,event,10min,4,0,contemp,-0.1737062444312309,-6.424774608533518,1.3206504939403027e-10,9.244553457582119e-10,0.012904339444279267,33,15,33,"Will Trump win 306-232 - AZ, GA, MI, PA, WI, NC?"
KXECDJT306,VDC,event,10min,4,1,kalshi_leads_etf,0.0998847096638676,1.3797543601149327,0.16766228932857796,0.29340900632501143,0.004654784074652141,32,14,33,"Will Trump win 306-232 - AZ, GA, MI, PA, WI, NC?"
KXECDJT306,VDC,event,10min,4,2,kalshi_leads_etf,0.019238359701521802,0.41859516912501227,0.6755120207412104,0.7067495394006224,0.0001710041396509876,31,14,33,"Will Trump win 306-232 - AZ, GA, MI, PA, WI, NC?"
KXECDJT306,VDC,event,10min,4,3,kalshi_leads_etf,-0.18399484711522426,-1.581455076223253,0.11377402292208531,0.2654727201515324,0.015184370893849386,30,14,33,"Will Trump win 306-232 - AZ, GA, MI, PA, WI, NC?"
KXECDJT281,VGT,calendar,5min,6,-6,etf_leads_kalshi,-0.16191150688620137,-1.5176811593827304,0.12909479591610157,0.5840851279132394,0.011503205148819862,99,55,105,"Will Trump win 281-257 - AZ, GA, NC, PA?"
KXECDJT281,VGT,calendar,5min,6,-5,etf_leads_kalshi,-0.08064698569100254,-1.3060285225456343,0.19154285814415883,0.5840851279132394,0.0030894807323564866,100,56,105,"Will Trump win 281-257 - AZ, GA, NC, PA?"
KXECDJT281,VGT,calendar,5min,6,-4,etf_leads_kalshi,0.10078806206000986,1.0255995373672098,0.3050803856273897,0.5840851279132394,0.004512947232729769,101,56,105,"Will Trump win 281-257 - AZ, GA, NC, PA?"
KXECDJT281,VGT,calendar,5min,6,-3,etf_leads_kalshi,0.07505632026030899,0.6938035893398172,0.4878053913555477,0.5901945791938853,0.0025122980681303586,102,57,105,"Will Trump win 281-257 - AZ, GA, NC, PA?"
KXECDJT281,VGT,calendar,5min,6,-2,etf_leads_kalshi,0.06711112533161022,0.942870754327164,0.3457470155739477,0.5840851279132394,0.00215326175893249,103,57,105,"Will Trump win 281-257 - AZ, GA, NC, PA?"
KXECDJT281,VGT,calendar,5min,6,-1,etf_leads_kalshi,0.07359443825833735,0.5748188578071908,0.5654138116351546,0.5901945791938853,0.0025763184578024845,104,57,105,"Will Trump win 281-257 - AZ, GA, NC, PA?"
KXECDJT281,VGT,calendar,5min,6,0,contemp,-0.08464729409346491,-0.6729005630614879,0.5010105539615277,0.5901945791938853,0.0033306753356070473,105,57,105,"Will Trump win 281-257 - AZ, GA, NC, PA?"
KXECDJT281,VGT,calendar,5min,6,1,kalshi_leads_etf,-0.12017980799960608,-2.185711057187054,0.02883675142309807,0.37487776850027493,0.006258811990967561,104,56,105,"Will Trump win 281-257 - AZ, GA, NC, PA?"
KXECDJT281,VGT,calendar,5min,6,2,kalshi_leads_etf,0.11503655692327018,1.1655393070327467,0.2438007590281297,0.5840851279132394,0.005697350867940654,103,55,105,"Will Trump win 281-257 - AZ, GA, NC, PA?"
KXECDJT281,VGT,calendar,5min,6,3,kalshi_leads_etf,-0.0454010370097378,-0.5385540811150079,0.5901945791938853,0.5901945791938853,0.0009583333794640492,102,55,105,"Will Trump win 281-257 - AZ, GA, NC, PA?"
KXECDJT281,VGT,calendar,5min,6,4,kalshi_leads_etf,-0.07255785825314762,-0.9191188128420752,0.3580334301414675,0.5840851279132394,0.0024484765789672958,101,55,105,"Will Trump win 281-257 - AZ, GA, NC, PA?"
KXECDJT281,VGT,calendar,5min,6,5,kalshi_leads_etf,-0.16123862913785536,-0.9164384012737075,0.3594370017927627,0.5840851279132394,0.011373041213873614,100,54,105,"Will Trump win 281-257 - AZ, GA, NC, PA?"
KXECDJT281,VGT,calendar,5min,6,6,kalshi_leads_etf,-0.07236073869408957,-0.629118065880431,0.5292717639556936,0.5901945791938853,0.0025000763061975295,99,53,105,"Will Trump win 281-257 - AZ, GA, NC, PA?"
KXECDJT281,VGT,event,5min,6,-6,etf_leads_kalshi,-0.11120560976886922,-1.781954632028946,0.07475663035330621,0.768428480709143,0.005664388831659428,99,57,105,"Will Trump win 281-257 - AZ, GA, NC, PA?"
KXECDJT281,VGT,event,5min,6,-5,etf_leads_kalshi,-0.07194744466494749,-0.8764091546391803,0.3808076433343227,0.8250832272243658,0.002451682458249671,100,58,105,"Will Trump win 281-257 - AZ, GA, NC, PA?"
KXECDJT281,VGT,event,5min,6,-4,etf_leads_kalshi,0.10772542114583787,1.0406813969215425,0.29802343990226976,0.7748609437459013,0.005103754311198805,101,59,105,"Will Trump win 281-257 - AZ, GA, NC, PA?"
KXECDJT281,VGT,event,5min,6,-3,etf_leads_kalshi,0.1182178768823146,1.349022779617061,0.17732964939441764,0.768428480709143,0.006021675733459797,102,60,105,"Will Trump win 281-257 - AZ, GA, NC, PA?"
KXECDJT281,VGT,event,5min,6,-2,etf_leads_kalshi,-0.004207777851926331,-0.07842724924848447,0.9374881985169075,0.9505824420464354,8.399433203742923e-06,103,60,105,"Will Trump win 281-257 - AZ, GA, NC, PA?"
KXECDJT281,VGT,event,5min,6,-1,etf_leads_kalshi,-0.08986869617677377,-0.46752870925153395,0.6401216568331205,0.944395316483174,0.003561980628119965,104,60,105,"Will Trump win 281-257 - AZ, GA, NC, PA?"
KXECDJT281,VGT,event,5min,6,0,contemp,-0.12772672749210756,-1.4229945234549568,0.15473774284799077,0.768428480709143,0.007478437445425867,105,60,105,"Will Trump win 281-257 - AZ, GA, NC, PA?"
KXECDJT281,VGT,event,5min,6,1,kalshi_leads_etf,0.00978668280038345,0.06197537519062981,0.9505824420464354,0.9505824420464354,4.353433537529483e-05,104,59,105,"Will Trump win 281-257 - AZ, GA, NC, PA?"
KXECDJT281,VGT,event,5min,6,2,kalshi_leads_etf,0.040011708149898496,0.4484726198318307,0.6538121421806589,0.944395316483174,0.0007268474506784139,103,58,105,"Will Trump win 281-257 - AZ, GA, NC, PA?"
KXECDJT281,VGT,event,5min,6,3,kalshi_leads_etf,-0.009514813574915173,-0.08189585953888638,0.934729526990243,0.9505824420464354,4.250927272164695e-05,102,57,105,"Will Trump win 281-257 - AZ, GA, NC, PA?"
KXECDJT281,VGT,event,5min,6,4,kalshi_leads_etf,-0.01865046125334008,-0.2455822652345525,0.806005619162197,0.9505824420464354,0.00016297935322251433,101,57,105,"Will Trump win 281-257 - AZ, GA, NC, PA?"
KXECDJT281,VGT,event,5min,6,5,kalshi_leads_etf,-0.09169565216877781,-0.6125041382052141,0.5402042609231084,0.944395316483174,0.0038790956528776954,100,57,105,"Will Trump win 281-257 - AZ, GA, NC, PA?"
KXECDJT281,VGT,event,5min,6,6,kalshi_leads_etf,-0.09770956766769195,-1.0533314373205473,0.292189115479244,0.7748609437459013,0.004506056021010396,99,56,105,"Will Trump win 281-257 - AZ, GA, NC, PA?"
KXECDJT312,VAW,calendar,10min,5,-5,etf_leads_kalshi,0.04816134437004904,0.670751395087587,0.5023789157466458,0.7894525818875864,0.0010131538732980339,67,39,73,Will Trump win 312-226 - swing state sweep?
KXECDJT312,VAW,calendar,10min,5,-4,etf_leads_kalshi,-0.16454644186109593,-2.6262228205773397,0.008633827842345052,0.09497210626579557,0.010975646271766726,68,40,73,Will Trump win 312-226 - swing state sweep?
KXECDJT312,VAW,calendar,10min,5,-3,etf_leads_kalshi,-0.015121885471714358,-0.18973423058723674,0.8495173958719725,0.8495173958719725,9.616286728808543e-05,69,40,73,Will Trump win 312-226 - swing state sweep?
KXECDJT312,VAW,calendar,10min,5,-2,etf_leads_kalshi,-0.058674216087266785,-0.7736456427591154,0.4391403728909895,0.7894525818875864,0.0014556887728873757,70,41,73,Will Trump win 312-226 - swing state sweep?
KXECDJT312,VAW,calendar,10min,5,-1,etf_leads_kalshi,0.14310192007515538,1.6831926487993887,0.09233780344925858,0.33857194598061485,0.008876369690008934,71,41,73,Will Trump win 312-226 - swing state sweep?
KXECDJT312,VAW,calendar,10min,5,0,contemp,-0.029749673918864093,-0.2232448869530043,0.8233449186004749,0.8495173958719725,0.0003950867950223147,72,41,73,Will Trump win 312-226 - swing state sweep?
KXECDJT312,VAW,calendar,10min,5,1,kalshi_leads_etf,-0.18691646561315595,-1.2375264474137595,0.21589170192835938,0.4749617442423906,0.014887702439942307,71,41,73,Will Trump win 312-226 - swing state sweep?
KXECDJT312,VAW,calendar,10min,5,2,kalshi_leads_etf,0.14235028503881916,1.3073464905302488,0.19109506159292,0.4749617442423906,0.009091878973160328,70,41,73,Will Trump win 312-226 - swing state sweep?
KXECDJT312,VAW,calendar,10min,5,3,kalshi_leads_etf,0.04589160523848605,0.366055369698837,0.714323759440632,0.8495173958719725,0.0010105839020756457,69,41,73,Will Trump win 312-226 - swing state sweep?
KXECDJT312,VAW,calendar,10min,5,4,kalshi_leads_etf,-0.27802975947250314,-1.780161284148556,0.07504956943924848,0.33857194598061485,0.030679291229786076,68,41,73,Will Trump win 312-226 - swing state sweep?
KXECDJT312,VAW,calendar,10min,5,5,kalshi_leads_etf,-0.03587247441509001,-0.5450071935439843,0.585748570132669,0.8054042839324199,0.0006102671893692957,67,40,73,Will Trump win 312-226 - swing state sweep?
KXECDJT312,VAW,event,10min,5,-5,etf_leads_kalshi,0.054732825526664225,1.495506253962996,0.13478236896397208,0.3706515146509232,0.001392223872508369,67,40,73,Will Trump win 312-226 - swing state sweep?
KXECDJT312,VAW,event,10min,5,-4,etf_leads_kalshi,-0.31605802286342993,-2.232057602163717,0.02561115611942917,0.0960751677239018,0.03646943497451405,68,40,73,Will Trump win 312-226 - swing state sweep?
KXECDJT312,VAW,event,10min,5,-3,etf_leads_kalshi,0.11501315088373863,1.0634822905102792,0.2875632921198532,0.5327872005303136,0.005589950606523675,69,40,73,Will Trump win 312-226 - swing state sweep?
KXECDJT312,VAW,event,10min,5,-2,etf_leads_kalshi,-0.03941920767200603,-0.28828665153007993,0.7731273241631057,0.9048649995117863,0.0006652536333612291,70,41,73,Will Trump win 312-226 - swing state sweep?
KXECDJT312,VAW,event,10min,5,-1,etf_leads_kalshi,0.298653618363761,2.444521689885905,0.014504435901549529,0.0960751677239018,0.0369611170224986,71,42,73,Will Trump win 312-226 - swing state sweep?
KXECDJT312,VAW,event,10min,5,0,contemp,-0.09271766450978734,-0.46773396302033643,0.6399748502113063,0.8799654190405461,0.0037756783887351597,72,42,73,Will Trump win 312-226 - swing state sweep?
KXECDJT312,VAW,event,10min,5,1,kalshi_leads_etf,-0.12386152303690479,-0.7406642191479792,0.4588970594499131,0.7211239505641491,0.006664607566734593,71,42,73,Will Trump win 312-226 - swing state sweep?
KXECDJT312,VAW,event,10min,5,2,kalshi_leads_etf,0.027622661405327913,0.2241963223160355,0.8226045450107148,0.9048649995117863,0.00035873291530219564,70,41,73,Will Trump win 312-226 - swing state sweep?
KXECDJT312,VAW,event,10min,5,3,kalshi_leads_etf,0.000693191765331646,0.0061909270052114326,0.9950603864794075,0.9950603864794075,2.3150268679827946e-07,69,41,73,Will Trump win 312-226 - swing state sweep?
KXECDJT312,VAW,event,10min,5,4,kalshi_leads_etf,-0.39476391072408223,-2.223199975868048,0.026202318470155035,0.0960751677239018,0.05652247815970468,68,41,73,Will Trump win 312-226 - swing state sweep?
KXECDJT312,VAW,event,10min,5,5,kalshi_leads_etf,0.1265335290610782,1.0567817607897856,0.2906112002892619,0.5327872005303136,0.0075541355795379905,67,40,73,Will Trump win 312-226 - swing state sweep?
KXECDJT281,VCR,calendar,5min,6,-6,etf_leads_kalshi,-0.07082630160881476,-1.1054914224158705,0.2689467091166087,0.6844045519877273,0.0023949937256562137,98,53,105,"Will Trump win 281-257 - AZ, GA, NC, PA?"
KXECDJT281,VCR,calendar,5min,6,-5,etf_leads_kalshi,0.053266420784282745,1.203924574606136,0.2286187324851049,0.6844045519877273,0.001309584029951849,99,53,105,"Will Trump win 281-257 - AZ, GA, NC, PA?"
KXECDJT281,VCR,calendar,5min,6,-4,etf_leads_kalshi,0.30337482823663803,1.3819305719660937,0.1669930198215469,0.6844045519877273,0.0349920995053874,100,53,105,"Will Trump win 281-257 - AZ, GA, NC, PA?"
KXECDJT281,VCR,calendar,5min,6,-3,etf_leads_kalshi,-0.04574056330635524,-0.866367785626906,0.3862885041075136,0.6844045519877273,0.0009838106995870843,101,54,105,"Will Trump win 281-257 - AZ, GA, NC, PA?"
KXECDJT281,VCR,calendar,5min,6,-2,etf_leads_kalshi,0.027929340880840144,0.6334113730680435,0.5264650399905595,0.6844045519877273,0.00036825552135855144,102,55,105,"Will Trump win 281-257 - AZ, GA, NC, PA?"
KXECDJT281,VCR,calendar,5min,6,-1,etf_leads_kalshi,0.08072606027644466,0.6437940125781301,0.5197090168690608,0.6844045519877273,0.0030899192673043974,103,55,105,"Will Trump win 281-257 - AZ, GA, NC, PA?"
KXECDJT281,VCR,calendar,5min,6,0,contemp,0.018979628965358705,0.13297882934271918,0.8942101235237475,0.943757718397728,0.00016202047812385878,104,55,105,"Will Trump win 281-257 - AZ, GA, NC, PA?"
KXECDJT281,VCR,calendar,5min,6,1,kalshi_leads_etf,-0.07740063061076768,-1.9051206595354004,0.056764388468841624,0.6844045519877273,0.0026839621385796875,103,54,105,"Will Trump win 281-257 - AZ, GA, NC, PA?"
KXECDJT281,VCR,calendar,5min,6,2,kalshi_leads_etf,-0.11433580283836244,-0.8075471141602281,0.4193513419400423,0.6844045519877273,0.005858277264645384,102,53,105,"Will Trump win 281-257 - AZ, GA, NC, PA?"
KXECDJT281,VCR,calendar,5min,6,3,kalshi_leads_etf,-0.053604859511219356,-0.5015147125707231,0.6160089260865877,0.7280105490114219,0.001320466033850276,101,53,105,"Will Trump win 281-257 - AZ, GA, NC, PA?"
KXECDJT281,VCR,calendar,5min,6,4,kalshi_leads_etf,-0.16522607904432127,-0.7984121003840945,0.42463138358650554,0.6844045519877273,0.011685344720298585,100,53,105,"Will Trump win 281-257 - AZ, GA, NC, PA?"
KXECDJT281,VCR,calendar,5min,6,5,kalshi_leads_etf,0.006773631372681549,0.0705477220987782,0.943757718397728,0.943757718397728,2.1581367021350495e-05,99,52,105,"Will Trump win 281-257 - AZ, GA, NC, PA?"
KXECDJT281,VCR,calendar,5min,6,6,kalshi_leads_etf,-0.04413778430987642,-0.8549471160970715,0.39258042520376735,0.6844045519877273,0.0009346460838831616,98,51,105,"Will Trump win 281-257 - AZ, GA, NC, PA?"
KXECDJT281,VCR,event,5min,6,-6,etf_leads_kalshi,-0.04367155567998123,-0.6127365583244174,0.5400505454382024,0.9301922434508466,0.000902937782234714,98,55,105,"Will Trump win 281-257 - AZ, GA, NC, PA?"
KXECDJT281,VCR,event,5min,6,-5,etf_leads_kalshi,0.02046219997408763,0.3644359490957137,0.7155324949621897,0.9301922434508466,0.0001944727541938196,99,55,105,"Will Trump win 281-257 - AZ, GA, NC, PA?"
KXECDJT281,VCR,event,5min,6,-4,etf_leads_kalshi,0.2639902417654447,0.9136275159315874,0.3609126029016395,0.9301922434508466,0.02729281129267669,100,56,105,"Will Trump win 281-257 - AZ, GA, NC, PA?"
KXECDJT281,VCR,event,5min,6,-3,etf_leads_kalshi,-0.059374768469266516,-0.4361152743280144,0.6627530955599414,0.9301922434508466,0.00167037173756035,101,57,105,"Will Trump win 281-257 - AZ, GA, NC, PA?"
KXECDJT281,VCR,event,5min,6,-2,etf_leads_kalshi,0.002865792178050918,0.034174496688522266,0.9727380033527693,0.9727380033527693,3.841694371731208e-06,102,58,105,"Will Trump win 281-257 - AZ, GA, NC, PA?"
KXECDJT281,VCR,event,5min,6,-1,etf_leads_kalshi,0.01325867125079925,0.12307283297937202,0.9020494238478654,0.9727380033527693,7.882736428543868e-05,103,58,105,"Will Trump win 281-257 - AZ, GA, NC, PA?"
KXECDJT281,VCR,event,5min,6,0,contemp,0.1068391723137714,0.7801260168764275,0.43531670401583944,0.9301922434508466,0.004821043343395726,104,58,105,"Will Trump win 281-257 - AZ, GA, NC, PA?"
KXECDJT281,VCR,event,5min,6,1,kalshi_leads_etf,-0.11239077008639467,-1.805405162831807,0.07101130386038597,0.5179305702361698,0.005516648757966758,103,57,105,"Will Trump win 281-257 - AZ, GA, NC, PA?"
KXECDJT281,VCR,event,5min,6,2,kalshi_leads_etf,0.07620691394572177,0.4543672324235452,0.6495645327682722,0.9301922434508466,0.0025619018813696215,102,56,105,"Will Trump win 281-257 - AZ, GA, NC, PA?"
KXECDJT281,VCR,event,5min,6,3,kalshi_leads_etf,-0.08982887672842897,-1.752536343676612,0.07968162619017999,0.5179305702361698,0.003690046180884865,101,56,105,"Will Trump win 281-257 - AZ, GA, NC, PA?"
KXECDJT281,VCR,event,5min,6,4,kalshi_leads_etf,-0.15065840163460942,-0.7803022774551014,0.4352129725967596,0.9301922434508466,0.009929949712055186,100,56,105,"Will Trump win 281-257 - AZ, GA, NC, PA?"
KXECDJT281,VCR,event,5min,6,5,kalshi_leads_etf,0.008191929000812191,0.1064318528819182,0.9152397216528462,0.9727380033527693,3.120348837959419e-05,99,56,105,"Will Trump win 281-257 - AZ, GA, NC, PA?"
KXECDJT281,VCR,event,5min,6,6,kalshi_leads_etf,-0.022645714612048968,-0.48547046066515315,0.6273426615332154,0.9301922434508466,0.0002422587202989268,98,55,105,"Will Trump win 281-257 - AZ, GA, NC, PA?"
KXFEDDECISION-24DEC-C25,VFH,calendar,5min,10,-10,etf_leads_kalshi,0.10790494457926916,2.734615546189325,0.006245317183380355,0.13115166085098748,0.004305269168310311,756,371,794,Will the Federal Reserve Cut rates by 25bps at their December 2024 meeting?
KXFEDDECISION-24DEC-C25,VFH,calendar,5min,10,-9,etf_leads_kalshi,-0.060500581366026124,-1.3461658869322843,0.17824902386971897,0.5941660768471193,0.001510423608073519,757,372,794,Will the Federal Reserve Cut rates by 25bps at their December 2024 meeting?
KXFEDDECISION-24DEC-C25,VFH,calendar,5min,10,-8,etf_leads_kalshi,0.03741689640663731,1.124476076227996,0.26081111412845337,0.5941660768471193,0.0005861130428711503,758,372,794,Will the Federal Reserve Cut rates by 25bps at their December 2024 meeting?
KXFEDDECISION-24DEC-C25,VFH,calendar,5min,10,-7,etf_leads_kalshi,-0.018403700573524136,-0.6472962227367539,0.5174402457154478,0.6036802866680224,0.0001434021793406126,759,372,794,Will the Federal Reserve Cut rates by 25bps at their December 2024 meeting?
KXFEDDECISION-24DEC-C25,VFH,calendar,5min,10,-6,etf_leads_kalshi,0.03017889501859546,1.2732805809779006,0.20291849505364856,0.5941660768471193,0.00038699015645626833,760,372,794,Will the Federal Reserve Cut rates by 25bps at their December 2024 meeting?
KXFEDDECISION-24DEC-C25,VFH,calendar,5min,10,-5,etf_leads_kalshi,0.025976647247414567,0.6587499205323624,0.5100563706635146,0.6036802866680224,0.00028439722563888825,761,373,794,Will the Federal Reserve Cut rates by 25bps at their December 2024 meeting?
KXFEDDECISION-24DEC-C25,VFH,calendar,5min,10,-4,etf_leads_kalshi,-0.005301903100853224,-0.09159339678015514,0.9270210980032022,0.9270210980032022,1.1985763744615241e-05,762,373,794,Will the Federal Reserve Cut rates by 25bps at their December 2024 meeting?
KXFEDDECISION-24DEC-C25,VFH,calendar,5min,10,-3,etf_leads_kalshi,0.032271366411955354,0.7172625267754469,0.4732121247210985,0.6036802866680224,0.00044582146235860876,763,374,794,Will the Federal Reserve Cut rates by 25bps at their December 2024 meeting?
KXFEDDECISION-24DEC-C25,VFH,calendar,5min,10,-2,etf_leads_kalshi,-0.053910178739981385,-1.0626951521249433,0.2879202200581997,0.5941660768471193,0.0012508856774690047,764,375,794,Will the Federal Reserve Cut rates by 25bps at their December 2024 meeting?
KXFEDDECISION-24DEC-C25,VFH,calendar,5min,10,-1,etf_leads_kalshi,0.02259713926775041,0.6929780823778314,0.4883233062353083,0.6036802866680224,0.00022314783050358944,765,376,794,Will the Federal Reserve Cut rates by 25bps at their December 2024 meeting?
KXFEDDECISION-24DEC-C25,VFH,calendar,5min,10,0,contemp,0.041682216883354765,1.7725321910764527,0.07630625655252055,0.5941660768471193,0.0007928679828325125,766,377,794,Will the Federal Reserve Cut rates by 25bps at their December 2024 meeting?
KXFEDDECISION-24DEC-C25,VFH,calendar,5min,10,1,kalshi_leads_etf,0.011083844314410172,0.4663833405172215,0.6409411340060094,0.7084086217961156,5.63830051398817e-05,765,376,794,Will the Federal Reserve Cut rates by 25bps at their December 2024 meeting?
KXFEDDECISION-24DEC-C25,VFH,calendar,5min,10,2,kalshi_leads_etf,-0.06108453470077468,-1.3743733613146383,0.16932580177417955,0.5941660768471193,0.0016624335506837395,764,376,794,Will the Federal Reserve Cut rates by 25bps at their December 2024 meeting?
KXFEDDECISION-24DEC-C25,VFH,calendar,5min,10,3,kalshi_leads_etf,0.06721398021719545,1.271734312329718,0.2034675349402454,0.5941660768471193,0.0020248572672636467,763,375,794,Will the Federal Reserve Cut rates by 25bps at their December 2024 meeting?
KXFEDDECISION-24DEC-C25,VFH,calendar,5min,10,4,kalshi_leads_etf,-0.03170414247088066,-0.8485877640998617,0.3961107178980795,0.5941660768471193,0.00046580326667799987,762,375,794,Will the Federal Reserve Cut rates by 25bps at their December 2024 meeting?
KXFEDDECISION-24DEC-C25,VFH,calendar,5min,10,5,kalshi_leads_etf,-0.04003906776350321,-0.9458359495029462,0.3442322664387307,0.5941660768471193,0.0007228273377996031,761,375,794,Will the Federal Reserve Cut rates by 25bps at their December 2024 meeting?
KXFEDDECISION-24DEC-C25,VFH,calendar,5min,10,6,kalshi_leads_etf,-0.021737910344331035,-0.8882415456020335,0.37441083536491837,0.5941660768471193,0.00021785171105770385,760,375,794,Will the Federal Reserve Cut rates by 25bps at their December 2024 meeting?
KXFEDDECISION-24DEC-C25,VFH,calendar,5min,10,7,kalshi_leads_etf,0.026567248903566106,1.2397710411999492,0.21506009220699973,0.5941660768471193,0.00032512092135184023,759,375,794,Will the Federal Reserve Cut rates by 25bps at their December 2024 meeting?
KXFEDDECISION-24DEC-C25,VFH,calendar,5min,10,8,kalshi_leads_etf,0.007923947909698553,0.2775031072142682,0.7813938202631389,0.8204635112762958,2.907669012419678e-05,758,374,794,Will the Federal Reserve Cut rates by 25bps at their December 2024 meeting?
KXFEDDECISION-24DEC-C25,VFH,calendar,5min,10,9,kalshi_leads_etf,0.04980291051270919,1.198364388674873,0.23077518977877343,0.5941660768471193,0.0011394582614550064,757,374,794,Will the Federal Reserve Cut rates by 25bps at their December 2024 meeting?
KXFEDDECISION-24DEC-C25,VFH,calendar,5min,10,10,kalshi_leads_etf,-0.021578361871979812,-0.8961568862813011,0.37016897843290963,0.5941660768471193,0.00021784454211082327,756,373,794,Will the Federal Reserve Cut rates by 25bps at their December 2024 meeting?
KXFEDDECISION-24DEC-C25,VFH,event,5min,10,-10,etf_leads_kalshi,0.06878342815575605,1.7541645975778026,0.07940230748749193,0.40814781500774483,0.0018465110292273934,762,363,795,Will the Federal Reserve Cut rates by 25bps at their December 2024 meeting?
KXFEDDECISION-24DEC-C25,VFH,event,5min,10,-9,etf_leads_kalshi,-0.03283956407616509,-0.6125929092824545,0.5401455478924025,0.8102183218386039,0.0004501270822541148,763,364,795,Will the Federal Reserve Cut rates by 25bps at their December 2024 meeting?
KXFEDDECISION-24DEC-C25,VFH,event,5min,10,-8,etf_leads_kalshi,-0.005196475412461842,-0.0812517408675443,0.9352417522399573,0.9608111443957813,1.1436661297103967e-05,764,364,795,Will the Federal Reserve Cut rates by 25bps at their December 2024 meeting?
KXFEDDECISION-24DEC-C25,VFH,event,5min,10,-7,etf_leads_kalshi,-0.014374083180378385,-0.324510822943101,0.7455513297094817,0.9209751719940656,8.63582478217717e-05,765,364,795,Will the Federal Reserve Cut rates by 25bps at their December 2024 meeting?
KXFEDDECISION-24DEC-C25,VFH,event,5min,10,-6,etf_leads_kalshi,0.08122637471810842,2.0857201071626745,0.037003983981338244,0.3885418318040516,0.0026437256796451036,766,364,795,Will the Federal Reserve Cut rates by 25bps at their December 2024 meeting?
KXFEDDECISION-24DEC-C25,VFH,event,5min,10,-5,etf_leads_kalshi,0.002525915561658332,0.049135711135353005,0.9608111443957813,0.9608111443957813,2.7233005623905626e-06,767,365,795,Will the Federal Reserve Cut rates by 25bps at their December 2024 meeting?
KXFEDDECISION-24DEC-C25,VFH,event,5min,10,-4,etf_leads_kalshi,-0.07179748890109049,-1.8306519721079848,0.06715250594634398,0.40814781500774483,0.0020219301756492225,768,365,795,Will the Federal Reserve Cut rates by 25bps at their December 2024 meeting?
KXFEDDECISION-24DEC-C25,VFH,event,5min,10,-3,etf_leads_kalshi,0.09375261459342268,1.6586911125508064,0.09717805119232019,0.40814781500774483,0.0034482081341989934,769,366,795,Will the Federal Reserve Cut rates by 25bps at their December 2024 meeting?
KXFEDDECISION-24DEC-C25,VFH,event,5min,10,-2,etf_leads_kalshi,-0.08530873080327014,-1.4613723786588548,0.143913276613693,0.49188830421064167,0.0029656285379675573,770,367,795,Will the Federal Reserve Cut rates by 25bps at their December 2024 meeting?
KXFEDDECISION-24DEC-C25,VFH,event,5min,10,-1,etf_leads_kalshi,0.00975306587457236,0.15952979284831403,0.8732514875778561,0.9608111443957813,4.1509755012714145e-05,771,368,795,Will the Federal Reserve Cut rates by 25bps at their December 2024 meeting?
KXFEDDECISION-24DEC-C25,VFH,event,5min,10,0,contemp,0.06294367759688756,1.366224764660982,0.17186842683882086,0.49188830421064167,0.0017708023663162153,772,369,795,Will the Federal Reserve Cut rates by 25bps at their December 2024 meeting?
KXFEDDECISION-24DEC-C25,VFH,event,5min,10,1,kalshi_leads_etf,-0.03056611082145656,-0.3810539312723713,0.7031632305763797,0.9209751719940656,0.00042670943359446323,771,369,795,Will the Federal Reserve Cut rates by 25bps at their December 2024 meeting?
KXFEDDECISION-24DEC-C25,VFH,event,5min,10,2,kalshi_leads_etf,-0.05941286954140871,-1.2513432477966335,0.21080927323313214,0.49188830421064167,0.0015643219287981847,770,369,795,Will the Federal Reserve Cut rates by 25bps at their December 2024 meeting?
KXFEDDECISION-24DEC-C25,VFH,event,5min,10,3,kalshi_leads_etf,0.054019397603248566,1.2568369257308734,0.20881269195036767,0.49188830421064167,0.0013206834268782996,769,369,795,Will the Federal Reserve Cut rates by 25bps at their December 2024 meeting?
KXFEDDECISION-24DEC-C25,VFH,event,5min,10,4,kalshi_leads_etf,0.02525845534781673,1.0189351975817158,0.30823373233962437,0.5884462162847374,0.00029048440346124416,768,369,795,Will the Federal Reserve Cut rates by 25bps at their December 2024 meeting?
KXFEDDECISION-24DEC-C25,VFH,event,5min,10,5,kalshi_leads_etf,-0.12099685496302208,-4.55575823757163,5.219694467727857e-06,0.000109613583822285,0.0059086417279333725,767,368,795,Will the Federal Reserve Cut rates by 25bps at their December 2024 meeting?
KXFEDDECISION-24DEC-C25,VFH,event,5min,10,6,kalshi_leads_etf,0.0056924841198668485,0.20770934131034313,0.8354559234412979,0.9608111443957813,1.4907153955912023e-05,766,368,795,Will the Federal Reserve Cut rates by 25bps at their December 2024 meeting?
KXFEDDECISION-24DEC-C25,VFH,event,5min,10,7,kalshi_leads_etf,0.027812510534798898,0.7387933721931608,0.4600324770139371,0.8049129605383624,0.00035588860829538493,765,368,795,Will the Federal Reserve Cut rates by 25bps at their December 2024 meeting?
KXFEDDECISION-24DEC-C25,VFH,event,5min,10,8,kalshi_leads_etf,0.024269746811686813,1.128554715742863,0.25908572286232323,0.5440800180108788,0.00027159239552065895,764,367,795,Will the Federal Reserve Cut rates by 25bps at their December 2024 meeting?
KXFEDDECISION-24DEC-C25,VFH,event,5min,10,9,kalshi_leads_etf,0.01801465763684208,0.3900463830593343,0.6965022490360431,0.9209751719940656,0.0001503003229834654,763,367,795,Will the Federal Reserve Cut rates by 25bps at their December 2024 meeting?
KXFEDDECISION-24DEC-C25,VFH,event,5min,10,10,kalshi_leads_etf,0.023011649397893446,0.6771993946948949,0.4982794517618434,0.8049129605383624,0.0002432891237523771,762,366,795,Will the Federal Reserve Cut rates by 25bps at their December 2024 meeting?
FEDDECISION-24NOV-H0,VDE,calendar,10min,6,-6,etf_leads_kalshi,-0.20805253821422373,-2.74758409640077,0.0060036110490242255,0.07804694363731493,0.019707612517498085,153,82,162,Will the Federal Reserve Hike rates by 0bps at their November 2024 meeting?
FEDDECISION-24NOV-H0,VDE,calendar,10min,6,-5,etf_leads_kalshi,-0.08598902470272302,-1.1042599443079992,0.2694803931489306,0.6725052000036117,0.003376496549736041,154,83,162,Will the Federal Reserve Hike rates by 0bps at their November 2024 meeting?
FEDDECISION-24NOV-H0,VDE,calendar,10min,6,-4,etf_leads_kalshi,-0.04354335592973854,-0.46604688845704045,0.641181938662319,0.9939818401011732,0.0008733060777535995,155,83,162,Will the Federal Reserve Hike rates by 0bps at their November 2024 meeting?
FEDDECISION-24NOV-H0,VDE,calendar,10min,6,-3,etf_leads_kalshi,0.062424147151846916,0.7358057135399647,0.46184894362424866,0.8577194667307476,0.0017731264942381086,156,84,162,Will the Federal Reserve Hike rates by 0bps at their November 2024 meeting?
FEDDECISION-24NOV-H0,VDE,calendar,10min,6,-2,etf_leads_kalshi,0.1536592393026532,1.1110647613276246,0.2665404745666283,0.6725052000036117,0.01051105446256062,157,84,162,Will the Federal Reserve Hike rates by 0bps at their November 2024 meeting?
FEDDECISION-24NOV-H0,VDE,calendar,10min,6,-1,etf_leads_kalshi,-0.2306491395851,-2.4446561009254664,0.014499032094136317,0.09424370861188605,0.02281993933963511,158,85,162,Will the Federal Reserve Hike rates by 0bps at their November 2024 meeting?
FEDDECISION-24NOV-H0,VDE,calendar,10min,6,0,contemp,0.10786420064461913,1.0144102918923095,0.31038701538628233,0.6725052000036117,0.0051925665156612455,159,85,162,Will the Federal Reserve Hike rates by 0bps at their November 2024 meeting?
FEDDECISION-24NOV-H0,VDE,calendar,10min,6,1,kalshi_leads_etf,-0.146118273574777,-1.5881260857858948,0.11225783071546773,0.4864505997670268,0.009606578574884117,158,84,162,Will the Federal Reserve Hike rates by 0bps at their November 2024 meeting?
FEDDECISION-24NOV-H0,VDE,calendar,10min,6,2,kalshi_leads_etf,0.02680147201800376,0.2800709929379569,0.7794230387543952,0.9939818401011732,0.0003286312994276175,157,83,162,Will the Federal Reserve Hike rates by 0bps at their November 2024 meeting?
FEDDECISION-24NOV-H0,VDE,calendar,10min,6,3,kalshi_leads_etf,-0.0038906328418075145,-0.0428193495830934,0.9658455393979399,0.9939818401011732,6.961456149534584e-06,156,83,162,Will the Federal Reserve Hike rates by 0bps at their November 2024 meeting?
FEDDECISION-24NOV-H0,VDE,calendar,10min,6,4,kalshi_leads_etf,0.011527349478084281,0.1406937989673935,0.888111844074113,0.9939818401011732,6.212965710739038e-05,155,82,162,Will the Federal Reserve Hike rates by 0bps at their November 2024 meeting?
FEDDECISION-24NOV-H0,VDE,calendar,10min,6,5,kalshi_leads_etf,0.0007918122703620562,0.007542716401968894,0.9939818401011732,0.9939818401011732,2.90818747528121e-07,154,82,162,Will the Federal Reserve Hike rates by 0bps at their November 2024 meeting?
FEDDECISION-24NOV-H0,VDE,calendar,10min,6,6,kalshi_leads_etf,-0.013726327814240082,-0.14047964911104238,0.888281030693984,0.9939818401011732,8.804739352374913e-05,153,81,162,Will the Federal Reserve Hike rates by 0bps at their November 2024 meeting?
FEDDECISION-24NOV-H0,VDE,event,10min,6,-6,etf_leads_kalshi,-0.17340556974889412,-1.5838307560486817,0.11323223826057222,0.6723009701263476,0.013698315168523156,154,82,162,Will the Federal Reserve Hike rates by 0bps at their November 2024 meeting?
FEDDECISION-24NOV-H0,VDE,event,10min,6,-5,etf_leads_kalshi,0.014316101183330035,0.14595419091024445,0.8839575514283846,0.9541168138725612,9.509930366569108e-05,155,83,162,Will the Federal Reserve Hike rates by 0bps at their November 2024 meeting?
FEDDECISION-24NOV-H0,VDE,event,10min,6,-4,etf_leads_kalshi,-0.03541845515579199,-0.46035254475146203,0.6452631912465336,0.9320468318005486,0.0005814832833149763,156,83,162,Will the Federal Reserve Hike rates by 0bps at their November 2024 meeting?
FEDDECISION-24NOV-H0,VDE,event,10min,6,-3,etf_leads_kalshi,-0.13754372589118838,-1.134677374938122,0.2565105203934501,0.6723009701263476,0.008674210190880993,157,84,162,Will the Federal Reserve Hike rates by 0bps at their November 2024 meeting?
FEDDECISION-24NOV-H0,VDE,event,10min,6,-2,etf_leads_kalshi,0.12950939529711383,1.1297601685842669,0.2585772962024414,0.6723009701263476,0.0075156832999646594,158,84,162,Will the Federal Reserve Hike rates by 0bps at their November 2024 meeting?
FEDDECISION-24NOV-H0,VDE,event,10min,6,-1,etf_leads_kalshi,-0.02647737829586818,-0.2962652493965603,0.7670275222585895,0.9541168138725612,0.00032071270458799983,159,85,162,Will the Federal Reserve Hike rates by 0bps at their November 2024 meeting?
FEDDECISION-24NOV-H0,VDE,event,10min,6,0,contemp,-0.006379171853063003,-0.06986936461425117,0.9442976370157294,0.9541168138725612,1.858854737801785e-05,160,85,162,Will the Federal Reserve Hike rates by 0bps at their November 2024 meeting?
FEDDECISION-24NOV-H0,VDE,event,10min,6,1,kalshi_leads_etf,-0.14775601385916085,-1.3674899628395674,0.17147178122141993,0.6723009701263476,0.009834553685114322,159,84,162,Will the Federal Reserve Hike rates by 0bps at their November 2024 meeting?
FEDDECISION-24NOV-H0,VDE,event,10min,6,2,kalshi_leads_etf,-0.0064948938347650954,-0.05753777746714135,0.9541168138725612,0.9541168138725612,1.931342165695238e-05,158,84,162,Will the Federal Reserve Hike rates by 0bps at their November 2024 meeting?
FEDDECISION-24NOV-H0,VDE,event,10min,6,3,kalshi_leads_etf,-0.05739968391591527,-0.57617124826513,0.5644994370358905,0.9173115851833219,0.0015160159144684826,157,84,162,Will the Federal Reserve Hike rates by 0bps at their November 2024 meeting?
FEDDECISION-24NOV-H0,VDE,event,10min,6,4,kalshi_leads_etf,0.08312587512091028,0.8127121512420411,0.4163831127686144,0.8405896723755792,0.003244251537387277,156,83,162,Will the Federal Reserve Hike rates by 0bps at their November 2024 meeting?
FEDDECISION-24NOV-H0,VDE,event,10min,6,5,kalshi_leads_etf,-0.07281801353338524,-0.7510456081821383,0.45262520820223495,0.8405896723755792,0.002477121424930062,155,83,162,Will the Federal Reserve Hike rates by 0bps at their November 2024 meeting?
FEDDECISION-24NOV-H0,VDE,event,10min,6,6,kalshi_leads_etf,0.15736021441682083,1.641041244970614,0.10078885379725919,0.6723009701263476,0.011290251139442486,154,83,162,Will the Federal Reserve Hike rates by 0bps at their November 2024 meeting?
FEDDECISION-24NOV-H0,VNQ,calendar,10min,6,-6,etf_leads_kalshi,-0.05313060298978106,-0.5616881017348992,0.5743285423475365,0.8007818911419358,0.0013097365353470503,156,71,162,Will the Federal Reserve Hike rates by 0bps at their November 2024 meeting?
FEDDECISION-24NOV-H0,VNQ,calendar,10min,6,-5,etf_leads_kalshi,0.11377940061897426,0.9905076252718422,0.3219260639308288,0.8007818911419358,0.0058674440646472314,157,72,162,Will the Federal Reserve Hike rates by 0bps at their November 2024 meeting?
FEDDECISION-24NOV-H0,VNQ,calendar,10min,6,-4,etf_leads_kalshi,0.22470179973448376,2.187002035991971,0.028742375365995453,0.2710734300661482,0.021458829813163716,158,73,162,Will the Federal Reserve Hike rates by 0bps at their November 2024 meeting?
FEDDECISION-24NOV-H0,VNQ,calendar,10min,6,-3,etf_leads_kalshi,-0.043681091878206034,-0.7522362854564919,0.45190897620890547,0.8007818911419358,0.0008772916777789463,159,73,162,Will the Federal Reserve Hike rates by 0bps at their November 2024 meeting?
FEDDECISION-24NOV-H0,VNQ,calendar,10min,6,-2,etf_leads_kalshi,-0.04630595563037574,-0.50154719731845,0.6159860701091814,0.8007818911419358,0.0009769976019720072,160,73,162,Will the Federal Reserve Hike rates by 0bps at their November 2024 meeting?
FEDDECISION-24NOV-H0,VNQ,calendar,10min,6,-1,etf_leads_kalshi,-0.09383541423823379,-1.1064592151842656,0.2685278075636027,0.8007818911419358,0.00394494719197791,161,73,162,Will the Federal Reserve Hike rates by 0bps at their November 2024 meeting?
FEDDECISION-24NOV-H0,VNQ,calendar,10min,6,0,contemp,0.013081618058776423,0.1245479887277695,0.900881406630131,0.900881406630131,7.82694448442367e-05,162,73,162,Will the Federal Reserve Hike rates by 0bps at their November 2024 meeting?
FEDDECISION-24NOV-H0,VNQ,calendar,10min,6,1,kalshi_leads_etf,-0.14835026102710053,-1.3347727356313819,0.181950739446748,0.7884532042692413,0.009844885481236854,161,72,162,Will the Federal Reserve Hike rates by 0bps at their November 2024 meeting?
FEDDECISION-24NOV-H0,VNQ,calendar,10min,6,2,kalshi_leads_etf,0.05884153149473569,0.7638537762651824,0.4449543859416687,0.8007818911419358,0.0015990191387855734,160,71,162,Will the Federal Reserve Hike rates by 0bps at their November 2024 meeting?
FEDDECISION-24NOV-H0,VNQ,calendar,10min,6,3,kalshi_leads_etf,0.013675178002619385,0.14175079091171722,0.8872768546174541,0.900881406630131,8.646015405766594e-05,159,71,162,Will the Federal Reserve Hike rates by 0bps at their November 2024 meeting?
FEDDECISION-24NOV-H0,VNQ,calendar,10min,6,4,kalshi_leads_etf,-0.05102375439944994,-0.6308856327433039,0.5281153065739856,0.8007818911419358,0.0012106697407309186,158,70,162,Will the Federal Reserve Hike rates by 0bps at their November 2024 meeting?
FEDDECISION-24NOV-H0,VNQ,calendar,10min,6,5,kalshi_leads_etf,0.01936574885957262,0.20504503935357835,0.8375369362141286,0.900881406630131,0.00017513694342607966,157,70,162,Will the Federal Reserve Hike rates by 0bps at their November 2024 meeting?
FEDDECISION-24NOV-H0,VNQ,calendar,10min,6,6,kalshi_leads_etf,-0.22910179206927772,-2.0364657931145214,0.04170360462556126,0.2710734300661482,0.022928152246944222,156,69,162,Will the Federal Reserve Hike rates by 0bps at their November 2024 meeting?
FEDDECISION-24NOV-H0,VNQ,event,10min,6,-6,etf_leads_kalshi,0.040717699003630904,0.38718104500789285,0.6986221818237908,0.739691617395311,0.0007522085423933289,155,71,162,Will the Federal Reserve Hike rates by 0bps at their November 2024 meeting?
FEDDECISION-24NOV-H0,VNQ,event,10min,6,-5,etf_leads_kalshi,0.048396160322939356,0.3932984987748451,0.6940990268901304,0.739691617395311,0.001074078057735739,156,72,162,Will the Federal Reserve Hike rates by 0bps at their November 2024 meeting?
FEDDECISION-24NOV-H0,VNQ,event,10min,6,-4,etf_leads_kalshi,0.1428723196100712,1.3379359060310778,0.18091733116051778,0.6750363267458528,0.009074334498583747,157,73,162,Will the Federal Reserve Hike rates by 0bps at their November 2024 meeting?
FEDDECISION-24NOV-H0,VNQ,event,10min,6,-3,etf_leads_kalshi,-0.1269520626275625,-1.7930134549731482,0.07297077266790465,0.6750363267458528,0.007236849576297,158,73,162,Will the Federal Reserve Hike rates by 0bps at their November 2024 meeting?
FEDDECISION-24NOV-H0,VNQ,event,10min,6,-2,etf_leads_kalshi,-0.04093650339184964,-0.5335457931738525,0.5936558204295646,0.739691617395311,0.0007626506073890038,159,73,162,Will the Federal Reserve Hike rates by 0bps at their November 2024 meeting?
FEDDECISION-24NOV-H0,VNQ,event,10min,6,-1,etf_leads_kalshi,-0.08372496026769516,-1.1280083421865688,0.2593163960547218,0.6750363267458528,0.003147520558772654,160,73,162,Will the Federal Reserve Hike rates by 0bps at their November 2024 meeting?
FEDDECISION-24NOV-H0,VNQ,event,10min,6,0,contemp,-0.10827844498256664,-1.1886951473176348,0.23455965088532582,0.6750363267458528,0.005238121129353512,161,73,162,Will the Federal Reserve Hike rates by 0bps at their November 2024 meeting?
FEDDECISION-24NOV-H0,VNQ,event,10min,6,1,kalshi_leads_etf,0.036174105311923145,0.4052742820459473,0.6852759085263858,0.739691617395311,0.0005915268723831746,160,72,162,Will the Federal Reserve Hike rates by 0bps at their November 2024 meeting?
FEDDECISION-24NOV-H0,VNQ,event,10min,6,2,kalshi_leads_etf,-0.03130698244639774,-0.3392845240427461,0.734395399995424,0.739691617395311,0.0004468596963220772,159,72,162,Will the Federal Reserve Hike rates by 0bps at their November 2024 meeting?
FEDDECISION-24NOV-H0,VNQ,event,10min,6,3,kalshi_leads_etf,0.05981884952739469,0.7499389909393398,0.4532914498181061,0.739691617395311,0.0016488123606575034,158,72,162,Will the Federal Reserve Hike rates by 0bps at their November 2024 meeting?
FEDDECISION-24NOV-H0,VNQ,event,10min,6,4,kalshi_leads_etf,-0.035967780555415274,-0.3620946651259084,0.7172812901580865,0.739691617395311,0.0006032026309757965,157,71,162,Will the Federal Reserve Hike rates by 0bps at their November 2024 meeting?
FEDDECISION-24NOV-H0,VNQ,event,10min,6,5,kalshi_leads_etf,-0.11501142693595684,-1.1272676007217999,0.2596293564407126,0.6750363267458528,0.005995358589996003,156,71,162,Will the Federal Reserve Hike rates by 0bps at their November 2024 meeting?
FEDDECISION-24NOV-H0,VNQ,event,10min,6,6,kalshi_leads_etf,-0.03188525454229544,-0.3322617532227683,0.739691617395311,0.739691617395311,0.0004777399226365553,155,71,162,Will the Federal Reserve Hike rates by 0bps at their November 2024 meeting?
KXFEDDECISION-24DEC-C25,VIS,calendar,5min,10,-10,etf_leads_kalshi,-0.06476408684867022,-0.8935691068403503,0.37155248165574783,0.9758363101196141,0.0016623748199848798,769,365,794,Will the Federal Reserve Cut rates by 25bps at their December 2024 meeting?
KXFEDDECISION-24DEC-C25,VIS,calendar,5min,10,-9,etf_leads_kalshi,0.04844528365259193,1.0259855660952901,0.30489838770713107,0.9758363101196141,0.0009721376772237056,770,366,794,Will the Federal Reserve Cut rates by 25bps at their December 2024 meeting?
KXFEDDECISION-24DEC-C25,VIS,calendar,5min,10,-8,etf_leads_kalshi,-0.0358879803226528,-0.8869926000350273,0.37508288454836924,0.9758363101196141,0.0005466319731451952,771,367,794,Will the Federal Reserve Cut rates by 25bps at their December 2024 meeting?
KXFEDDECISION-24DEC-C25,VIS,calendar,5min,10,-7,etf_leads_kalshi,0.011331015733561474,0.20316583381109868,0.8390054165713188,0.9758363101196141,5.4491356718977535e-05,772,367,794,Will the Federal Reserve Cut rates by 25bps at their December 2024 meeting?
KXFEDDECISION-24DEC-C25,VIS,calendar,5min,10,-6,etf_leads_kalshi,0.0063340511168185265,0.09351821602003696,0.9254918788195936,0.9758363101196141,1.708281910639542e-05,773,368,794,Will the Federal Reserve Cut rates by 25bps at their December 2024 meeting?
KXFEDDECISION-24DEC-C25,VIS,calendar,5min,10,-5,etf_leads_kalshi,-0.02082423372696488,-0.6843737719443054,0.49373917362389264,0.9758363101196141,0.0001834271655559716,774,369,794,Will the Federal Reserve Cut rates by 25bps at their December 2024 meeting?
KXFEDDECISION-24DEC-C25,VIS,calendar,5min,10,-4,etf_leads_kalshi,0.022464237405784897,0.5024986621619392,0.6153167932293608,0.9758363101196141,0.0002135473280401312,775,369,794,Will the Federal Reserve Cut rates by 25bps at their December 2024 meeting?
KXFEDDECISION-24DEC-C25,VIS,calendar,5min,10,-3,etf_leads_kalshi,0.02289246498522752,0.4563592413656677,0.6481316700762423,0.9758363101196141,0.00022002976432644594,776,370,794,Will the Federal Reserve Cut rates by 25bps at their December 2024 meeting?
KXFEDDECISION-24DEC-C25,VIS,calendar,5min,10,-2,etf_leads_kalshi,0.027902731555018326,0.46615990640793475,0.6411010455144293,0.9758363101196141,0.0003391464055491067,777,370,794,Will the Federal Reserve Cut rates by 25bps at their December 2024 meeting?
KXFEDDECISION-24DEC-C25,VIS,calendar,5min,10,-1,etf_leads_kalshi,-0.030401310191606322,-0.6565492476207156,0.511470791617648,0.9758363101196141,0.00040474386248856575,778,371,794,Will the Federal Reserve Cut rates by 25bps at their December 2024 meeting?
KXFEDDECISION-24DEC-C25,VIS,calendar,5min,10,0,contemp,-0.011226108547143418,-0.21063301852174743,0.8331736452324299,0.9758363101196141,5.763357093369059e-05,779,372,794,Will the Federal Reserve Cut rates by 25bps at their December 2024 meeting?
KXFEDDECISION-24DEC-C25,VIS,calendar,5min,10,1,kalshi_leads_etf,0.007514714664748873,0.2658795956618229,0.7903319399663982,0.9758363101196141,2.5925623486355853e-05,778,371,794,Will the Federal Reserve Cut rates by 25bps at their December 2024 meeting?
KXFEDDECISION-24DEC-C25,VIS,calendar,5min,10,2,kalshi_leads_etf,-0.04009772831478571,-1.2620299078232398,0.20693802473827794,0.9758363101196141,0.0007376194947064096,777,371,794,Will the Federal Reserve Cut rates by 25bps at their December 2024 meeting?
KXFEDDECISION-24DEC-C25,VIS,calendar,5min,10,3,kalshi_leads_etf,-0.0009346598693217963,-0.026055912582637248,0.9792127417742194,0.9792127417742194,4.0160118930376854e-07,776,370,794,Will the Federal Reserve Cut rates by 25bps at their December 2024 meeting?
KXFEDDECISION-24DEC-C25,VIS,calendar,5min,10,4,kalshi_leads_etf,0.0473172070950686,1.3215153348072413,0.18632959281536166,0.9758363101196141,0.0009993663369585182,775,370,794,Will the Federal Reserve Cut rates by 25bps at their December 2024 meeting?
KXFEDDECISION-24DEC-C25,VIS,calendar,5min,10,5,kalshi_leads_etf,-0.04356411966038281,-1.3304063026846238,0.18338443909055746,0.9758363101196141,0.0008771403011020862,774,370,794,Will the Federal Reserve Cut rates by 25bps at their December 2024 meeting?
KXFEDDECISION-24DEC-C25,VIS,calendar,5min,10,6,kalshi_leads_etf,0.058971358411607167,1.4447634044895925,0.14852435353304733,0.9758363101196141,0.0016073331307288052,773,370,794,Will the Federal Reserve Cut rates by 25bps at their December 2024 meeting?
KXFEDDECISION-24DEC-C25,VIS,calendar,5min,10,7,kalshi_leads_etf,-0.00850339982953184,-0.17799245985463052,0.858728897352653,0.9758363101196141,3.360253680628755e-05,772,369,794,Will the Federal Reserve Cut rates by 25bps at their December 2024 meeting?
KXFEDDECISION-24DEC-C25,VIS,calendar,5min,10,8,kalshi_leads_etf,-0.010694986319958846,-0.36450361128704023,0.715481977599794,0.9758363101196141,5.329395076980603e-05,771,368,794,Will the Federal Reserve Cut rates by 25bps at their December 2024 meeting?
KXFEDDECISION-24DEC-C25,VIS,calendar,5min,10,9,kalshi_leads_etf,-0.004542730471248736,-0.08864013008082712,0.9293679143996325,0.9758363101196141,9.587601224159137e-06,770,368,794,Will the Federal Reserve Cut rates by 25bps at their December 2024 meeting?
KXFEDDECISION-24DEC-C25,VIS,calendar,5min,10,10,kalshi_leads_etf,0.016896799615102816,0.46906117633229855,0.639025908650114,0.9758363101196141,0.00013174450251074443,769,367,794,Will the Federal Reserve Cut rates by 25bps at their December 2024 meeting?
KXFEDDECISION-24DEC-C25,VIS,event,5min,10,-10,etf_leads_kalshi,-0.008015083615995438,-0.21947000475404052,0.8262839430310036,0.936474696283107,2.6275124155206164e-05,777,359,795,Will the Federal Reserve Cut rates by 25bps at their December 2024 meeting?
KXFEDDECISION-24DEC-C25,VIS,event,5min,10,-9,etf_leads_kalshi,0.04364125813557798,1.6822464036625868,0.0925210693080762,0.5308145537584473,0.0008035992919077639,778,360,795,Will the Federal Reserve Cut rates by 25bps at their December 2024 meeting?
KXFEDDECISION-24DEC-C25,VIS,event,5min,10,-8,etf_leads_kalshi,-0.02023525175452367,-0.7359560072194897,0.4617574710154506,0.739059711369266,0.00017515966936731964,779,361,795,Will the Federal Reserve Cut rates by 25bps at their December 2024 meeting?
KXFEDDECISION-24DEC-C25,VIS,event,5min,10,-7,etf_leads_kalshi,-0.04829473811548357,-1.011228986302136,0.31190684544183156,0.739059711369266,0.0009533246902669879,780,361,795,Will the Federal Reserve Cut rates by 25bps at their December 2024 meeting?
KXFEDDECISION-24DEC-C25,VIS,event,5min,10,-6,etf_leads_kalshi,0.07012238415582721,1.2389712782185387,0.21535613488797556,0.739059711369266,0.002014624846579993,781,362,795,Will the Federal Reserve Cut rates by 25bps at their December 2024 meeting?
KXFEDDECISION-24DEC-C25,VIS,event,5min,10,-5,etf_leads_kalshi,0.003521272690069058,0.07039404632785777,0.9438800298370146,0.9538632342615909,5.2916832583571605e-06,782,363,795,Will the Federal Reserve Cut rates by 25bps at their December 2024 meeting?
KXFEDDECISION-24DEC-C25,VIS,event,5min,10,-4,etf_leads_kalshi,-0.011033343704860856,-0.19258163354435245,0.8472866299704301,0.936474696283107,5.165517187544211e-05,783,363,795,Will the Federal Reserve Cut rates by 25bps at their December 2024 meeting?
KXFEDDECISION-24DEC-C25,VIS,event,5min,10,-3,etf_leads_kalshi,0.03928085677311628,0.7599784000594875,0.4472674962335449,0.739059711369266,0.0006402769848060652,784,364,795,Will the Federal Reserve Cut rates by 25bps at their December 2024 meeting?
KXFEDDECISION-24DEC-C25,VIS,event,5min,10,-2,etf_leads_kalshi,-0.036596050187166565,-0.8046011720561647,0.42104986557559987,0.739059711369266,0.0005766758254298621,785,365,795,Will the Federal Reserve Cut rates by 25bps at their December 2024 meeting?
KXFEDDECISION-24DEC-C25,VIS,event,5min,10,-1,etf_leads_kalshi,0.02347613241633835,0.4784738351840901,0.6323129926673348,0.8480852801638077,0.00024083442878575223,786,366,795,Will the Federal Reserve Cut rates by 25bps at their December 2024 meeting?
KXFEDDECISION-24DEC-C25,VIS,event,5min,10,0,contemp,0.010725502244581294,0.3601068117907099,0.7187672589772072,0.8878889669718442,5.287564260880728e-05,787,367,795,Will the Federal Reserve Cut rates by 25bps at their December 2024 meeting?
KXFEDDECISION-24DEC-C25,VIS,event,5min,10,1,kalshi_leads_etf,-0.029678299752185534,-1.0862726311037258,0.27735839189224487,0.739059711369266,0.00040821985731809285,786,367,795,Will the Federal Reserve Cut rates by 25bps at their December 2024 meeting?
KXFEDDECISION-24DEC-C25,VIS,event,5min,10,2,kalshi_leads_etf,-0.06574352299258086,-1.639507864937048,0.10110753404922806,0.5308145537584473,0.001963908294614347,785,367,795,Will the Federal Reserve Cut rates by 25bps at their December 2024 meeting?
KXFEDDECISION-24DEC-C25,VIS,event,5min,10,3,kalshi_leads_etf,0.05094067336703517,0.7564560998754983,0.4493757836481692,0.739059711369266,0.0011939749431415514,784,367,795,Will the Federal Reserve Cut rates by 25bps at their December 2024 meeting?
KXFEDDECISION-24DEC-C25,VIS,event,5min,10,4,kalshi_leads_etf,-0.020456771232453635,-0.8683934500230162,0.3851789793463868,0.739059711369266,0.00019177236435685696,783,366,795,Will the Federal Reserve Cut rates by 25bps at their December 2024 meeting?
KXFEDDECISION-24DEC-C25,VIS,event,5min,10,5,kalshi_leads_etf,-0.0023768534997176205,-0.057856121813403126,0.9538632342615909,0.9538632342615909,2.625227514041484e-06,782,366,795,Will the Federal Reserve Cut rates by 25bps at their December 2024 meeting?
KXFEDDECISION-24DEC-C25,VIS,event,5min,10,6,kalshi_leads_etf,0.008957777256657378,0.4591029846661177,0.6461602134581391,0.8480852801638077,3.7190546344434416e-05,781,366,795,Will the Federal Reserve Cut rates by 25bps at their December 2024 meeting?
KXFEDDECISION-24DEC-C25,VIS,event,5min,10,7,kalshi_leads_etf,0.06538376199156944,2.429743466127811,0.015109513071301036,0.30602295871083346,0.0019190909036197468,780,366,795,Will the Federal Reserve Cut rates by 25bps at their December 2024 meeting?
KXFEDDECISION-24DEC-C25,VIS,event,5min,10,8,kalshi_leads_etf,-0.04560265216498344,-1.4013586502094473,0.16110685078329523,0.67664877328984,0.000965761152509681,779,365,795,Will the Federal Reserve Cut rates by 25bps at their December 2024 meeting?
KXFEDDECISION-24DEC-C25,VIS,event,5min,10,9,kalshi_leads_etf,-0.02636568093250062,-0.6860105204896547,0.4927064742461773,0.739059711369266,0.00031732514797711,778,365,795,Will the Federal Reserve Cut rates by 25bps at their December 2024 meeting?
KXFEDDECISION-24DEC-C25,VIS,event,5min,10,10,kalshi_leads_etf,0.06843392570229229,2.181519094878156,0.02914504368674604,0.30602295871083346,0.002039931863648037,777,364,795,Will the Federal Reserve Cut rates by 25bps at their December 2024 meeting?
KXFEDDECISION-24DEC-H0,VGT,calendar,10min,8,-8,etf_leads_kalshi,-0.025298056582032744,-0.3376120089210428,0.7356555912313183,0.9327253615433183,0.0002712832139246668,385,194,393,Will the Federal Reserve Hike rates by 0bps at their December 2024 meeting?
KXFEDDECISION-24DEC-H0,VGT,calendar,10min,8,-7,etf_leads_kalshi,-0.018352415281570313,-0.2948260462335856,0.7681267683297915,0.9327253615433183,0.00014292489965450628,386,194,393,Will the Federal Reserve Hike rates by 0bps at their December 2024 meeting?
KXFEDDECISION-24DEC-H0,VGT,calendar,10min,8,-6,etf_leads_kalshi,0.14880646717317453,1.5863908686579913,0.11265067052975047,0.47876534975143953,0.008834335394993675,387,195,393,Will the Federal Reserve Hike rates by 0bps at their December 2024 meeting?
KXFEDDECISION-24DEC-H0,VGT,calendar,10min,8,-5,etf_leads_kalshi,-0.041668445070906425,-0.7837461169512148,0.43318909653658333,0.8182460712357685,0.0007693219741196078,388,196,393,Will the Federal Reserve Hike rates by 0bps at their December 2024 meeting?
KXFEDDECISION-24DEC-H0,VGT,calendar,10min,8,-4,etf_leads_kalshi,-0.05136778052083235,-0.7000510641011519,0.48389541508322687,0.8226222056414857,0.0011834306538247574,389,197,393,Will the Federal Reserve Hike rates by 0bps at their December 2024 meeting?
KXFEDDECISION-24DEC-H0,VGT,calendar,10min,8,-3,etf_leads_kalshi,-0.011010540341343605,-0.20040471933861573,0.8411640688595184,0.9533192780407876,5.56557031341498e-05,390,198,393,Will the Federal Reserve Hike rates by 0bps at their December 2024 meeting?
KXFEDDECISION-24DEC-H0,VGT,calendar,10min,8,-2,etf_leads_kalshi,0.03351133663034297,0.5762374759757943,0.5644546776179555,0.8282289995525957,0.0005142755047333747,391,198,393,Will the Federal Reserve Hike rates by 0bps at their December 2024 meeting?
KXFEDDECISION-24DEC-H0,VGT,calendar,10min,8,-1,etf_leads_kalshi,-0.03934329796768062,-0.5466310467091868,0.5846322349783029,0.8282289995525957,0.0007075719607784192,392,198,393,Will the Federal Reserve Hike rates by 0bps at their December 2024 meeting?
KXFEDDECISION-24DEC-H0,VGT,calendar,10min,8,0,contemp,-0.09519359172799487,-2.4591870884957427,0.013925202940972351,0.23672844999652998,0.004013476265698479,393,199,393,Will the Federal Reserve Hike rates by 0bps at their December 2024 meeting?
KXFEDDECISION-24DEC-H0,VGT,calendar,10min,8,1,kalshi_leads_etf,0.002072118146588316,0.031511114577782544,0.9748619283963254,0.9748619283963254,1.9705857663421256e-06,392,199,393,Will the Federal Reserve Hike rates by 0bps at their December 2024 meeting?
KXFEDDECISION-24DEC-H0,VGT,calendar,10min,8,2,kalshi_leads_etf,0.048952117828093646,0.8356227924465589,0.4033671422425321,0.8182460712357685,0.0011045827632278904,391,199,393,Will the Federal Reserve Hike rates by 0bps at their December 2024 meeting?
KXFEDDECISION-24DEC-H0,VGT,calendar,10min,8,3,kalshi_leads_etf,-0.0031779085653080626,-0.04438553303199615,0.9645970932523699,0.9748619283963254,4.655445560719507e-06,390,199,393,Will the Federal Reserve Hike rates by 0bps at their December 2024 meeting?
KXFEDDECISION-24DEC-H0,VGT,calendar,10min,8,4,kalshi_leads_etf,0.06676085279687614,1.5942086513292246,0.11088930945811686,0.47876534975143953,0.0020192225752850845,389,198,393,Will the Federal Reserve Hike rates by 0bps at their December 2024 meeting?
KXFEDDECISION-24DEC-H0,VGT,calendar,10min,8,5,kalshi_leads_etf,-0.09197782266869142,-1.396214333113457,0.16264996177998337,0.5530098700519435,0.003798160700364539,388,197,393,Will the Federal Reserve Hike rates by 0bps at their December 2024 meeting?
KXFEDDECISION-24DEC-H0,VGT,calendar,10min,8,6,kalshi_leads_etf,0.11343343238226426,1.6360264314671054,0.10183405570118467,0.47876534975143953,0.005851811586413347,387,197,393,Will the Federal Reserve Hike rates by 0bps at their December 2024 meeting?
KXFEDDECISION-24DEC-H0,VGT,calendar,10min,8,7,kalshi_leads_etf,0.04674178465076984,0.8184845213875787,0.4130805768746759,0.8182460712357685,0.0010235731478257515,386,196,393,Will the Federal Reserve Hike rates by 0bps at their December 2024 meeting?
KXFEDDECISION-24DEC-H0,VGT,calendar,10min,8,8,kalshi_leads_etf,-0.0744815925930806,-1.2910250359349185,0.19669499627564135,0.5573024894476505,0.0025759978889319246,385,195,393,Will the Federal Reserve Hike rates by 0bps at their December 2024 meeting?
KXFEDDECISION-24DEC-H0,VGT,event,10min,8,-8,etf_leads_kalshi,-0.051976202582163095,-1.2544681830895075,0.20967188331716824,0.6460659243470452,0.0011389441432386738,387,200,396,Will the Federal Reserve Hike rates by 0bps at their December 2024 meeting?
KXFEDDECISION-24DEC-H0,VGT,event,10min,8,-7,etf_leads_kalshi,-0.028932840650036644,-0.5194052510053538,0.6034781703202221,0.9660515039525291,0.00035254060624712036,388,200,396,Will the Federal Reserve Hike rates by 0bps at their December 2024 meeting?
KXFEDDECISION-24DEC-H0,VGT,event,10min,8,-6,etf_leads_kalshi,0.10627948803108951,1.4233337191039932,0.15463943659160898,0.6460659243470452,0.004621104793898323,389,201,396,Will the Federal Reserve Hike rates by 0bps at their December 2024 meeting?
KXFEDDECISION-24DEC-H0,VGT,event,10min,8,-5,etf_leads_kalshi,-0.00573322136516946,-0.11821990600798858,0.9058934178442284,0.9816367747565061,1.4449511337333298e-05,390,202,396,Will the Federal Reserve Hike rates by 0bps at their December 2024 meeting?
KXFEDDECISION-24DEC-H0,VGT,event,10min,8,-4,etf_leads_kalshi,-0.0600710085494722,-1.1773901764018082,0.23903980899585908,0.6460659243470452,0.0016055122649406561,391,203,396,Will the Federal Reserve Hike rates by 0bps at their December 2024 meeting?
KXFEDDECISION-24DEC-H0,VGT,event,10min,8,-3,etf_leads_kalshi,-0.029926563447541216,-0.5312068912010572,0.5952754181148849,0.9660515039525291,0.00041008977982104344,392,204,396,Will the Federal Reserve Hike rates by 0bps at their December 2024 meeting?
KXFEDDECISION-24DEC-H0,VGT,event,10min,8,-2,etf_leads_kalshi,0.0009298421304496094,0.023016921955372922,0.9816367747565061,0.9816367747565061,3.949159118610268e-07,393,204,396,Will the Federal Reserve Hike rates by 0bps at their December 2024 meeting?
KXFEDDECISION-24DEC-H0,VGT,event,10min,8,-1,etf_leads_kalshi,-0.0038327236044045487,-0.06380109149766369,0.9491286091421536,0.9816367747565061,6.709345766076069e-06,394,204,396,Will the Federal Reserve Hike rates by 0bps at their December 2024 meeting?
KXFEDDECISION-24DEC-H0,VGT,event,10min,8,0,contemp,-0.06869621182924697,-1.4166078003210676,0.15659762667925567,0.6460659243470452,0.0020802148069620774,395,205,396,Will the Federal Reserve Hike rates by 0bps at their December 2024 meeting?
KXFEDDECISION-24DEC-H0,VGT,event,10min,8,1,kalshi_leads_etf,-0.029422893793965933,-0.44279880045358516,0.6579112710570525,0.9660515039525291,0.0003946178566618386,394,205,396,Will the Federal Reserve Hike rates by 0bps at their December 2024 meeting?
KXFEDDECISION-24DEC-H0,VGT,event,10min,8,2,kalshi_leads_etf,0.05867062011227991,1.3436432903731799,0.17906376360264142,0.6460659243470452,0.0015701190299945988,393,205,396,Will the Federal Reserve Hike rates by 0bps at their December 2024 meeting?
KXFEDDECISION-24DEC-H0,VGT,event,10min,8,3,kalshi_leads_etf,-0.008497496749216514,-0.1185677790919043,0.9056177937931846,0.9816367747565061,3.306310500272858e-05,392,205,396,Will the Federal Reserve Hike rates by 0bps at their December 2024 meeting?
KXFEDDECISION-24DEC-H0,VGT,event,10min,8,4,kalshi_leads_etf,0.0177324043292982,0.40984628787839855,0.6819187086723736,0.9660515039525291,0.00014464305584938053,391,204,396,Will the Federal Reserve Hike rates by 0bps at their December 2024 meeting?
KXFEDDECISION-24DEC-H0,VGT,event,10min,8,5,kalshi_leads_etf,-0.02634127404042748,-0.3028502003163692,0.762004024431728,0.9816367747565061,0.00031876187704316106,390,203,396,Will the Federal Reserve Hike rates by 0bps at their December 2024 meeting?
KXFEDDECISION-24DEC-H0,VGT,event,10min,8,6,kalshi_leads_etf,0.10567482905909456,1.7967004182848352,0.07238319253003127,0.6460659243470452,0.005086421672846786,389,203,396,Will the Federal Reserve Hike rates by 0bps at their December 2024 meeting?
KXFEDDECISION-24DEC-H0,VGT,event,10min,8,7,kalshi_leads_etf,0.036184705906695445,0.5953497353096411,0.5516097171219974,0.9660515039525291,0.000613801094759947,388,202,396,Will the Federal Reserve Hike rates by 0bps at their December 2024 meeting?
KXFEDDECISION-24DEC-H0,VGT,event,10min,8,8,kalshi_leads_etf,-0.07130037364041963,-1.11225821235975,0.26602714531937155,0.6460659243470452,0.0023595243703325997,387,201,396,Will the Federal Reserve Hike rates by 0bps at their December 2024 meeting?
