date,VAW,VCR,VDC,VDE,VFH,VGT,VHT,VIS,VNQ,VOX,VPU,MARA,COIN,GEO,IBKR,FSLR,RUN,DHI,TAN,prob
2024-01-02,182.21414184570312,295.6844482421875,182.57757568359375,109.84758758544922,88.2682876586914,58.13820266723633,244.8550262451172,212.08245849609375,80.89161682128906,113.6319808959961,129.1370391845703,22.93000030517578,156.8800048828125,10.760000228881836,20.85381317138672,172.16000366210938,19.459999084472656,146.04786682128906,51.813838958740234,
2024-01-03,179.637451171875,289.0281066894531,180.96116638183594,111.28502655029297,87.28350830078125,57.359806060791016,243.94129943847656,208.11485290527344,78.95825958251953,113.0477066040039,129.6112060546875,23.440000534057617,152.24000549316406,10.760000228881836,21.366836547851562,167.4199981689453,18.440000534057617,144.1671905517578,49.83363342285156,
2024-01-04,178.79136657714844,286.9694519042969,180.71539306640625,109.51373291015625,87.59900665283203,57.01439666748047,245.10508728027344,208.58164978027344,78.81304931640625,112.80425262451172,129.0440673828125,26.270000457763672,155.60000610351562,10.729999542236328,21.50741958618164,166.30999755859375,17.059999465942383,143.91383361816406,48.53007507324219,0.5
2024-01-05,179.39707946777344,287.6065673828125,180.1765899658203,109.6435775756836,88.07707977294922,57.0279655456543,244.92234802246094,208.5913543701172,78.61335754394531,113.2424545288086,129.44383239746094,24.1200008392334,153.97999572753906,10.670000076293945,21.68500518798828,166.8699951171875,16.15999984741211,144.8297882080078,48.05243682861328,0.405
2024-01-08,180.31045532226562,292.7239074707031,181.5850830078125,108.3916244506836,88.66030883789062,58.47990798950195,247.62496948242188,210.09866333007812,79.7388687133789,115.07318878173828,130.46652221679688,25.979999542236328,159.4199981689453,10.960000038146973,21.618412017822266,166.1300048828125,16.639999389648438,148.38645935058594,48.05243682861328,0.465
2024-01-09,178.21453857421875,291.6553649902344,182.0860595703125,106.71306610107422,87.98146057128906,58.58353042602539,247.7115478515625,209.359619140625,79.20333862304688,114.76158142089844,129.4624481201172,25.729999542236328,151.99000549316406,10.789999961853027,21.635677337646484,166.91000366210938,16.299999237060547,147.8797607421875,47.6743049621582,0.455
2024-01-10,177.8299102783203,294.2237548828125,181.84027099609375,105.6280517578125,88.18224334716797,59.080665588378906,248.4906005859375,210.2931671142578,79.29412078857422,115.8717041015625,129.35084533691406,25.6299991607666,151.2899932861328,10.970000267028809,21.460559844970703,162.3300018310547,16.309999465942383,150.5692138671875,48.0225830078125,0.465
2024-01-11,177.28187561035156,293.6944274902344,181.7551727294922,105.73931884765625,87.742431640625,59.28791809082031,247.99050903320312,209.875,78.55890655517578,115.41402435302734,126.3478775024414,22.399999618530273,141.16000366210938,10.979999542236328,21.665271759033203,160.2899932861328,15.770000457763672,151.01744079589844,46.77873229980469,0.475
2024-01-12,177.4357452392578,290.5476379394531,182.39797973632812,107.13966369628906,87.51296997070312,59.41990661621094,247.3749542236328,209.8361053466797,79.0308837890625,115.77432250976562,127.0451889038086,18.979999542236328,130.77999877929688,10.720000267028809,21.793527603149414,160.44000244140625,15.100000381469727,149.9845428466797,46.22148895263672,0.485
2024-01-16,175.3686065673828,290.0083923339844,181.5094451904297,104.60791778564453,86.90105438232422,59.50749969482422,245.9995574951172,207.8425750732422,78.4499740600586,115.15108489990234,125.5390396118164,17.780000686645508,133.8800048828125,10.739999771118164,21.50248908996582,149.10000610351562,14.210000038146973,149.0783233642578,44.05221176147461,0.485
2024-01-17,173.98414611816406,287.5870056152344,181.11241149902344,103.75473022460938,86.64290618896484,59.181827545166016,245.15316772460938,206.33526611328125,77.01586151123047,114.28441619873047,123.74470520019531,17.260000228881836,133.86000061035156,10.460000038146973,21.998241424560547,147.25999450683594,13.619999885559082,148.07467651367188,42.67900085449219,0.485
2024-01-18,174.8878936767578,289.528076171875,180.97064208984375,103.65272521972656,86.8628158569336,60.332767486572266,245.24932861328125,209.06788635253906,76.59831237792969,115.78406524658203,122.5174789428711,16.06999969482422,124.33999633789062,10.729999542236328,21.906982421875,147.4499969482422,13.210000038146973,148.6300811767578,43.057132720947266,0.485
2024-01-19,175.16671752929688,292.3023376464844,180.39398193359375,103.91240692138672,88.34477996826172,61.64285659790039,245.51869201660156,210.7113037109375,77.51507568359375,117.49795532226562,122.3780288696289,16.1299991607666,124.75,10.930000305175781,22.1462345123291,145.9199981689453,13.170000076293945,151.32925415039062,42.6889533996582,0.485
2024-01-22,175.88778686523438,291.8906555175781,179.75125122070312,104.32971954345703,88.89933013916016,62.04499816894531,246.778564453125,212.7242889404297,77.97798919677734,117.8971939086914,121.95964813232422,16.610000610351562,128.2100067138672,11.479999542236328,22.46933937072754,149.91000366210938,13.770000457763672,153.6678924560547,43.345706939697266,0.545
2024-01-23,176.38775634765625,291.184814453125,181.3865509033203,104.64501953125,88.84196472167969,62.30282974243164,246.5766143798828,212.25753784179688,77.44246673583984,119.1436538696289,122.18277740478516,16.110000610351562,124.19000244140625,11.649999618530273,22.545799255371094,151.4600067138672,14.210000038146973,139.4704132080078,44.66916275024414,0.545
2024-01-24,174.11875915527344,289.9299621582031,179.19354248046875,106.1566390991211,89.19572448730469,62.601356506347656,244.35487365722656,210.740478515625,76.33509826660156,119.76687622070312,120.45352172851562,15.649999618530273,121.33999633789062,11.819999694824219,22.644454956054688,148.8699951171875,13.539999961853027,135.65065002441406,43.813392639160156,0.545
2024-01-25,175.6955108642578,287.7144470214844,181.00843811035156,108.28033447265625,89.58773803710938,62.75061798095703,244.1048126220703,212.84095764160156,77.31539154052734,121.69499969482422,122.6197509765625,16.270000457763672,121.01000213623047,11.279999732971191,22.311485290527344,149.22999572753906,14.329999923706055,137.9503173828125,43.66413116455078,0.545
2024-01-26,175.90701293945312,289.145751953125,181.7268524169922,109.1242446899414,89.8936767578125,62.099281311035156,245.2589874267578,212.646484375,77.09754180908203,122.08451080322266,122.88935852050781,17.850000381469727,125.19999694824219,11.430000305175781,22.62718963623047,147.8300018310547,14.319999694824219,136.90768432617188,42.97752380371094,0.545
2024-01-29,177.06077575683594,292.7239074707031,182.69100952148438,109.06859588623047,90.39085388183594,62.824642181396484,247.32684326171875,214.4163818359375,77.60585021972656,123.39912414550781,123.7540054321289,18.520000457763672,132.82000732421875,11.680000305175781,22.284351348876953,149.3000030517578,14.979999542236328,136.61532592773438,43.83329391479492,0.545
2024-01-30,177.6472625732422,291.9200439453125,183.6835479736328,110.08870697021484,91.28005981445312,62.22017288208008,247.41336059570312,214.48440551757812,76.87969970703125,122.3571548461914,123.63312530517578,18.110000610351562,130.82000732421875,11.600000381469727,22.128971099853516,149.02999877929688,14.710000038146973,139.59710693359375,43.00737762451172,0.545
2024-01-31,175.18594360351562,286.4988708496094,182.2089385986328,107.90937805175781,89.85543060302734,60.9286003112793,246.83633422851562,211.82965087890625,76.14449310302734,119.10469818115234,123.1868667602539,17.729999542236328,128.1999969482422,11.119999885559082,21.88972282409668,146.3000030517578,14.479999542236328,139.2560577392578,42.16156005859375,0.525
2024-02-01,178.0606689453125,292.39056396484375,185.8387451171875,107.79810333251953,89.90325164794922,61.71439743041992,250.06802368164062,215.63192749023438,77.5241470336914,120.28298950195312,125.7156982421875,18.600000381469727,128.9499969482422,11.449999809265137,22.412609100341797,147.88999938964844,14.899999618530273,143.56301879882812,43.206390380859375,0.525
2024-02-02,176.8588409423828,297.3607482910156,185.45118713378906,107.60334014892578,90.31437683105469,62.31639862060547,249.57745361328125,216.86691284179688,76.56201171875,125.3077621459961,123.56806945800781,18.200000762939453,129.22000122070312,11.34000015258789,23.709957122802734,141.82000732421875,14.34000015258789,143.13427734375,42.07200241088867,0.525
2024-02-05,172.7053985595703,293.1160583496094,184.1561737060547,107.2045669555664,89.57817077636719,62.34600067138672,250.12567138671875,215.23321533203125,74.95545196533203,123.63284301757812,120.92769622802734,16.639999389648438,117.30000305175781,11.449999809265137,23.446054458618164,139.8000030517578,13.630000114440918,141.80636596679688,40.897804260253906,0.525
2024-02-06,175.06094360351562,294.63555908203125,184.75169372558594,107.788818359375,89.84587097167969,62.23991394042969,253.09759521484375,217.18788146972656,75.96295928955078,123.66206359863281,121.48548889160156,17.059999465942383,119.79000091552734,11.239999771118164,22.942895889282227,141.11000061035156,14.470000267028809,139.65821838378906,42.07200241088867,0.525
2024-02-07,176.23391723632812,297.40985107421875,184.38304138183594,107.97429656982422,90.38129425048828,63.04421615600586,253.4438934326172,218.597900390625,75.85403442382812,123.87628936767578,121.55059814453125,17.540000915527344,122.06999969482422,11.449999809265137,23.29313087463379,145.4600067138672,15.3100004196167,141.23025512695312,43.942752838134766,0.525
2024-02-08,176.31082153320312,299.331298828125,184.7044219970703,109.13352966308594,90.19007873535156,63.36372375488281,253.3861846923828,219.32725524902344,76.47124481201172,124.35343933105469,120.78821563720703,21.579999923706055,132.5500030517578,12.020000457763672,23.522512435913086,143.1699981689453,15.4399995803833,141.17166137695312,43.88304901123047,0.525
2024-02-09,176.80117797851562,302.007568359375,183.15419006347656,107.58480834960938,90.59165954589844,64.32469177246094,253.3861846923828,219.90101623535156,76.58924865722656,124.55794525146484,121.31815338134766,23.889999389648438,141.99000549316406,11.5600004196167,24.18598175048828,151.5,15.819999694824219,141.49391174316406,45.266212463378906,0.515
2024-02-12,178.30104064941406,302.57611083984375,184.6666259765625,108.80892181396484,91.19398498535156,63.923763275146484,254.15560913085938,220.68870544433594,76.60741424560547,125.0643081665039,122.83358001708984,27.280000686645508,147.30999755859375,11.609999656677246,24.210649490356445,157.22000122070312,16.979999542236328,144.78443908691406,47.06730651855469,0.535
2024-02-13,175.15707397460938,295.900146484375,182.4830780029297,107.64044189453125,89.75983428955078,62.67414474487305,251.36639404296875,217.450439453125,75.02806091308594,123.0875244140625,120.66735076904297,25.719999313354492,140.38999938964844,11.279999732971191,24.903718948364258,152.33999633789062,15.229999542236328,139.0137481689453,44.27113342285156,0.525
2024-02-14,176.60888671875,299.2430725097656,182.36961364746094,107.53843688964844,90.76374816894531,63.51175308227539,253.78050231933594,221.37911987304688,75.6180419921875,124.91824340820312,121.33675384521484,29.40999984741211,160.3800048828125,11.109999656677246,24.923452377319336,158.24000549316406,16.829999923706055,142.06997680664062,46.400604248046875,0.525
2024-02-15,180.33932495117188,302.8114013671875,183.67408752441406,110.5709457397461,92.36045837402344,63.46240997314453,255.8291778564453,223.16847229003906,77.37891387939453,126.0965347290039,123.4193115234375,27.020000457763672,165.6699981689453,11.789999961853027,25.79657554626465,159.77999877929688,17.0,141.95281982421875,47.16681671142578,0.53
2024-02-16,180.86810302734375,301.3115234375,183.8253173828125,110.61731719970703,92.0449447631836,62.790096282958984,256.4735412597656,221.8556365966797,76.58016967773438,124.13921356201172,123.32633972167969,26.940000534057617,180.30999755859375,12.229999542236328,25.781774520874023,156.97999572753906,16.420000076293945,137.939697265625,46.62947082519531,0.525
2024-02-20,180.3489227294922,298.0960693359375,185.64967346191406,109.58794403076172,91.67205047607422,62.0487060546875,255.32904052734375,220.91236877441406,76.44401550292969,123.55492401123047,123.2333755493164,24.510000228881836,173.3000030517578,11.9399995803833,25.488269805908203,153.25,15.890000343322754,140.0878448486328,45.58463668823242,0.545
2024-02-21,181.28155517578125,299.7234191894531,186.0372314453125,111.77653503417969,91.77723693847656,61.51949691772461,255.89649963378906,221.51528930664062,76.87063598632812,123.24331665039062,124.73017120361328,22.899999618530273,162.41000366210938,11.920000076293945,25.912494659423828,150.02999877929688,15.579999923706055,140.5955810546875,44.539798736572266,0.545
2024-02-22,183.1563720703125,305.4876403808594,186.6327362060547,111.8785400390625,92.90544128417969,63.520389556884766,258.85882568359375,224.10203552246094,77.01586151123047,125.11299896240234,123.73540496826172,24.559999465942383,170.91000366210938,11.84000015258789,26.3317928314209,144.72999572753906,12.779999732971191,141.70870971679688,42.440181732177734,0.545
2024-02-23,184.13706970214844,304.3210754394531,187.3983917236328,111.16447448730469,93.2496337890625,63.30574035644531,260.0995178222656,225.30783081054688,76.97955322265625,124.8013916015625,124.40479278564453,23.989999771118164,165.97999572753906,11.760000228881836,26.32192611694336,142.88999938964844,11.899999618530273,142.6558380126953,41.78343200683594,0.535
2024-02-26,183.3101806640625,305.05633544921875,187.1715545654297,111.5261459350586,92.97235870361328,63.47103500366211,259.0030822753906,225.41485595703125,76.13541412353516,123.18489837646484,122.08050537109375,29.190000534057617,193.94000244140625,12.069999694824219,26.585838317871094,144.5800018310547,11.380000114440918,142.42149353027344,41.77347946166992,0.525
2024-02-27,184.03131103515625,306.58563232421875,187.19992065429688,111.11810302734375,93.29744720458984,63.563568115234375,259.3205261230469,225.74545288085938,76.2261734008789,124.43134307861328,124.37689208984375,30.309999465942383,199.22000122070312,12.1899995803833,26.413183212280273,144.99000549316406,11.880000114440918,142.01141357421875,42.35062789916992,0.525
2024-02-28,184.079345703125,307.1934509277344,187.53076171875,110.88626098632812,93.55560302734375,63.268733978271484,257.7335510253906,226.39698791503906,76.99771118164062,123.40887451171875,124.83247375488281,31.030000686645508,200.8000030517578,12.130000114440918,26.78314971923828,149.25,11.800000190734863,142.5386505126953,41.80332946777344,0.525
2024-02-29,185.51193237304688,309.5266418457031,187.46461486816406,111.35919952392578,93.632080078125,63.87442398071289,255.27134704589844,226.94155883789062,77.6512222290039,124.55794525146484,124.92545318603516,25.899999618530273,203.55999755859375,12.270000457763672,26.839933395385742,153.88999938964844,12.039999961853027,145.91709899902344,42.93772506713867,0.525
2024-03-01,186.46376037597656,311.1441955566406,187.40786743164062,112.84300994873047,93.61296081542969,65.05868530273438,258.2432861328125,228.2349395751953,78.57704162597656,125.268798828125,124.35830688476562,27.0,205.77000427246094,12.09000015258789,27.274431228637695,158.0500030517578,12.180000305175781,149.3638916015625,43.96265411376953,0.525
2024-03-04,187.5213623046875,307.4189147949219,187.5023956298828,111.572509765625,93.77550506591797,65.17958068847656,257.6854248046875,229.1101531982422,79.31226348876953,123.49651336669922,126.43157196044922,25.709999084472656,229.14999389648438,11.75,27.41761589050293,156.6999969482422,11.960000038146973,148.8756866455078,43.17654037475586,0.535
2024-03-05,186.39646911621094,303.8897399902344,188.06954956054688,112.32367706298828,93.9571533203125,63.614139556884766,255.6079864501953,227.0874481201172,78.35013580322266,122.70774841308594,126.17127227783203,22.260000228881836,216.77000427246094,11.710000038146973,27.059650421142578,159.05999755859375,11.989999771118164,147.55751037597656,42.78845977783203,0.535
2024-03-06,187.85784912109375,302.59576416015625,189.2794952392578,112.65755462646484,94.44478607177734,64.31976318359375,257.3680114746094,228.54612731933594,78.74042510986328,122.72720336914062,127.3891830444336,22.6200008392334,238.5500030517578,11.9399995803833,27.155927658081055,158.4199981689453,12.239999771118164,148.29957580566406,43.72383499145508,0.535
2024-03-07,190.33839416503906,305.0857238769531,190.4611053466797,113.61273956298828,94.35872650146484,65.40039825439453,258.7337951660156,230.2576446533203,78.72227478027344,124.3826675415039,128.29098510742188,21.799999237060547,242.6199951171875,11.979999542236328,26.96089744567871,160.35000610351562,12.329999923706055,151.6389617919922,44.74877166748047,0.535
2024-03-08,189.50193786621094,304.056396484375,189.06207275390625,113.98368835449219,94.57865142822266,64.33086395263672,258.2720947265625,229.6449737548828,79.62995147705078,124.43134307861328,128.5699005126953,23.479999542236328,256.6199951171875,11.930000305175781,26.639968872070312,161.35000610351562,12.5600004196167,149.95950317382812,45.54483413696289,0.535
2024-03-11,190.9537353515625,302.9192199707031,189.8939208984375,115.14290618896484,94.693359375,64.0557632446289,257.7335510253906,228.302978515625,79.24871826171875,124.48976135253906,129.1835174560547,20.639999389648438,254.1699981689453,11.899999618530273,26.595529556274414,162.16000366210938,12.020000457763672,149.11000061035156,46.151832580566406,0.515
2024-03-12,190.80950927734375,305.5072937011719,191.05657958984375,114.98524475097656,95.0375747680664,65.38065338134766,258.72418212890625,229.43106079101562,79.07625579833984,125.42462158203125,128.0399932861328,20.190000534057617,256.1400146484375,11.859999656677246,26.933744430541992,159.3800048828125,10.704999923706055,150.97499084472656,44.400489807128906,0.515
2024-03-13,192.17478942871094,305.5955810546875,191.6331787109375,116.74726104736328,95.52519989013672,64.6885986328125,257.7912292480469,230.12149047851562,78.67688751220703,125.52198028564453,128.83953857421875,19.700000762939453,251.72999572753906,12.300000190734863,26.775745391845703,158.0399932861328,9.970000267028809,151.5413055419922,43.654178619384766,0.515
2024-03-14,190.68450927734375,303.65447998046875,190.07350158691406,117.9435806274414,94.74117279052734,64.4455795288086,256.5119934082031,228.90594482421875,77.49691772460938,125.23958587646484,127.90052032470703,18.229999542236328,233.6699981689453,12.479999542236328,26.620214462280273,149.38999938964844,9.510000228881836,146.7763671875,42.479984283447266,0.515
2024-03-15,190.99217224121094,300.6154479980469,190.00730895996094,118.32379150390625,94.70292663574219,63.599334716796875,255.6848907470703,229.00318908691406,77.324462890625,124.07105255126953,127.94701385498047,19.31999969482422,242.36000061035156,13.149999618530273,26.523935317993164,147.4199981689453,9.890000343322754,148.1140594482422,42.34067153930664,0.515
2024-03-18,191.03067016601562,302.15460205078125,191.2078399658203,118.71329498291016,94.98018646240234,63.897865295410156,255.48292541503906,229.26573181152344,77.36077117919922,126.30101776123047,128.3188934326172,19.40999984741211,239.6199951171875,12.869999885559082,26.647371292114258,149.47999572753906,10.260000228881836,147.93829345703125,42.58944320678711,0.515
2024-03-19,191.48252868652344,304.8014831542969,191.8978729248047,120.10435485839844,95.46782684326172,64.16802215576172,257.34881591796875,231.39541625976562,77.33353424072266,126.28153991699219,129.51820373535156,19.31999969482422,230.1199951171875,13.09000015258789,26.53134536743164,147.47999572753906,10.390000343322754,152.41033935546875,42.83821487426758,0.515
2024-03-20,193.6457977294922,309.76190185546875,192.75804138183594,120.07654571533203,96.80638122558594,65.0377197265625,257.05059814453125,234.30307006835938,77.84183502197266,127.9272689819336,129.8808135986328,22.43000030517578,256.8800048828125,14.0600004196167,26.859682083129883,151.02000427246094,11.479999542236328,154.84164428710938,43.87309646606445,0.515
2024-03-21,194.62646484375,311.7127380371094,192.85255432128906,120.6700439453125,97.77204895019531,65.22028350830078,257.3872375488281,237.0161895751953,78.40458679199219,127.82991027832031,129.76922607421875,21.780000686645508,262.0,14.739999771118164,27.143587112426758,152.67999267578125,11.760000228881836,157.59515380859375,44.17162322998047,0.515
2024-03-22,193.3646697998047,309.4720764160156,192.06658935546875,120.42342376708984,96.45703887939453,65.32403564453125,256.778564453125,236.0110321044922,77.41777038574219,128.1344451904297,129.93418884277344,20.8700008392334,255.50999450683594,14.619999885559082,26.778213500976562,153.30999755859375,11.350000381469727,158.0052490234375,43.813392639160156,0.515
2024-03-25,193.51901245117188,308.60772705078125,191.40208435058594,121.45108032226562,96.45703887939453,65.06065368652344,256.3250732421875,234.5096435546875,76.94174194335938,127.91969299316406,130.64634704589844,20.950000762939453,279.7099914550781,14.569999694824219,26.938682556152344,154.77000427246094,10.890000343322754,156.0133514404297,43.23624801635742,0.495
2024-03-26,193.5575714111328,308.6273193359375,191.62991333007812,120.53553771972656,96.54342651367188,64.77500915527344,257.4924011230469,234.15866088867188,76.6304931640625,127.66588592529297,129.0720977783203,20.3799991607666,266.80999755859375,14.520000457763672,27.215179443359375,153.16000366210938,11.279999732971191,155.51535034179688,42.8083610534668,0.495
2024-03-27,196.75074768066406,312.4877624511719,193.52847290039062,121.7126693725586,97.8392333984375,64.92833709716797,261.004150390625,238.02914428710938,78.60781860351562,128.2906494140625,132.52047729492188,22.06999969482422,256.70001220703125,14.210000038146973,27.508956909179688,167.4499969482422,13.100000381469727,158.22984313964844,45.16670227050781,0.495
2024-03-28,197.21380615234375,312.1046142578125,193.78477478027344,123.03926849365234,98.2807846069336,64.83683013916016,260.98480224609375,238.02914428710938,79.16622924804688,128.09542846679688,133.6074676513672,22.579999923706055,265.1199951171875,14.119999885559082,27.578079223632812,168.8000030517578,13.180000305175781,160.67091369628906,45.14680099487305,0.495
2024-04-01,196.5867462158203,310.1302490234375,192.1614990234375,123.8520736694336,97.4552993774414,64.97038269042969,258.727294921875,236.00128173828125,77.83885955810547,128.71041870117188,132.85784912109375,21.6299991607666,252.11000061035156,14.260000228881836,27.662015914916992,171.8699951171875,12.739999771118164,158.06385803222656,44.8482780456543,0.485
2024-04-02,195.61239624023438,305.1794738769531,191.01290893554688,125.49633026123047,96.88896942138672,64.23710632324219,254.45347595214844,234.60714721679688,76.8593521118164,128.77874755859375,132.99838256835938,19.729999542236328,245.83999633789062,13.90999984741211,28.259449005126953,167.1699981689453,11.720000267028809,151.98069763183594,43.17654037475586,0.485
2024-04-03,197.2041473388672,305.46435546875,188.92449951171875,126.49595642089844,96.9081802368164,64.36942291259766,254.48239135742188,236.0987548828125,76.94174194335938,129.5987548828125,132.55796813964844,19.43000030517578,251.5800018310547,14.0600004196167,28.331039428710938,166.72999572753906,12.40999984741211,154.09954833984375,43.66413116455078,0.475
2024-04-04,195.02392578125,301.58428955078125,188.089111328125,126.33715057373047,95.82352447509766,63.329490661621094,251.04788208007812,234.02220153808594,76.44741821289062,128.1344451904297,132.21124267578125,18.469999313354492,249.61000061035156,14.050000190734863,27.41020965576172,171.4600067138672,12.119999885559082,152.44940185546875,43.504920959472656,0.465
2024-04-05,196.47100830078125,303.8042907714844,188.44984436035156,127.71047973632812,96.639404296875,64.099853515625,253.13174438476562,237.08346557617188,76.84103393554688,129.51089477539062,132.78285217285156,18.43000030517578,240.89999389648438,15.140000343322754,27.815078735351562,174.60000610351562,11.829999923706055,154.78306579589844,42.91781997680664,0.465
2024-04-08,196.80860900878906,306.1814270019531,188.3074493408203,126.93506622314453,97.30172729492188,64.00711822509766,252.49501037597656,236.93722534179688,77.6649169921875,129.29612731933594,133.58872985839844,17.950000762939453,256.989990234375,15.930000305175781,28.234758377075195,179.22000122070312,11.880000114440918,153.04502868652344,43.52482223510742,0.465
2024-04-09,197.40676879882812,307.3896484375,189.24725341796875,126.87901306152344,96.71621704101562,64.15177917480469,253.68167114257812,236.332763671875,78.6993637084961,129.81349182128906,134.1416015625,17.979999542236328,242.9499969482422,15.920000076293945,27.427488327026367,184.6999969482422,13.020000457763672,154.63658142089844,45.29606246948242,0.465
2024-04-10,194.2425537109375,302.1245422363281,188.26950073242188,127.32743072509766,95.13241577148438,63.568145751953125,250.58477783203125,233.4957275390625,75.44043731689453,128.62252807617188,131.6864776611328,17.3799991607666,250.99000549316406,15.59000015258789,28.019981384277344,185.2899932861328,12.289999961853027,144.75515747070312,43.75368881225586,0.455
2024-04-11,194.1653594970703,304.1087341308594,187.56703186035156,127.0191421508789,94.66207885742188,64.79478454589844,249.5042724609375,233.8564453125,75.69676208496094,129.8623046875,131.46156311035156,17.600000381469727,263.010009765625,15.680000305175781,27.68917465209961,184.44000244140625,11.850000381469727,147.13760375976562,43.46511459350586,0.455
2024-04-12,190.66348266601562,299.4035949707031,185.6210174560547,125.20674133300781,93.27989196777344,63.642337799072266,245.78997802734375,231.4873504638672,74.79962158203125,127.65613555908203,130.4589385986328,16.110000610351562,245.75,15.369999885559082,27.25221061706543,182.47999572753906,11.640000343322754,148.13357543945312,41.78343200683594,0.455
2024-04-15,189.68914794921875,294.2367858886719,184.7002410888672,123.94551086425781,92.60797882080078,62.4317626953125,244.65159606933594,229.4595184326172,73.52718353271484,125.77208709716797,129.2594757080078,15.149999618530273,223.41000366210938,15.199999809265137,26.948556900024414,175.9600067138672,10.6899995803833,145.55581665039062,40.400264739990234,0.455
2024-04-16,188.39642333984375,292.9007873535156,185.06094360351562,122.91785430908203,92.05123901367188,62.4688606262207,244.8638153076172,228.8647918701172,72.49275207519531,125.33280181884766,127.47904968261719,14.600000381469727,218.8300018310547,15.180000305175781,26.5115909576416,173.0800018310547,10.329999923706055,142.60704040527344,39.544498443603516,0.445
2024-04-17,188.531494140625,290.6906433105469,185.43115234375,122.3572998046875,92.176025390625,61.541446685791016,244.207763671875,227.23667907714844,71.9618148803711,125.04969787597656,130.1028289794922,14.630000114440918,213.77999877929688,14.989999771118164,26.965835571289062,178.00999450683594,10.845000267028809,142.30433654785156,39.90272521972656,0.445
2024-04-18,188.46395874023438,289.2760925292969,186.30450439453125,122.08637237548828,92.53117370605469,60.957801818847656,243.9183807373047,226.4664764404297,71.97096252441406,125.99662017822266,130.74005126953125,15.029999732971191,218.0800018310547,14.770000457763672,27.304054260253906,174.2899932861328,10.109999656677246,142.4410400390625,39.504695892333984,0.425
2024-04-19,188.35784912109375,286.8596496582031,188.13658142089844,123.55311584472656,93.8270034790039,59.34164810180664,244.40074157714844,226.3787384033203,72.3188247680664,124.26875305175781,132.70787048339844,16.5,211.00999450683594,14.569999694824219,27.538583755493164,175.0399932861328,10.25,138.8380126953125,39.39523696899414,0.425
2024-04-22,188.82089233398438,288.7162170410156,190.03514099121094,124.44064331054688,95.08442687988281,60.1528205871582,245.5584259033203,227.8508758544922,72.95962524414062,124.62994384765625,134.0854034423828,17.549999237060547,225.86000061035156,14.859999656677246,27.92616844177246,176.27999877929688,10.050000190734863,139.69728088378906,39.75346374511719,0.435
2024-04-23,187.31597900390625,293.01861572265625,190.4433135986328,124.91712188720703,95.81391906738281,61.14080810546875,248.73248291015625,231.22412109375,73.62788391113281,126.79708099365234,134.72259521484375,19.440000534057617,236.42999267578125,14.989999771118164,28.313758850097656,180.10000610351562,10.270000457763672,144.54034423828125,40.300758361816406,0.435
2024-04-24,187.3642120361328,294.09918212890625,191.8957061767578,125.09461975097656,95.71793365478516,61.23849105834961,248.1922149658203,229.63499450683594,73.76520538330078,126.83610534667969,135.58470153808594,19.09000015258789,224.3699951171875,15.069999694824219,28.548288345336914,177.47999572753906,10.020000457763672,142.6753692626953,40.1116943359375,0.425
2024-04-25,188.06845092773438,293.5687561035156,191.31666564941406,125.71119689941406,95.14202117919922,61.26322555541992,246.243408203125,230.29794311523438,73.34410095214844,122.51161193847656,136.04383850097656,19.010000228881836,223.61000061035156,14.789999961853027,28.96796989440918,175.02000427246094,9.710000038146973,140.80062866210938,39.59425354003906,0.425
2024-04-26,189.26467895507812,297.07550048828125,190.99391174316406,124.71157836914062,94.95964813232422,62.314292907714844,246.32058715820312,230.57090759277344,73.38072967529297,126.1625747680664,134.49769592285156,19.43000030517578,236.32000732421875,14.869999885559082,28.6741943359375,178.72999572753906,10.289999961853027,141.9040069580078,40.56943130493164,0.435
2024-04-29,191.0397186279297,302.63531494140625,191.64891052246094,125.5990982055664,94.77725982666016,62.56159973144531,247.4976043701172,232.2088165283203,74.13137817382812,124.88375854492188,136.51239013671875,18.030000686645508,218.16000366210938,15.029999732971191,28.817378997802734,180.8300018310547,10.720000267028809,142.52890014648438,41.41524887084961,0.435
2024-04-30,187.6053924560547,295.5726318359375,190.6141815185547,121.78739929199219,93.74061584472656,61.17543411254883,247.0152130126953,228.182373046875,72.87723541259766,122.99970245361328,135.72523498535156,16.059999465942383,203.92999267578125,14.859999656677246,28.41991424560547,176.3000030517578,10.289999961853027,139.13095092773438,40.131595611572266,0.445
2024-05-01,188.492919921875,294.4233703613281,189.51303100585938,119.79747772216797,93.83660888671875,60.51264572143555,248.21151733398438,227.3634490966797,72.9046859741211,124.63971710205078,137.2901611328125,16.06999969482422,210.08999633789062,14.739999771118164,28.859346389770508,177.5800018310547,10.069999694824219,139.41470336914062,40.101741790771484,0.455
2024-05-02,188.57972717285156,298.9517517089844,191.4305877685547,120.5822525024414,94.422119140625,61.33988952636719,248.07647705078125,229.87872314453125,73.92996978759766,126.20160675048828,138.2740936279297,17.06999969482422,228.85000610351562,14.979999542236328,29.575279235839844,180.50999450683594,10.949999809265137,142.33062744140625,41.285888671875,0.455
2024-05-03,190.1039581298828,301.3191223144531,192.04762268066406,120.6756591796875,94.73887634277344,62.996856689453125,248.9254150390625,231.51663208007812,74.42430114746094,127.18756866455078,139.32359313964844,17.520000457763672,223.25,14.649999618530273,29.65427589416504,191.5500030517578,11.899999618530273,145.28561401367188,42.69890213012695,0.465
2024-05-06,191.48348999023438,304.8258361816406,192.12353515625,121.69398498535156,95.84272766113281,63.908203125,250.0252685546875,234.0514373779297,74.48839569091797,129.13992309570312,140.1013946533203,20.670000076293945,226.92999267578125,14.430000305175781,30.12086296081543,193.80999755859375,11.989999771118164,148.0058135986328,43.0372314453125,0.465
2024-05-07,193.56723022460938,303.1362609863281,194.20245361328125,121.67529296875,96.07308197021484,63.64109802246094,251.8582305908203,234.33416748046875,75.19327545166016,129.4327850341797,141.53509521484375,20.209999084472656,214.33999633789062,13.630000114440918,29.757959365844727,194.6699981689453,11.779999732971191,148.14279174804688,42.848167419433594,0.465
2024-05-08,192.87265014648438,302.2620544433594,193.5949249267578,121.48844146728516,96.44743347167969,63.733829498291016,250.59445190429688,234.44140625,74.56161499023438,129.00326538085938,142.80015563964844,20.09000015258789,211.1999969482422,13.600000381469727,29.555524826049805,190.72000122070312,11.510000228881836,144.56155395507812,42.271018981933594,0.455
2024-05-09,195.10113525390625,304.61956787109375,195.427001953125,123.1607437133789,97.21533203125,63.670772552490234,252.81333923339844,236.85922241210938,76.09038543701172,129.29612731933594,145.142822265625,19.649999618530273,210.4499969482422,13.630000114440918,29.40987205505371,193.61000061035156,12.40999984741211,146.28367614746094,42.98747634887695,0.445
2024-05-10,195.14935302734375,303.28369140625,196.61358642578125,122.3572998046875,97.4552993774414,63.837703704833984,252.94842529296875,237.05419921875,75.87985229492188,129.02279663085938,144.8616943359375,17.15999984741211,200.9199981689453,13.479999542236328,29.651803970336914,191.0500030517578,11.260000228881836,146.7435760498047,41.853084564208984,0.445
2024-05-13,195.0335693359375,303.4212341308594,196.1959228515625,121.98361206054688,97.10972595214844,64.14930725097656,252.92916870117188,235.9135284423828,76.12701416015625,129.13992309570312,144.9928741455078,17.260000228881836,199.50999450683594,13.079999923706055,29.686370849609375,189.5399932861328,11.520000457763672,143.7004852294922,42.559593200683594,0.51
2024-05-14,195.56417846679688,305.3857421875,195.8731689453125,122.40401458740234,97.57048034667969,64.80962371826172,254.0000457763672,236.32301330566406,76.71287536621094,129.67681884765625,145.26466369628906,18.06999969482422,203.0500030517578,13.119999885559082,30.069019317626953,186.97000122070312,12.270000457763672,144.81594848632812,43.55467224121094,0.485
2024-05-15,195.8632354736328,305.8179626464844,195.9586181640625,122.66559600830078,98.37677764892578,66.2934799194336,257.8108215332031,237.92190551757812,77.77476501464844,130.75064086914062,147.3355712890625,20.200000762939453,219.91000366210938,12.710000038146973,30.12086296081543,191.92999267578125,12.09000015258789,154.18984985351562,43.514869689941406,0.495
2024-05-16,194.5705108642578,303.0675354003906,198.46470642089844,122.28254699707031,98.25198364257812,66.0127944946289,257.5792236328125,236.0110321044922,77.7198486328125,130.51634216308594,146.8857879638672,19.649999618530273,199.1699981689453,13.229999542236328,30.073957443237305,194.6199951171875,12.25,147.72207641601562,43.11684036254883,0.495
2024-05-17,196.2394561767578,303.873046875,197.9141082763672,124.01089477539062,98.86630249023438,65.8520278930664,257.6950378417969,236.2157745361328,77.71070098876953,130.94590759277344,147.01695251464844,19.450000762939453,207.60000610351562,13.420000076293945,30.56770133972168,197.58999633789062,11.890000343322754,148.24066162109375,42.4003791809082,0.505
2024-05-20,196.60606384277344,302.0558166503906,196.79396057128906,123.43167114257812,97.87763977050781,66.68669891357422,257.4442138671875,236.8494873046875,77.25298309326172,131.42420959472656,146.76394653320312,22.31999969482422,225.19000244140625,13.579999923706055,30.99479103088379,196.33999633789062,11.420000076293945,146.56741333007812,42.06205368041992,0.54
2024-05-21,196.33592224121094,302.98895263671875,197.7052764892578,122.89916229248047,98.41516876220703,66.749755859375,257.5020751953125,236.3132781982422,77.22552490234375,130.75064086914062,148.00088500976562,21.350000381469727,225.77999877929688,13.84000015258789,31.254005432128906,212.11000061035156,11.970000267028809,146.16627502441406,42.69890213012695,0.545
2024-05-22,194.49337768554688,299.5804138183594,197.01231384277344,120.47947692871094,97.77205657958984,66.76583862304688,257.96514892578125,236.63499450683594,76.52978515625,130.75064086914062,146.27667236328125,21.239999771118164,231.50999450683594,14.199999809265137,30.873821258544922,251.75,12.920000076293945,141.47930908203125,46.52996063232422,0.55
2024-05-23,192.58323669433594,294.93414306640625,194.866943359375,119.2929916381836,96.34186553955078,66.77078247070312,255.08055114746094,233.67120361328125,74.88202667236328,128.94468688964844,143.7091064453125,20.079999923706055,218.86000061035156,13.890000343322754,30.7158260345459,249.80999755859375,11.989999771118164,139.7473907470703,44.917930603027344,0.545
2024-05-24,194.18463134765625,297.9203186035156,195.38905334472656,119.48918914794922,97.07135009765625,67.41997528076172,254.22193908691406,235.3578338623047,74.93694305419922,130.58468627929688,145.09596252441406,21.209999084472656,237.64999389648438,13.920000076293945,31.599626541137695,276.739990234375,13.390000343322754,141.50865173339844,47.26632308959961,0.545
2024-05-28,193.49005126953125,297.4783020019531,193.6803436279297,120.8531723022461,96.02510070800781,67.99990844726562,251.47235107421875,232.39405822753906,74.44261169433594,130.84825134277344,144.85231018066406,20.729999542236328,245.0,13.899999618530273,31.747751235961914,280.1600036621094,13.5,139.77674865722656,47.3857307434082,0.565
2024-05-29,190.67312622070312,295.62176513671875,192.00962829589844,118.75113677978516,95.05562591552734,67.76250457763672,249.3981475830078,229.14752197265625,73.71942138671875,130.15516662597656,143.05316162109375,20.239999771118164,236.64999389648438,13.680000305175781,31.587282180786133,278.19000244140625,13.369999885559082,138.33836364746094,47.36582946777344,0.565
2024-05-30,192.4578399658203,297.3505859375,192.3608856201172,119.1715316772461,95.7275390625,66.16487884521484,249.78404235839844,230.8244171142578,74.79962158203125,129.6377716064453,144.84295654296875,20.040000915527344,234.75999450683594,14.140000343322754,31.486066818237305,276.7799987792969,14.5,142.35995483398438,48.758941650390625,0.535
2024-05-31,194.86956787109375,299.1187438964844,195.45550537109375,121.97425842285156,96.9561767578125,66.10676574707031,253.1992645263672,233.55419921875,76.20023345947266,130.8775634765625,147.52296447753906,19.520000457763672,225.9199981689453,14.539999961853027,31.097713470458984,271.760009765625,14.460000038146973,144.62025451660156,48.042484283447266,0.545
2024-06-03,193.42251586914062,299.7178955078125,195.4839630126953,118.6763916015625,96.33226013183594,66.45423126220703,254.72357177734375,230.61968994140625,76.02631378173828,131.48280334472656,146.0798797607422,19.579999923706055,231.38999938964844,14.970000267028809,31.31291389465332,272.7200012207031,14.529999732971191,143.7689666748047,47.89322280883789,0.535
2024-06-04,190.48020935058594,298.6864929199219,196.52816772460938,117.3217544555664,95.81391906738281,66.49503326416016,255.50503540039062,229.0695343017578,76.6121826171875,131.6487579345703,146.18296813964844,20.520000457763672,244.1999969482422,15.09000015258789,30.845409393310547,266.1700134277344,14.0,140.77479553222656,47.17676544189453,0.555
2024-06-05,192.1876983642578,300.8377685546875,196.23390197753906,117.47122192382812,96.1978759765625,68.18910217285156,256.9521789550781,231.97482299804688,76.52063751220703,133.43516540527344,145.23654174804688,21.06999969482422,251.39999389648438,14.229999542236328,31.03339958190918,273.05999755859375,14.899999618530273,142.94705200195312,48.291255950927734,0.555
2024-06-06,192.26490783691406,303.1854553222656,196.90785217285156,117.96637725830078,96.0634765625,67.99620056152344,257.48284912109375,230.21995544433594,76.66709899902344,133.39610290527344,143.5216827392578,20.799999237060547,257.0799865722656,13.930000305175781,30.328433990478516,273.45001220703125,14.4399995803833,140.60845947265625,47.27627182006836,0.545
2024-06-07,190.02679443359375,300.739501953125,195.65484619140625,117.4338607788086,96.20747375488281,67.99125671386719,257.4634704589844,230.05421447753906,75.94391632080078,132.5078125,141.96612548828125,19.270000457763672,244.16000366210938,13.789999961853027,30.607948303222656,267.3399963378906,13.449999809265137,137.20330810546875,45.71399688720703,0.555
2024-06-10,190.07501220703125,302.0754089355469,195.1422576904297,118.79785919189453,96.0442886352539,68.22618865966797,258.611572265625,230.785400390625,76.20023345947266,132.9665985107422,143.77468872070312,19.459999084472656,249.80999755859375,13.680000305175781,31.03339958190918,279.79998779296875,14.149999618530273,139.16030883789062,47.02750015258789,0.565
2024-06-11,189.56373596191406,300.906494140625,194.9808349609375,118.61099243164062,94.95964813232422,69.18328094482422,257.5985107421875,229.4497833251953,75.92560577392578,133.064208984375,142.89385986328125,19.829999923706055,244.1999969482422,13.4399995803833,30.5114803314209,294.5299987792969,14.550000190734863,136.5574951171875,47.59469985961914,0.555
2024-06-12,190.3740692138672,304.5016784667969,193.28163146972656,117.56463623046875,95.2380142211914,70.67083740234375,257.34771728515625,232.16978454589844,76.60303497314453,133.22042846679688,141.9755096435547,20.309999465942383,254.9600067138672,12.800000190734863,30.105812072753906,300.7099914550781,14.649999618530273,140.6378173828125,48.05243682861328,0.565
2024-06-13,190.07501220703125,303.7158508300781,193.29115295410156,116.35014343261719,94.83486938476562,71.3694839477539,256.9906921386719,230.951171875,76.91429138183594,131.814697265625,142.1629180908203,20.0,247.63999938964844,13.109999656677246,29.99697494506836,291.55999755859375,13.869999885559082,140.37362670898438,46.88819122314453,0.565
2024-06-14,187.9044189453125,300.5725402832031,193.3671112060547,115.07022094726562,94.54690551757812,71.64646911621094,256.614501953125,228.43585205078125,76.8959732055664,132.18565368652344,141.956787109375,19.469999313354492,244.5,13.050000190734863,29.71746253967285,273.6099853515625,13.260000228881836,139.708251953125,45.574684143066406,0.565
2024-06-17,189.22608947753906,305.2777404785156,195.2846221923828,115.40655517578125,95.34359741210938,72.51945495605469,256.2478942871094,230.71713256835938,76.59387969970703,132.7127685546875,140.438720703125,20.020000457763672,245.10000610351562,13.100000381469727,29.945030212402344,261.3299865722656,12.710000038146973,140.17791748046875,44.70896530151367,0.565
2024-06-18,188.94631958007812,304.32489013671875,195.54092407226562,116.06053161621094,95.8907241821289,72.81006622314453,256.26715087890625,231.87734985351562,76.8959732055664,131.9708709716797,140.44808959960938,20.280000686645508,235.9499969482422,12.850000381469727,29.618518829345703,262.3699951171875,12.640000343322754,136.40098571777344,44.88808059692383,0.565
2024-06-20,188.64727783203125,304.32489013671875,195.0283203125,117.86360168457031,96.48582458496094,71.81217193603516,257.2030029296875,231.94558715820312,76.67626190185547,132.65419006347656,141.61004638671875,20.65999984741211,235.02999877929688,12.670000076293945,29.744670867919922,260.07000732421875,12.539999961853027,138.11331176757812,43.55467224121094,0.565
2024-06-21,188.61834716796875,306.70208740234375,195.27513122558594,117.0601577758789,96.13067626953125,71.43997192382812,258.19671630859375,231.31185913085938,76.8685073852539,133.04469299316406,140.879150390625,19.209999084472656,225.86000061035156,12.5600004196167,29.72735595703125,258.8699951171875,13.09000015258789,139.32664489746094,43.017330169677734,0.565
2024-06-24,189.33218383789062,305.7295837402344,197.14517211914062,120.19920349121094,97.06175994873047,70.12922668457031,259.8753356933594,232.30630493164062,77.46353149414062,133.43516540527344,142.6408233642578,18.690000534057617,212.30999755859375,12.84000015258789,29.945030212402344,261.2799987792969,13.579999923706055,140.95091247558594,42.7486572265625,0.585
2024-06-25,186.89149475097656,304.3150939941406,195.8542022705078,120.4327621459961,96.31305694580078,71.13331604003906,259.1807556152344,230.39544677734375,76.511474609375,135.2216033935547,141.3383026123047,19.25,221.7100067138672,13.329999923706055,30.204755783081055,256.739990234375,12.960000038146973,137.41860961914062,41.44510269165039,0.595
2024-06-26,187.11338806152344,308.7943115234375,195.6928253173828,119.42378234863281,95.75633239746094,71.27549743652344,258.2545471191406,229.5180206298828,76.27346801757812,135.35824584960938,140.8510284423828,19.3700008392334,214.5800018310547,13.260000228881836,30.42490577697754,247.92999267578125,12.699999809265137,137.30116271972656,41.04706954956055,0.595
2024-06-27,186.6310272216797,310.2776184082031,195.0947723388672,119.65735626220703,95.82352447509766,71.4177017211914,258.0037536621094,230.08346557617188,77.01496887207031,136.35397338867188,141.0478057861328,19.65999984741211,224.0,13.510000228881836,30.422428131103516,249.9199981689453,13.270000457763672,138.16224670410156,41.853084564208984,0.605
2024-06-28,186.61941528320312,307.449462890625,194.1870880126953,120.06959533691406,96.31629943847656,71.3919677734375,257.55450439453125,230.09130859375,77.62944793701172,135.2238311767578,139.7675018310547,19.850000381469727,222.22999572753906,14.359999656677246,30.32596206665039,225.4600067138672,11.859999656677246,137.89805603027344,40.012184143066406,0.625
2024-07-01,183.96490478515625,307.4298095703125,192.98199462890625,120.0601806640625,96.5091552734375,72.09276580810547,256.3441162109375,227.05889892578125,76.89726257324219,134.74440002441406,138.55804443359375,22.559999465942383,233.3699951171875,15.029999732971191,31.352493286132812,222.7100067138672,10.914999961853027,134.07215881347656,39.046958923339844,0.66
2024-07-02,184.488037109375,312.17449951171875,194.09146118164062,120.18254089355469,97.53134155273438,72.57192993164062,255.3856658935547,228.6240234375,77.25872039794922,135.94789123535156,139.27615356445312,22.1200008392334,227.50999450683594,15.289999961853027,31.587478637695312,216.72999572753906,10.949999809265137,132.3011016845703,38.78823471069336,0.65
2024-07-03,185.921875,313.4640197753906,193.68019104003906,120.73785400390625,97.1648941040039,73.4101791381836,253.5653076171875,229.7880859375,77.18458557128906,136.1729736328125,140.1549072265625,20.979999542236328,224.94000244140625,14.989999771118164,31.050718307495117,231.11000061035156,12.15999984741211,133.10345458984375,40.3405647277832,0.615
2024-07-05,185.9606170654297,315.03900146484375,195.6504364013672,118.73308563232422,96.9720230102539,73.78411102294922,255.54052734375,228.7609405517578,77.39775085449219,139.00070190429688,140.17379760742188,20.170000076293945,223.67999267578125,14.829999923706055,30.667314529418945,222.1199951171875,12.210000038146973,132.64358520507812,39.813167572021484,0.605
2024-07-08,186.5321807861328,315.71820068359375,195.3252716064453,118.25306701660156,96.74059295654297,74.27938079833984,255.26942443847656,228.92724609375,77.64797973632812,137.748291015625,140.29664611816406,19.5,220.55999755859375,15.0600004196167,30.54116439819336,227.1199951171875,12.649999618530273,133.25022888183594,40.251007080078125,0.605
2024-07-09,184.79808044433594,316.052978515625,194.49317932128906,117.18010711669922,97.40596771240234,74.12089538574219,256.5474853515625,227.64578247070312,77.62944793701172,138.13966369628906,140.6651611328125,19.030000686645508,219.97000122070312,14.970000267028809,30.981456756591797,225.22999572753906,13.210000038146973,133.07411193847656,40.52962875366211,0.625
2024-07-10,187.17161560058594,317.7066650390625,195.25831604003906,117.97071838378906,97.90741729736328,75.138671875,259.05523681640625,229.89566040039062,78.20406341552734,138.60934448242188,142.044677734375,18.889999389648438,219.55999755859375,15.109999656677246,30.875091552734375,228.57000732421875,13.920000076293945,136.58689880371094,41.186378479003906,0.625
2024-07-11,190.63021850585938,316.55499267578125,195.55482482910156,119.48604583740234,99.06461334228516,73.69124603271484,261.5727233886719,233.53456115722656,80.44694519042969,136.56434631347656,144.79429626464844,19.020000457763672,214.6300048828125,15.569999694824219,29.94256019592285,233.4499969482422,16.06999969482422,146.50872802734375,43.057132720947266,0.6
2024-07-12,192.48062133789062,321.043701171875,196.3582305908203,119.83428955078125,99.3153305053711,74.377197265625,263.480224609375,235.10943603515625,81.05863189697266,136.0848846435547,146.09820556640625,20.770000457763672,218.02000427246094,15.9399995803833,30.081077575683594,233.24000549316406,17.200000762939453,150.43246459960938,44.28108215332031,0.595
2024-07-15,192.40313720703125,320.1085205078125,195.1913604736328,121.81082916259766,100.88717651367188,74.75856018066406,262.6765441894531,237.10496520996094,81.60545349121094,136.57411193847656,142.72500610351562,24.579999923706055,242.85000610351562,17.43000030517578,30.83551597595215,213.4199981689453,15.65999984741211,148.886474609375,41.683921813964844,0.705
2024-07-16,196.5301971435547,326.6250915527344,197.02774047851562,122.30026245117188,102.3625717163086,74.84894561767578,266.9755554199219,243.8251495361328,82.60639190673828,137.09268188476562,144.01002502441406,26.719999313354492,251.49000549316406,17.959999084472656,30.588159561157227,221.25,17.280000686645508,158.7691650390625,43.25614929199219,0.685
2024-07-17,195.63890075683594,320.8763427734375,199.53363037109375,123.25086975097656,103.08583068847656,72.15219116210938,267.4306335449219,240.20587158203125,83.17176055908203,134.2160186767578,144.1234130859375,25.549999237060547,249.10000610351562,17.219999313354492,30.516427993774414,208.1699981689453,17.15999984741211,154.121337890625,42.03219985961914,0.675
2024-07-18,193.7691192626953,316.68292236328125,198.3284912109375,123.35440063476562,101.64897918701172,71.77702331542969,260.972412109375,238.0342559814453,82.43958282470703,134.3334197998047,144.10452270507812,23.649999618530273,233.24000549316406,16.709999084472656,29.58388900756836,213.5800018310547,17.049999237060547,169.68907165527344,41.52470779418945,0.615
2024-07-19,191.93809509277344,314.4779052734375,197.79290771484375,121.98966979980469,100.81002807617188,70.92516326904297,262.2989196777344,236.72348022460938,82.29129028320312,133.68765258789062,144.1895751953125,24.729999542236328,257.7900085449219,16.34000015258789,29.84361457824707,216.42999267578125,16.950000762939453,170.10003662109375,41.19633483886719,0.645
2024-07-22,192.94564819335938,317.50982666015625,197.90768432617188,121.36845397949219,101.57183837890625,72.33792114257812,264.0804443359375,239.755859375,83.1439437866211,134.7150421142578,145.30453491210938,23.950000762939453,265.1499938964844,16.200000762939453,30.25175666809082,220.24000549316406,16.940000534057617,173.34861755371094,41.41524887084961,0.625
2024-07-23,194.00161743164062,317.4014892578125,197.17120361328125,119.57075500488281,101.80327606201172,72.2042007446289,264.2353820800781,239.73629760742188,83.0790786743164,134.60740661621094,144.55807495117188,21.649999618530273,257.6300048828125,16.450000762939453,30.194860458374023,223.00999450683594,17.270000457763672,172.76150512695312,41.23613357543945,0.605
2024-07-24,191.06619262695312,304.76214599609375,196.8747100830078,119.36370086669922,100.35680389404297,69.3700180053711,266.02667236328125,234.06275939941406,81.85568237304688,130.33151245117188,146.1360321044922,20.670000076293945,245.05999755859375,15.609999656677246,29.217802047729492,221.3300018310547,17.190000534057617,167.38961791992188,41.594364166259766,0.625
2024-07-25,192.09310913085938,304.8605651855469,197.08511352539062,121.08609771728516,100.99325561523438,68.7175064086914,264.86468505859375,236.0191650390625,81.58689880371094,129.02037048339844,145.03994750976562,20.280000686645508,231.52000427246094,15.369999885559082,29.329113006591797,216.19000244140625,17.479999542236328,168.9845428466797,41.872989654541016,0.615
2024-07-26,195.32887268066406,309.4773254394531,199.21798706054688,121.603759765625,102.4975814819336,69.53099822998047,266.68505859375,240.25474548339844,83.01419830322266,130.89903259277344,146.38172912597656,21.56999969482422,242.92999267578125,15.680000305175781,29.386005401611328,226.74000549316406,17.860000610351562,173.13333129882812,42.479984283447266,0.585
2024-07-29,195.59046936035156,313.25726318359375,199.28494262695312,120.48372650146484,102.12151336669922,69.2746810913086,266.7237854003906,239.64830017089844,83.4405288696289,131.99488830566406,146.94863891601562,20.450000762939453,234.1999969482422,15.0600004196167,29.591310501098633,220.39999389648438,16.329999923706055,174.86524963378906,41.45505142211914,0.595
2024-07-30,195.21266174316406,311.8102722167969,198.50067138671875,122.29083251953125,103.2015380859375,67.95230865478516,266.9852294921875,240.13739013671875,84.08930969238281,132.3275604248047,147.76123046875,19.729999542236328,224.4600067138672,14.470000267028809,29.425582885742188,210.88999938964844,16.739999771118164,176.5580291748047,40.77839660644531,0.585
2024-07-31,197.44088745117188,317.1849060058594,198.3284912109375,122.98733520507812,103.07617950439453,70.32960510253906,265.9588928222656,242.92523193359375,83.792724609375,133.44305419921875,149.3108673095703,19.670000076293945,224.36000061035156,14.5,29.502262115478516,215.99000549316406,17.530000686645508,176.0590057373047,41.9227409362793,0.555
2024-08-01,195.697021484375,308.83746337890625,199.868408203125,119.7119369506836,101.27289581298828,67.7876205444336,268.4085388183594,237.9951171875,84.6361083984375,133.81483459472656,152.08880615234375,18.139999389648438,212.63999938964844,13.770000457763672,29.43794822692871,218.5,17.5,175.4905548095703,41.20628356933594,0.535
2024-08-02,191.06619262695312,297.5860595703125,200.9874267578125,116.15418243408203,98.69816589355469,66.12476348876953,267.1498718261719,232.14552307128906,84.58977508544922,130.977294921875,152.2021942138672,17.190000534057617,204.44000244140625,13.239999771118164,27.8350772857666,213.0500030517578,16.719999313354492,174.08897399902344,39.99228286743164,0.525
2024-08-05,185.9993896484375,289.3960876464844,197.02774047851562,113.69763946533203,95.7280502319336,63.810604095458984,260.4108581542969,227.26429748535156,82.17080688476562,127.02432250976562,148.23367309570312,16.950000762939453,189.47000122070312,12.529999732971191,26.87533187866211,207.08999633789062,16.530000686645508,170.2762908935547,38.927547454833984,0.535
2024-08-06,187.64634704589844,292.1720275878906,198.18504333496094,114.14940643310547,97.07810974121094,64.44454956054688,261.5533447265625,229.2402801513672,83.792724609375,129.15737915039062,149.26361083984375,17.25,194.1699981689453,12.829999923706055,27.337888717651367,210.4499969482422,16.489999771118164,170.18807983398438,38.98725128173828,0.515
2024-08-07,184.75933837890625,287.3190612792969,198.4145965576172,114.6858901977539,97.02024841308594,63.69544982910156,258.8035583496094,228.26205444335938,83.21810150146484,128.8638153076172,150.01951599121094,15.84000015258789,178.91000366210938,12.119999885559082,27.89444351196289,208.75999450683594,18.309999465942383,165.64031982421875,39.265872955322266,0.485
2024-08-08,188.23731994628906,294.3179626464844,200.1553192138672,117.21775817871094,98.72709655761719,65.90188598632812,264.5646057128906,233.4464874267578,84.03368377685547,131.32955932617188,150.23683166503906,17.389999389648438,192.32000732421875,12.460000038146973,28.564781188964844,213.1300048828125,18.829999923706055,169.29617309570312,40.002235412597656,0.4915
2024-08-09,188.024169921875,295.3121643066406,200.00228881835938,117.33070373535156,99.09353637695312,66.32162475585938,265.7555847167969,233.2606658935547,84.4229507446289,132.35693359375,150.67149353027344,17.030000686645508,196.2899932861328,12.220000267028809,28.82945442199707,211.8000030517578,17.889999389648438,169.5314178466797,39.19622039794922,0.476
2024-08-12,187.1134796142578,293.5501403808594,198.78759765625,118.11189270019531,98.54387664794922,66.66583251953125,264.8260498046875,232.20419311523438,83.80198669433594,131.4665069580078,150.8793487548828,15.109999656677246,191.74000549316406,12.6899995803833,29.170806884765625,219.22999572753906,17.329999923706055,168.64932250976562,39.066856384277344,0.4585
2024-08-13,189.118896484375,300.45062255859375,199.9449005126953,117.01068115234375,99.5082015991211,68.59243774414062,268.001953125,234.71815490722656,84.53416442871094,133.41368103027344,151.63525390625,15.489999771118164,197.94000244140625,12.3100004196167,29.084230422973633,230.27000427246094,19.270000457763672,171.56024169921875,40.4599723815918,0.4555
2024-08-14,188.83795166015625,298.6590270996094,200.9874267578125,117.60363006591797,100.53038024902344,68.89456176757812,268.6021728515625,235.38333129882812,84.756591796875,132.71896362304688,151.5596466064453,15.140000343322754,195.9600067138672,13.079999923706055,29.202960968017578,225.5399932861328,18.510000228881836,170.7467803955078,39.87287521362305,0.447
2024-08-15,192.1706085205078,308.679931640625,203.08201599121094,119.17545318603516,101.75505828857422,70.74810028076172,270.89697265625,239.22764587402344,84.69171905517578,134.27471923828125,151.76754760742188,15.460000038146973,197.1199951171875,13.109999656677246,29.747150421142578,229.5800018310547,19.610000610351562,171.80528259277344,40.90776062011719,0.443
2024-08-16,192.286865234375,309.4773254394531,203.72283935546875,119.09073638916016,102.41079711914062,70.91153717041016,271.0518798828125,238.87548828125,84.64537048339844,134.5584716796875,152.35337829589844,16.239999771118164,205.30999755859375,13.020000457763672,29.89556121826172,225.39999389648438,19.399999618530273,174.4810028076172,40.49977493286133,0.4545
2024-08-19,193.37193298339844,312.65679931640625,204.3828125,119.79664611816406,103.08583068847656,71.89961242675781,273.19171142578125,240.51889038085938,85.34974670410156,136.26100158691406,153.31715393066406,16.440000534057617,204.4600067138672,13.220000267028809,30.165178298950195,228.3800048828125,20.260000228881836,177.8428192138672,41.395347595214844,0.486
2024-08-20,192.34498596191406,311.7511901855469,205.01405334472656,116.7659683227539,102.53614807128906,71.6594009399414,273.908203125,239.4037322998047,85.247802734375,136.20230102539062,152.9486541748047,16.420000076293945,197.25,13.420000076293945,29.870824813842773,220.1999969482422,19.09000015258789,176.03941345214844,40.539581298828125,0.5025
2024-08-21,194.85418701171875,315.8560791015625,206.63046264648438,116.72831726074219,102.50723266601562,72.06675720214844,274.92486572265625,241.1448974609375,85.70194244384766,136.8089599609375,154.04473876953125,17.6299991607666,206.22999572753906,13.729999542236328,30.5114803314209,222.6300048828125,19.6299991607666,182.7532501220703,40.92766189575195,0.5215
2024-08-22,194.27291870117188,310.9242858886719,206.24786376953125,116.96361541748047,102.92189025878906,70.55866241455078,274.5762634277344,240.76341247558594,85.95216369628906,135.68370056152344,153.8179473876953,16.860000610351562,198.42999267578125,13.699999809265137,30.69699478149414,218.25999450683594,19.959999084472656,182.0475616455078,39.88282775878906,0.5175
2024-08-23,197.30526733398438,317.4605712890625,206.90782165527344,118.94014739990234,104.16585540771484,71.8154067993164,276.3384704589844,244.05014038085938,87.84286499023438,136.86764526367188,154.30929565429688,18.690000534057617,211.39999389648438,14.220000267028809,30.523847579956055,231.07000732421875,21.5,187.97726440429688,41.96254348754883,0.5015
2024-08-26,198.05120849609375,315.4721374511719,208.35203552246094,120.0601806640625,104.43588256835938,71.13565826416016,275.9124755859375,243.9034423828125,87.80580139160156,136.7698211669922,155.15969848632812,18.559999465942383,204.0,13.649999618530273,30.746469497680664,233.19000244140625,21.149999618530273,185.30154418945312,41.474952697753906,0.4945
2024-08-27,197.77993774414062,314.1137390136719,208.60072326660156,118.91191101074219,104.76372528076172,71.46748352050781,276.43536376953125,243.2089080810547,87.93553924560547,136.3588409423828,154.07305908203125,17.75,198.3000030517578,13.300000190734863,31.444015502929688,235.4199981689453,20.81999969482422,183.811767578125,41.32569122314453,0.5035
2024-08-28,196.5883331298828,310.7274475097656,207.83558654785156,118.09307861328125,105.04339599609375,70.52523803710938,276.34820556640625,242.8665313720703,87.59263610839844,135.5467071533203,154.0258331298828,17.1299991607666,190.1999969482422,13.5600004196167,31.24612808227539,228.57000732421875,20.600000381469727,183.8411865234375,40.718692779541016,0.503
2024-08-29,197.85743713378906,311.56414794921875,206.8026123046875,119.61781311035156,105.8727035522461,70.33702850341797,277.37457275390625,244.48056030273438,87.32386016845703,135.16514587402344,154.80062866210938,16.989999771118164,188.27999877929688,13.550000190734863,31.431644439697266,223.10000610351562,20.1299991607666,183.13548278808594,40.57938003540039,0.498
2024-08-30,199.94036865234375,315.52130126953125,208.03639221191406,119.93782043457031,106.8948745727539,71.06755065917969,278.95281982421875,247.2781982421875,88.16725158691406,136.1631622314453,155.99118041992188,16.700000762939453,183.36000061035156,13.869999885559082,31.944683074951172,227.3699951171875,20.520000457763672,185.00750732421875,41.07691955566406,0.4995
2024-09-03,194.7960662841797,310.03839111328125,209.32763671875,116.66242980957031,105.83414459228516,67.93744659423828,277.83929443359375,240.88079833984375,88.12091064453125,133.53109741210938,155.669921875,15.260000228881836,169.1300048828125,13.210000038146973,31.575397491455078,212.74000549316406,18.510000228881836,180.82241821289062,39.62410354614258,0.5115
2024-09-04,193.4978790283203,310.6979064941406,210.0067138671875,114.95885467529297,105.69913482666016,67.79135131835938,277.3939208984375,240.67538452148438,88.37116241455078,133.31581115722656,156.8982696533203,14.880000114440918,163.22000122070312,13.069999694824219,31.10944938659668,215.39999389648438,19.6299991607666,180.5283660888672,40.08184051513672,0.5295
2024-09-05,192.13186645507812,313.9266662597656,209.490234375,114.15882873535156,104.77338409423828,67.6402816772461,273.8597717285156,238.08314514160156,88.0838394165039,134.09861755371094,156.4730682373047,13.84000015258789,159.6999969482422,13.229999542236328,31.243282318115234,214.75999450683594,19.260000228881836,180.0677032470703,39.793270111083984,0.528
2024-09-06,189.86485290527344,306.2091979980469,208.7441864013672,112.6811294555664,103.11474609375,66.01579284667969,272.4558410644531,235.53005981445312,88.00041961669922,130.88922119140625,155.13133239746094,13.369999885559082,147.35000610351562,13.130000114440918,30.370872497558594,208.64999389648438,18.170000076293945,182.43959045410156,38.77828598022461,0.5055
2024-09-09,191.3568115234375,309.9497985839844,209.8345489501953,113.23644256591797,104.47443389892578,66.90728759765625,274.34393310546875,238.31793212890625,88.98284912109375,131.26107788085938,156.42584228515625,14.619999885559082,155.0500030517578,13.449999809265137,30.787250518798828,205.36000061035156,17.290000915527344,183.79217529296875,37.98221969604492,0.5225
2024-09-10,191.48275756835938,313.04071044921875,209.71975708007812,111.28815460205078,103.442626953125,67.5857925415039,275.4670715332031,238.87548828125,90.27110290527344,131.3980255126953,157.26678466796875,15.9399995803833,158.4600067138672,13.470000267028809,30.249427795410156,208.22000122070312,17.200000762939453,183.80197143554688,37.91256332397461,0.5195
2024-09-11,192.09310913085938,316.19073486328125,207.92166137695312,110.53518676757812,103.07617950439453,69.533447265625,274.8086853027344,239.67764282226562,90.09502410888672,132.18080139160156,157.63528442382812,15.789999961853027,157.14999389648438,12.550000190734863,30.42787742614746,239.83999633789062,19.149999618530273,181.47906494140625,40.290809631347656,0.496
2024-09-12,194.17599487304688,320.32513427734375,209.53805541992188,111.53285217285156,103.50048065185547,70.06835174560547,276.2029724121094,241.96658325195312,90.47500610351562,134.5584716796875,157.9376678466797,15.800000190734863,162.88999938964844,12.609999656677246,30.633588790893555,235.9499969482422,18.780000686645508,185.05650329589844,39.843021392822266,0.491
2024-09-13,196.56893920898438,323.445556640625,210.9248809814453,112.21994018554688,104.1465835571289,70.48188781738281,277.0550537109375,244.83270263671875,91.42034912109375,136.00660705566406,160.2809600830078,16.1200008392334,163.0500030517578,12.960000038146973,31.741455078125,228.7899932861328,19.229999542236328,190.9274444580078,40.380367279052734,0.491
2024-09-16,198.39996337890625,322.8647766113281,211.6804962158203,113.73528289794922,105.43876647949219,70.06835174560547,278.7204284667969,246.38804626464844,91.7261962890625,137.25904846191406,161.5943603515625,15.869999885559082,161.5,13.119999885559082,31.870328903198242,233.30999755859375,19.34000015258789,190.73141479492188,40.37041473388672,0.4945
2024-09-17,198.86500549316406,325.1091613769531,210.2171173095703,115.39179992675781,106.02698516845703,70.03244018554688,276.2997741699219,247.80642700195312,91.08670043945312,137.77761840820312,161.49986267089844,15.869999885559082,162.4499969482422,12.84000015258789,32.66838836669922,239.97999572753906,20.309999465942383,191.4665069580078,41.25603485107422,0.4805
2024-09-18,198.1868438720703,324.5185546875,209.36587524414062,115.54239654541016,105.8534164428711,69.70927429199219,275.7865905761719,247.69882202148438,90.9754867553711,137.7189483642578,160.2431640625,15.34000015258789,162.63999938964844,12.510000228881836,32.26439666748047,241.80999755859375,20.299999237060547,190.32957458496094,41.24608612060547,0.4675
2024-09-19,201.81983947753906,331.9013977050781,208.4763946533203,117.02950286865234,107.24205780029297,71.77082824707031,277.3551940917969,252.31594848632812,90.99401092529297,139.9400177001953,159.43055725097656,15.449999809265137,168.24000549316406,12.489999771118164,32.8270149230957,240.4499969482422,19.1299991607666,193.1425018310547,40.9376106262207,0.4715
2024-09-20,200.3084716796875,330.9858093261719,209.36587524414062,116.86949157714844,106.76953125,71.51947784423828,276.01898193359375,250.58453369140625,90.632568359375,139.9791717529297,163.3140411376953,15.539999961853027,170.08999633789062,12.369999885559082,32.96828079223633,240.1999969482422,18.90999984741211,188.0752716064453,40.4599723815918,0.479
2024-09-23,201.790771484375,334.0276184082031,210.3223114013672,118.26249694824219,106.92382049560547,71.49472045898438,275.079833984375,252.04202270507812,91.53157043457031,140.0574188232422,164.9203643798828,16.06999969482422,170.22000122070312,12.619999885559082,33.506107330322266,249.27999877929688,18.90999984741211,189.6140594482422,40.73859405517578,0.4825
2024-09-24,204.31930541992188,336.5968322753906,209.6910858154297,117.92363739013672,105.94985961914062,72.13981628417969,274.4020080566406,253.60714721679688,91.66133117675781,141.19247436523438,163.60696411132812,16.40999984741211,171.67999267578125,12.680000305175781,33.73412322998047,244.72999572753906,18.920000076293945,188.54574584960938,41.305789947509766,0.481
2024-09-25,203.05992126464844,334.824951171875,209.55718994140625,115.57064056396484,105.23624420166016,72.18811798095703,271.6811828613281,252.2572021484375,91.04961395263672,140.86956787109375,164.43846130371094,16.139999389648438,167.0800018310547,12.430000305175781,33.75642776489258,241.72000122070312,18.290000915527344,183.4490966796875,40.380367279052734,0.4885
2024-09-26,207.0416717529297,336.2325744628906,209.9014892578125,113.1611557006836,105.78591918945312,73.08330535888672,272.7076416015625,253.56800842285156,90.22476196289062,141.35879516601562,163.3802032470703,17.520000457763672,179.92999267578125,12.710000038146973,33.88530731201172,255.66000366210938,18.559999465942383,184.27243041992188,41.733673095703125,0.4895
2024-09-27,206.58938598632812,336.83941650390625,209.86204528808594,115.58430480957031,106.21526336669922,72.54100036621094,272.5199279785156,253.8230438232422,90.33971405029297,142.30747985839844,165.02926635742188,17.290000915527344,191.22999572753906,12.710000038146973,34.0860595703125,255.75,18.5,186.56590270996094,42.78845977783203,0.4855
2024-09-30,205.67515563964844,335.9710693359375,210.22769165039062,116.28694152832031,106.52542114257812,72.73445892333984,274.3769836425781,255.1376190185547,91.0500259399414,142.77882385253906,165.71478271484375,16.219999313354492,178.1699981689453,12.850000381469727,34.53962326049805,249.44000244140625,18.059999465942383,186.9775390625,42.897918701171875,0.4885
2024-10-01,204.8484344482422,334.165283203125,209.70809936523438,118.82215118408203,105.8372802734375,70.90655517578125,272.58795166015625,254.6765899658203,90.46121978759766,142.86721801757812,166.9334716796875,15.069999694824219,165.00999450683594,12.829999923706055,34.269466400146484,240.66000366210938,17.5,188.88880920410156,42.4600830078125,0.4825
2024-10-02,203.84666442871094,331.1655578613281,207.82211303710938,120.13247680664062,105.9148178100586,71.35298156738281,272.3254699707031,254.64712524414062,90.14344787597656,142.5824432373047,166.87637329101562,15.210000038146973,164.47000122070312,13.039999961853027,35.347591400146484,234.44000244140625,17.010000228881836,186.77171325683594,42.24116516113281,0.4925
2024-10-03,201.7069549560547,327.7513732910156,205.93612670898438,122.3068618774414,105.51744079589844,71.63326263427734,269.6517028808594,252.95974731445312,89.32099914550781,142.5824432373047,166.75257873535156,15.470000267028809,163.10000610351562,13.319999694824219,35.8829345703125,235.1199951171875,16.84000015258789,186.42868041992188,41.435150146484375,0.4965
2024-10-04,202.66006469726562,332.1622314453125,206.70596313476562,123.4842758178711,107.3298568725586,72.5509262084961,270.1086730957031,254.9021759033203,88.89108276367188,143.9180145263672,166.50502014160156,16.309999465942383,170.91000366210938,13.40999984741211,36.643821716308594,231.1300048828125,16.520000457763672,180.9694061279297,41.9227409362793,0.4975
2024-10-07,202.44613647460938,326.8435974121094,204.79110717773438,124.01598358154297,106.06019592285156,72.03010559082031,268.6988830566406,254.71585083007812,88.10600280761719,141.71823120117188,162.82034301757812,15.989999771118164,168.9199981689453,13.720000267028809,36.822261810302734,229.6199951171875,16.639999389648438,181.47906494140625,42.67900085449219,0.5395
2024-10-08,201.629150390625,329.3893737792969,205.99388122558594,120.81612396240234,106.63204193115234,73.34335327148438,270.1281433105469,254.85317993164062,88.28357696533203,142.98509216308594,162.8679656982422,15.829999923706055,167.69000244140625,13.75,36.57938003540039,225.63999938964844,16.389999389648438,181.79269409179688,40.3405647277832,0.529
2024-10-09,203.3214569091797,331.07672119140625,207.27366638183594,121.30987548828125,107.58185577392578,74.16429138183594,272.442138671875,256.9329528808594,88.37703704833984,143.08326721191406,161.5445556640625,15.4399995803833,166.97000122070312,13.619999885559082,37.06019973754883,226.0500030517578,16.649999618530273,181.5770721435547,39.85297393798828,0.5335
2024-10-10,203.545166015625,329.9617919921875,206.34030151367188,122.24040985107422,107.34925079345703,74.23126983642578,271.5282287597656,255.3829345703125,87.59196472167969,142.1699676513672,161.04942321777344,15.229999542236328,164.27000427246094,13.859999656677246,36.83713912963867,205.0399932861328,15.520000457763672,179.74424743652344,38.380252838134766,0.5545
2024-10-11,205.334716796875,329.49798583984375,207.4949493408203,123.10446166992188,109.52996826171875,74.46068572998047,273.9491882324219,260.11151123046875,88.58264923095703,143.2501983642578,162.53472900390625,16.079999923706055,176.3800048828125,13.920000076293945,37.459232330322266,211.49000549316406,15.9399995803833,179.1855926513672,39.126564025878906,0.5405
2024-10-14,206.482421875,330.4847717285156,208.32247924804688,122.72464752197266,110.37316131591797,75.38333129882812,275.4464416503906,261.5830383300781,89.11538696289062,144.0063934326172,164.55320739746094,16.979999542236328,196.35000610351562,14.75,37.49888610839844,209.9600067138672,15.649999618530273,183.39031982421875,38.68872833251953,0.5505
2024-10-15,206.56996154785156,331.1557312011719,209.6407470703125,118.87911224365234,110.70269775390625,74.02417755126953,272.7046813964844,259.6896667480469,90.19019317626953,144.25189208984375,165.4005889892578,16.920000076293945,196.33999633789062,14.989999771118164,37.915260314941406,201.97999572753906,15.09000015258789,185.63478088378906,37.32546615600586,0.5765
2024-10-16,208.2622528076172,333.0404052734375,209.467529296875,119.59126281738281,112.05958557128906,74.29823303222656,273.7547607421875,262.13238525390625,91.18087768554688,143.9474639892578,168.5996551513672,18.079999923706055,210.47999572753906,15.1899995803833,36.378623962402344,205.6199951171875,15.399999618530273,188.6045379638672,37.56428909301758,0.5855
2024-10-17,208.54432678222656,332.7838134765625,208.66888427734375,120.16096496582031,112.45695495605469,74.59089660644531,272.1407470703125,261.5830383300781,90.46121978759766,143.50555419921875,167.0572509765625,18.010000228881836,204.1999969482422,15.149999618530273,37.0354118347168,203.3699951171875,14.569999694824219,187.1539764404297,36.8378791809082,0.6185
2024-10-18,209.3126678466797,334.4219055175781,208.98641967773438,119.62924194335938,112.48603057861328,74.84758758544922,273.5310974121094,262.23052978515625,91.13414001464844,144.54652404785156,167.8665313720703,18.8799991607666,220.2100067138672,15.199999809265137,36.881744384765625,200.5500030517578,14.609999656677246,190.69219970703125,37.15630340576172,0.5995
2024-10-21,207.493896484375,330.9287414550781,207.21592712402344,119.32539367675781,111.29391479492188,75.2655029296875,270.21563720703125,261.0140686035156,89.34904479980469,143.85911560058594,167.21910095214844,18.709999084472656,213.72000122070312,15.149999618530273,37.087459564208984,196.25,13.75,182.56700134277344,36.71847152709961,0.649
2024-10-22,205.63624572753906,329.1723327636719,208.59190368652344,119.46781158447266,111.17760467529297,75.21342468261719,269.7586669921875,258.0513000488281,89.47988891601562,143.8001708984375,166.69544982910156,18.969999313354492,210.72000122070312,15.550000190734863,36.844573974609375,201.39999389648438,14.039999961853027,176.8039093017578,37.09659957885742,0.6475
2024-10-23,204.8290252685547,324.1596374511719,208.22625732421875,118.84115600585938,110.9546890258789,74.04524230957031,268.0766296386719,256.8937072753906,90.13410949707031,142.63156127929688,168.1140899658203,18.06999969482422,198.92999267578125,15.289999961853027,36.54220199584961,192.41000366210938,13.850000381469727,176.7058868408203,36.85778045654297,0.6155
2024-10-24,203.14639282226562,333.218017578125,207.80288696289062,118.86962127685547,111.129150390625,74.29698181152344,266.4529113769531,255.92251586914062,90.33037567138672,142.86721801757812,167.00965881347656,18.219999313354492,209.16000366210938,15.25,36.730560302734375,196.0399932861328,14.0,179.0679931640625,37.02694320678711,0.641
2024-10-25,201.8820037841797,334.6685485839844,206.5615997314453,118.99305725097656,109.88856506347656,74.64918518066406,265.0820007324219,255.1376190185547,89.47988891601562,143.6626739501953,164.6674346923828,17.059999465942383,205.0399932861328,15.1899995803833,36.47528839111328,198.47000122070312,14.369999885559082,175.67677307128906,38.758384704589844,0.6385
2024-10-28,203.94390869140625,336.1388244628906,206.9849853515625,118.13849639892578,111.35205841064453,74.80171966552734,265.7917785644531,256.31488037109375,89.76026153564453,144.70364379882812,165.9051971435547,18.940000534057617,216.10000610351562,16.239999771118164,37.42205047607422,205.02999877929688,14.430000305175781,176.7941131591797,39.68381118774414,0.6585
2024-10-29,202.53366088867188,334.352783203125,205.07977294921875,116.5718002319336,110.69300842285156,75.6859130859375,265.237548828125,255.9420928955078,89.11538696289062,146.1963348388672,162.6013641357422,18.940000534057617,219.66000366210938,16.280000686645508,37.88056564331055,199.6699981689453,14.140000343322754,163.99374389648438,38.26084518432617,0.6655
2024-10-30,203.13665771484375,333.9087219238281,204.5409393310547,116.81867218017578,111.34237670898438,74.69381713867188,264.8194885253906,255.82437133789062,89.50791931152344,147.3551483154297,162.2300567626953,18.280000686645508,211.74000549316406,15.90999984741211,38.22754669189453,197.5,14.09000015258789,165.92457580566406,38.68872833251953,0.6475
2024-10-31,200.16053771972656,328.6789855957031,204.0405731201172,117.39787292480469,109.74317932128906,72.21114349365234,262.2040710449219,252.62619018554688,87.99385070800781,145.65626525878906,163.74388122558594,16.770000457763672,179.25,15.180000305175781,37.81612777709961,194.47999572753906,14.449999809265137,165.64031982421875,39.634056091308594,0.6325
2024-11-01,200.12161254882812,334.0567932128906,204.39659118652344,116.5243148803711,109.70442962646484,72.72825622558594,264.1875,253.48953247070312,87.02185821533203,145.96066284179688,160.12586975097656,16.110000610351562,182.8800048828125,14.449999809265137,38.113529205322266,204.94000244140625,14.760000228881836,164.30735778808594,39.59425354003906,0.5825
2024-11-04,200.76353454589844,333.3363952636719,205.08938598632812,118.64173126220703,109.11320495605469,72.6575927734375,262.81658935546875,253.46990966796875,87.97515869140625,145.04733276367188,158.52635192871094,15.5,186.27000427246094,14.180000305175781,38.15071105957031,212.27999877929688,16.079999923706055,167.3457489013672,40.877906799316406,0.5855
2024-11-05,202.0279083251953,339.2865905761719,206.7829132080078,119.46781158447266,110.35377502441406,73.71043395996094,265.0431213378906,257.923828125,89.14341735839844,146.71681213378906,160.9542236328125,16.239999771118164,193.9600067138672,15.130000114440918,38.39360427856445,215.88999938964844,16.90999984741211,169.825439453125,41.584415435791016,0.58
2024-11-06,206.37542724609375,350.4764099121094,204.4542999267578,124.35781860351562,117.82636260986328,76.01949310302734,265.97650146484375,268.59747314453125,87.24615478515625,150.41912841796875,159.7259979248047,19.31999969482422,254.30999755859375,21.5,42.552433013916016,194.02000427246094,11.899999618530273,163.3958282470703,37.06674575805664,
