direction,cause_col,effect_col,k,coef,t_stat,p_value,p_granger,r_squared,n_obs,n_days,k_used,n_ylags,dof,cov_type,reliability_tier,x_ticker,y_ticker,bar_freq
x_to_y,chg_x,chg_y,1,0.03702096806891066,3.6486264603738143,0.00026364611714854914,0.006761564423203477,0.8767227432475849,29,2,10,0,17,cluster_by_day,medium,KXECKH276,KXECDJT312,600s
x_to_y,chg_x,chg_y,2,-0.07007252740207792,-69.90047583263058,0.0,0.006761564423203477,0.8767227432475849,29,2,10,0,17,cluster_by_day,medium,KXECKH276,KXECDJT312,600s
x_to_y,chg_x,chg_y,3,0.05970436321191485,2.8303963916861687,0.0046490365925470414,0.006761564423203477,0.8767227432475849,29,2,10,0,17,cluster_by_day,medium,KXECKH276,KXECDJT312,600s
x_to_y,chg_x,chg_y,4,0.0018305774574493203,0.24434327244595766,0.8069649723257901,0.006761564423203477,0.8767227432475849,29,2,10,0,17,cluster_by_day,medium,KXECKH276,KXECDJT312,600s
x_to_y,chg_x,chg_y,5,0.040940102234044685,2.0959159259663775,0.036089649684895204,0.006761564423203477,0.8767227432475849,29,2,10,0,17,cluster_by_day,medium,KXECKH276,KXECDJT312,600s
x_to_y,chg_x,chg_y,6,0.029462510502898005,3.8634414679275912,0.00011180069156285872,0.006761564423203477,0.8767227432475849,29,2,10,0,17,cluster_by_day,medium,KXECKH276,KXECDJT312,600s
x_to_y,chg_x,chg_y,7,0.022470888886291156,1.6719425980259526,0.09453564175907889,0.006761564423203477,0.8767227432475849,29,2,10,0,17,cluster_by_day,medium,KXECKH276,KXECDJT312,600s
x_to_y,chg_x,chg_y,8,0.0026428783148560006,0.9229449151076371,0.356035912346251,0.006761564423203477,0.8767227432475849,29,2,10,0,17,cluster_by_day,medium,KXECKH276,KXECDJT312,600s
x_to_y,chg_x,chg_y,9,0.057835926874552045,8.55924263748242,1.1361138322346485e-17,0.006761564423203477,0.8767227432475849,29,2,10,0,17,cluster_by_day,medium,KXECKH276,KXECDJT312,600s
x_to_y,chg_x,chg_y,10,-0.042519111980046445,-6.6182861912239055,3.633870034396945e-11,0.006761564423203477,0.8767227432475849,29,2,10,0,17,cluster_by_day,medium,KXECKH276,KXECDJT312,600s
y_to_x,chg_y,chg_x,1,0.004615668978777309,0.5605274247749631,0.5751197388406508,0.32721916831480496,0.28886124963809046,29,2,10,0,17,cluster_by_day,medium,KXECKH276,KXECDJT312,600s
y_to_x,chg_y,chg_x,2,-0.02630424074899662,-4.949334531195438,7.446765666415452e-07,0.32721916831480496,0.28886124963809046,29,2,10,0,17,cluster_by_day,medium,KXECKH276,KXECDJT312,600s
y_to_x,chg_y,chg_x,3,-0.049753639703283545,-2.236589045524509,0.02531321153953878,0.32721916831480496,0.28886124963809046,29,2,10,0,17,cluster_by_day,medium,KXECKH276,KXECDJT312,600s
y_to_x,chg_y,chg_x,4,-0.003937438767641906,-0.18225439057487827,0.8553830901881913,0.32721916831480496,0.28886124963809046,29,2,10,0,17,cluster_by_day,medium,KXECKH276,KXECDJT312,600s
y_to_x,chg_y,chg_x,5,0.0024886955008244773,0.16909426241209272,0.865722497877831,0.32721916831480496,0.28886124963809046,29,2,10,0,17,cluster_by_day,medium,KXECKH276,KXECDJT312,600s
y_to_x,chg_y,chg_x,6,-0.00897478748887078,-4.4641437013598955,8.038959992062305e-06,0.32721916831480496,0.28886124963809046,29,2,10,0,17,cluster_by_day,medium,KXECKH276,KXECDJT312,600s
y_to_x,chg_y,chg_x,7,-0.005319212216030251,-1.8619438741011904,0.06261100188154553,0.32721916831480496,0.28886124963809046,29,2,10,0,17,cluster_by_day,medium,KXECKH276,KXECDJT312,600s
y_to_x,chg_y,chg_x,8,-0.003509684438808898,-0.5592455560007996,0.5759941462682069,0.32721916831480496,0.28886124963809046,29,2,10,0,17,cluster_by_day,medium,KXECKH276,KXECDJT312,600s
y_to_x,chg_y,chg_x,9,-0.047206864396458895,-2.7960155066992134,0.005173691800490895,0.32721916831480496,0.28886124963809046,29,2,10,0,17,cluster_by_day,medium,KXECKH276,KXECDJT312,600s
y_to_x,chg_y,chg_x,10,-0.03914783020499963,-0.8446416851683523,0.39831092749667774,0.32721916831480496,0.28886124963809046,29,2,10,0,17,cluster_by_day,medium,KXECKH276,KXECDJT312,600s
x_to_y,chg_x,chg_y,1,-0.012387384600019074,-4.747234050379647,2.0621727510522122e-06,0.1654937437457967,0.783781078310431,45,3,10,0,32,cluster_by_day,high,KXECKH276,KXECDJT281,600s
x_to_y,chg_x,chg_y,2,-0.029923207103541412,-46.189154525619685,0.0,0.1654937437457967,0.783781078310431,45,3,10,0,32,cluster_by_day,high,KXECKH276,KXECDJT281,600s
x_to_y,chg_x,chg_y,3,-0.05359028245688762,-1.4329567992055794,0.15187018359285154,0.1654937437457967,0.783781078310431,45,3,10,0,32,cluster_by_day,high,KXECKH276,KXECDJT281,600s
x_to_y,chg_x,chg_y,4,-0.10677177898160271,-1.5182342134672042,0.1289553653569077,0.1654937437457967,0.783781078310431,45,3,10,0,32,cluster_by_day,high,KXECKH276,KXECDJT281,600s
x_to_y,chg_x,chg_y,5,0.033592811660264676,2.717748498895548,0.0065727778068832825,0.1654937437457967,0.783781078310431,45,3,10,0,32,cluster_by_day,high,KXECKH276,KXECDJT281,600s
x_to_y,chg_x,chg_y,6,-0.00973334325981172,-0.6446811628352083,0.5191338259834881,0.1654937437457967,0.783781078310431,45,3,10,0,32,cluster_by_day,high,KXECKH276,KXECDJT281,600s
x_to_y,chg_x,chg_y,7,-0.05931757081262178,-1.7825541597944154,0.07465890748464855,0.1654937437457967,0.783781078310431,45,3,10,0,32,cluster_by_day,high,KXECKH276,KXECDJT281,600s
x_to_y,chg_x,chg_y,8,-0.03526604399620161,-4.502621651973363,6.712031150843929e-06,0.1654937437457967,0.783781078310431,45,3,10,0,32,cluster_by_day,high,KXECKH276,KXECDJT281,600s
x_to_y,chg_x,chg_y,9,0.011221710216091802,0.43732250630813235,0.6618774754767422,0.1654937437457967,0.783781078310431,45,3,10,0,32,cluster_by_day,high,KXECKH276,KXECDJT281,600s
x_to_y,chg_x,chg_y,10,0.03228072998402022,5.63289826169143,1.7720600670876344e-08,0.1654937437457967,0.783781078310431,45,3,10,0,32,cluster_by_day,high,KXECKH276,KXECDJT281,600s
y_to_x,chg_y,chg_x,1,0.030614777476161023,2.0060351551616766,0.04485249735612732,0.17452147776311805,0.6741644182260356,45,3,10,4,28,cluster_by_day,medium,KXECKH276,KXECDJT281,600s
y_to_x,chg_y,chg_x,2,0.03693335493482233,1.8591929467841808,0.06299979421682735,0.17452147776311805,0.6741644182260356,45,3,10,4,28,cluster_by_day,medium,KXECKH276,KXECDJT281,600s
y_to_x,chg_y,chg_x,3,0.045578318074500954,1.3307545635589504,0.18326978286085216,0.17452147776311805,0.6741644182260356,45,3,10,4,28,cluster_by_day,medium,KXECKH276,KXECDJT281,600s
y_to_x,chg_y,chg_x,4,0.04051663867646161,1.4127366003585569,0.1577331857263724,0.17452147776311805,0.6741644182260356,45,3,10,4,28,cluster_by_day,medium,KXECKH276,KXECDJT281,600s
y_to_x,chg_y,chg_x,5,0.016592444020315362,1.6404043684573932,0.10092111764733132,0.17452147776311805,0.6741644182260356,45,3,10,4,28,cluster_by_day,medium,KXECKH276,KXECDJT281,600s
y_to_x,chg_y,chg_x,6,0.024298482258046872,1.4284760544158672,0.15315488208777286,0.17452147776311805,0.6741644182260356,45,3,10,4,28,cluster_by_day,medium,KXECKH276,KXECDJT281,600s
y_to_x,chg_y,chg_x,7,0.023712364168272635,1.5970249831477086,0.11026013838996697,0.17452147776311805,0.6741644182260356,45,3,10,4,28,cluster_by_day,medium,KXECKH276,KXECDJT281,600s
y_to_x,chg_y,chg_x,8,0.024336421440251853,2.3805883017957954,0.01728501781574721,0.17452147776311805,0.6741644182260356,45,3,10,4,28,cluster_by_day,medium,KXECKH276,KXECDJT281,600s
y_to_x,chg_y,chg_x,9,0.026919993349016194,1.88007415347529,0.06009797246232879,0.17452147776311805,0.6741644182260356,45,3,10,4,28,cluster_by_day,medium,KXECKH276,KXECDJT281,600s
y_to_x,chg_y,chg_x,10,0.05269756096708234,1.0753599399914608,0.2822136098508278,0.17452147776311805,0.6741644182260356,45,3,10,4,28,cluster_by_day,medium,KXECKH276,KXECDJT281,600s
x_to_y,chg_x,chg_y,1,0.0841639571390695,14.073414740146143,5.5331779083383284e-45,2.132446632439602e-161,0.9044945176196807,26,10,3,2,11,cluster_by_day,medium,KXECDJT316,KXFEDDECISION-24DEC-C25,600s
x_to_y,chg_x,chg_y,2,0.04257438135092694,4.81973652005719,1.437479408392535e-06,2.132446632439602e-161,0.9044945176196807,26,10,3,2,11,cluster_by_day,medium,KXECDJT316,KXFEDDECISION-24DEC-C25,600s
x_to_y,chg_x,chg_y,3,0.07450180670861173,7.314218655601445,2.588833008047275e-13,2.132446632439602e-161,0.9044945176196807,26,10,3,2,11,cluster_by_day,medium,KXECDJT316,KXFEDDECISION-24DEC-C25,600s
y_to_x,chg_y,chg_x,1,-0.0039343308575985345,-2.931363120664532,0.0033747805171437436,0.0,0.5251360850135139,26,10,3,0,13,cluster_by_day,medium,KXECDJT316,KXFEDDECISION-24DEC-C25,600s
y_to_x,chg_y,chg_x,2,-0.050674611477117264,-42.86557480007579,0.0,0.0,0.5251360850135139,26,10,3,0,13,cluster_by_day,medium,KXECDJT316,KXFEDDECISION-24DEC-C25,600s
y_to_x,chg_y,chg_x,3,-0.03349801479639987,-34.04195367409312,5.339128996718713e-254,0.0,0.5251360850135139,26,10,3,0,13,cluster_by_day,medium,KXECDJT316,KXFEDDECISION-24DEC-C25,600s
x_to_y,chg_x,chg_y,1,-0.008696306176544743,-1.0366132653166362,0.29991612856563654,9.862156577856974e-65,0.7914505549134125,35,14,9,2,10,cluster_by_day,medium,KX538APPROVEMIN-24NOV30-T37,KXFEDDECISION-24DEC-C25,600s
x_to_y,chg_x,chg_y,2,-0.013874872890057552,-1.326241452084711,0.18475973297558668,9.862156577856974e-65,0.7914505549134125,35,14,9,2,10,cluster_by_day,medium,KX538APPROVEMIN-24NOV30-T37,KXFEDDECISION-24DEC-C25,600s
x_to_y,chg_x,chg_y,3,-0.02002667824810113,-1.9746838590017388,0.04830403578226112,9.862156577856974e-65,0.7914505549134125,35,14,9,2,10,cluster_by_day,medium,KX538APPROVEMIN-24NOV30-T37,KXFEDDECISION-24DEC-C25,600s
x_to_y,chg_x,chg_y,4,-0.013606983130805082,-0.9982604936915344,0.31815305924098236,9.862156577856974e-65,0.7914505549134125,35,14,9,2,10,cluster_by_day,medium,KX538APPROVEMIN-24NOV30-T37,KXFEDDECISION-24DEC-C25,600s
x_to_y,chg_x,chg_y,5,-0.015075136223612272,-1.5014398296649294,0.13324183858007044,9.862156577856974e-65,0.7914505549134125,35,14,9,2,10,cluster_by_day,medium,KX538APPROVEMIN-24NOV30-T37,KXFEDDECISION-24DEC-C25,600s
x_to_y,chg_x,chg_y,6,-0.009852740374260574,-0.9153318935311824,0.36001742064056386,9.862156577856974e-65,0.7914505549134125,35,14,9,2,10,cluster_by_day,medium,KX538APPROVEMIN-24NOV30-T37,KXFEDDECISION-24DEC-C25,600s
x_to_y,chg_x,chg_y,7,-0.013738553209123889,-1.6672852540037317,0.0954576973765001,9.862156577856974e-65,0.7914505549134125,35,14,9,2,10,cluster_by_day,medium,KX538APPROVEMIN-24NOV30-T37,KXFEDDECISION-24DEC-C25,600s
x_to_y,chg_x,chg_y,8,-0.010711941027211696,-1.4320376195278712,0.15213305531759785,9.862156577856974e-65,0.7914505549134125,35,14,9,2,10,cluster_by_day,medium,KX538APPROVEMIN-24NOV30-T37,KXFEDDECISION-24DEC-C25,600s
x_to_y,chg_x,chg_y,9,-0.0012200792153004287,-0.17595448376580533,0.8603297011507709,9.862156577856974e-65,0.7914505549134125,35,14,9,2,10,cluster_by_day,medium,KX538APPROVEMIN-24NOV30-T37,KXFEDDECISION-24DEC-C25,600s
y_to_x,chg_y,chg_x,1,-0.0009328377730409157,-0.028722681682334817,0.9770857664623729,0.07312820552527069,0.8104600841787529,34,14,10,0,10,cluster_by_day,medium,KX538APPROVEMIN-24NOV30-T37,KXFEDDECISION-24DEC-C25,600s
y_to_x,chg_y,chg_x,2,-0.002669516920088884,-0.07006145968066814,0.9441447420092828,0.07312820552527069,0.8104600841787529,34,14,10,0,10,cluster_by_day,medium,KX538APPROVEMIN-24NOV30-T37,KXFEDDECISION-24DEC-C25,600s
y_to_x,chg_y,chg_x,3,0.030369718587774375,0.5136968044049809,0.6074639865126942,0.07312820552527069,0.8104600841787529,34,14,10,0,10,cluster_by_day,medium,KX538APPROVEMIN-24NOV30-T37,KXFEDDECISION-24DEC-C25,600s
y_to_x,chg_y,chg_x,4,-0.03221692470546871,-1.3208692170526186,0.1865449754010795,0.07312820552527069,0.8104600841787529,34,14,10,0,10,cluster_by_day,medium,KX538APPROVEMIN-24NOV30-T37,KXFEDDECISION-24DEC-C25,600s
y_to_x,chg_y,chg_x,5,-0.022788609806612445,-0.8508489697948667,0.39485325502148394,0.07312820552527069,0.8104600841787529,34,14,10,0,10,cluster_by_day,medium,KX538APPROVEMIN-24NOV30-T37,KXFEDDECISION-24DEC-C25,600s
y_to_x,chg_y,chg_x,6,0.007958414554196436,0.2644982154979013,0.7913960396921992,0.07312820552527069,0.8104600841787529,34,14,10,0,10,cluster_by_day,medium,KX538APPROVEMIN-24NOV30-T37,KXFEDDECISION-24DEC-C25,600s
y_to_x,chg_y,chg_x,7,-0.014585028687545864,-0.781876207242136,0.434287329047205,0.07312820552527069,0.8104600841787529,34,14,10,0,10,cluster_by_day,medium,KX538APPROVEMIN-24NOV30-T37,KXFEDDECISION-24DEC-C25,600s
y_to_x,chg_y,chg_x,8,0.002183401764556586,0.11850285599839167,0.9056692322833996,0.07312820552527069,0.8104600841787529,34,14,10,0,10,cluster_by_day,medium,KX538APPROVEMIN-24NOV30-T37,KXFEDDECISION-24DEC-C25,600s
y_to_x,chg_y,chg_x,9,0.0006984121815145142,0.03080352931153401,0.9754262257735242,0.07312820552527069,0.8104600841787529,34,14,10,0,10,cluster_by_day,medium,KX538APPROVEMIN-24NOV30-T37,KXFEDDECISION-24DEC-C25,600s
y_to_x,chg_y,chg_x,10,-0.012403302148309172,-0.5647986639338305,0.5722107159063232,0.07312820552527069,0.8104600841787529,34,14,10,0,10,cluster_by_day,medium,KX538APPROVEMIN-24NOV30-T37,KXFEDDECISION-24DEC-C25,600s
x_to_y,chg_x,chg_y,1,0.027039740573346974,28.870135200039698,2.831831144009598e-183,0.0,0.8498591629971028,47,15,10,0,22,cluster_by_day,medium,KXECDJT281,KXFEDDECISION-24DEC-H0,600s
x_to_y,chg_x,chg_y,2,-0.02231848475602147,-9.08206291908998,1.0653615567970144e-19,0.0,0.8498591629971028,47,15,10,0,22,cluster_by_day,medium,KXECDJT281,KXFEDDECISION-24DEC-H0,600s
x_to_y,chg_x,chg_y,3,0.0019216000037882007,1.2581144662677124,0.20835036229479964,0.0,0.8498591629971028,47,15,10,0,22,cluster_by_day,medium,KXECDJT281,KXFEDDECISION-24DEC-H0,600s
x_to_y,chg_x,chg_y,4,-0.006938263231969413,-4.264059232854007,2.0074619031729063e-05,0.0,0.8498591629971028,47,15,10,0,22,cluster_by_day,medium,KXECDJT281,KXFEDDECISION-24DEC-H0,600s
x_to_y,chg_x,chg_y,5,0.03679991774133871,9.310248057265417,1.2753414514168798e-20,0.0,0.8498591629971028,47,15,10,0,22,cluster_by_day,medium,KXECDJT281,KXFEDDECISION-24DEC-H0,600s
x_to_y,chg_x,chg_y,6,0.0015870145150339552,0.6036777257705688,0.5460579258603644,0.0,0.8498591629971028,47,15,10,0,22,cluster_by_day,medium,KXECDJT281,KXFEDDECISION-24DEC-H0,600s
x_to_y,chg_x,chg_y,7,-5.774021412546428e-05,-0.030377607758974665,0.9757659030325885,0.0,0.8498591629971028,47,15,10,0,22,cluster_by_day,medium,KXECDJT281,KXFEDDECISION-24DEC-H0,600s
x_to_y,chg_x,chg_y,8,-0.009190119698002468,-14.474136600319717,1.7652845382545915e-47,0.0,0.8498591629971028,47,15,10,0,22,cluster_by_day,medium,KXECDJT281,KXFEDDECISION-24DEC-H0,600s
x_to_y,chg_x,chg_y,9,0.03151763682212541,8.406820212534807,4.2127609431914816e-17,0.0,0.8498591629971028,47,15,10,0,22,cluster_by_day,medium,KXECDJT281,KXFEDDECISION-24DEC-H0,600s
x_to_y,chg_x,chg_y,10,0.0009339808636324106,0.6316462169718278,0.5276180793271841,0.0,0.8498591629971028,47,15,10,0,22,cluster_by_day,medium,KXECDJT281,KXFEDDECISION-24DEC-H0,600s
y_to_x,chg_y,chg_x,1,0.0021862874073390994,0.14195661223098313,0.887114276953521,0.0,0.36293980099656065,47,15,10,1,21,cluster_by_day,medium,KXECDJT281,KXFEDDECISION-24DEC-H0,600s
y_to_x,chg_y,chg_x,2,0.01867124399322322,1.2895606246571318,0.19720325442946807,0.0,0.36293980099656065,47,15,10,1,21,cluster_by_day,medium,KXECDJT281,KXFEDDECISION-24DEC-H0,600s
y_to_x,chg_y,chg_x,3,0.005258897178457303,0.18604608976645792,0.8524086178222489,0.0,0.36293980099656065,47,15,10,1,21,cluster_by_day,medium,KXECDJT281,KXFEDDECISION-24DEC-H0,600s
y_to_x,chg_y,chg_x,4,0.009545338654943355,0.5214757451947358,0.6020353977206803,0.0,0.36293980099656065,47,15,10,1,21,cluster_by_day,medium,KXECDJT281,KXFEDDECISION-24DEC-H0,600s
y_to_x,chg_y,chg_x,5,0.021197534075136897,2.5749975417603803,0.010024079906773066,0.0,0.36293980099656065,47,15,10,1,21,cluster_by_day,medium,KXECDJT281,KXFEDDECISION-24DEC-H0,600s
y_to_x,chg_y,chg_x,6,0.014925551297826588,1.5449386458942198,0.12236110454538304,0.0,0.36293980099656065,47,15,10,1,21,cluster_by_day,medium,KXECDJT281,KXFEDDECISION-24DEC-H0,600s
y_to_x,chg_y,chg_x,7,0.05298640037122923,2.888277701210547,0.0038735772166088086,0.0,0.36293980099656065,47,15,10,1,21,cluster_by_day,medium,KXECDJT281,KXFEDDECISION-24DEC-H0,600s
y_to_x,chg_y,chg_x,8,0.044576645307242875,3.2054074634462104,0.0013487140585041277,0.0,0.36293980099656065,47,15,10,1,21,cluster_by_day,medium,KXECDJT281,KXFEDDECISION-24DEC-H0,600s
y_to_x,chg_y,chg_x,9,0.00675470641938449,0.23573797347555508,0.813636001601361,0.0,0.36293980099656065,47,15,10,1,21,cluster_by_day,medium,KXECDJT281,KXFEDDECISION-24DEC-H0,600s
y_to_x,chg_y,chg_x,10,0.006162105781505792,0.2155426456412424,0.8293442669090444,0.0,0.36293980099656065,47,15,10,1,21,cluster_by_day,medium,KXECDJT281,KXFEDDECISION-24DEC-H0,600s
x_to_y,chg_x,chg_y,1,-0.015920731626352512,-0.7798781911344536,0.4354625765010457,0.5366135103683816,0.8096703661387371,33,4,10,6,13,cluster_by_day,medium,KXECKH287,KXECDJT281,600s
x_to_y,chg_x,chg_y,2,-0.03182205727498394,-1.4556703020069504,0.14548378339482945,0.5366135103683816,0.8096703661387371,33,4,10,6,13,cluster_by_day,medium,KXECKH287,KXECDJT281,600s
x_to_y,chg_x,chg_y,3,0.037222383723212675,0.6133354921174924,0.5396545300312936,0.5366135103683816,0.8096703661387371,33,4,10,6,13,cluster_by_day,medium,KXECKH287,KXECDJT281,600s
x_to_y,chg_x,chg_y,4,0.06232634442687503,2.258018356830813,0.023944515003605202,0.5366135103683816,0.8096703661387371,33,4,10,6,13,cluster_by_day,medium,KXECKH287,KXECDJT281,600s
x_to_y,chg_x,chg_y,5,0.01175585084339505,3.13657025559079,0.0017093647698438138,0.5366135103683816,0.8096703661387371,33,4,10,6,13,cluster_by_day,medium,KXECKH287,KXECDJT281,600s
x_to_y,chg_x,chg_y,6,-0.013962700770380022,-2.298541729436555,0.021530975689182757,0.5366135103683816,0.8096703661387371,33,4,10,6,13,cluster_by_day,medium,KXECKH287,KXECDJT281,600s
x_to_y,chg_x,chg_y,7,-0.019764262590542307,-405.9835754054857,0.0,0.5366135103683816,0.8096703661387371,33,4,10,6,13,cluster_by_day,medium,KXECKH287,KXECDJT281,600s
x_to_y,chg_x,chg_y,8,0.028235786928867006,1.2033641886167668,0.2288354196262955,0.5366135103683816,0.8096703661387371,33,4,10,6,13,cluster_by_day,medium,KXECKH287,KXECDJT281,600s
x_to_y,chg_x,chg_y,9,-0.017379646020501384,-0.8932529284293689,0.3717217395696373,0.5366135103683816,0.8096703661387371,33,4,10,6,13,cluster_by_day,medium,KXECKH287,KXECDJT281,600s
x_to_y,chg_x,chg_y,10,-0.001234180915619302,-0.31487535732130084,0.7528562925997464,0.5366135103683816,0.8096703661387371,33,4,10,6,13,cluster_by_day,medium,KXECKH287,KXECDJT281,600s
y_to_x,chg_y,chg_x,1,0.004134049156181396,0.38081209207144096,0.7033426859768883,0.2430664295514032,0.4532437481464635,33,4,10,1,18,cluster_by_day,medium,KXECKH287,KXECDJT281,600s
y_to_x,chg_y,chg_x,2,-0.01526175586088745,-6.458783090936081,1.0554826870745556e-10,0.2430664295514032,0.4532437481464635,33,4,10,1,18,cluster_by_day,medium,KXECKH287,KXECDJT281,600s
y_to_x,chg_y,chg_x,3,0.003461021146107452,1.6599366848513075,0.09692719048457156,0.2430664295514032,0.4532437481464635,33,4,10,1,18,cluster_by_day,medium,KXECKH287,KXECDJT281,600s
y_to_x,chg_y,chg_x,4,0.015761103990533418,385.8747667949091,0.0,0.2430664295514032,0.4532437481464635,33,4,10,1,18,cluster_by_day,medium,KXECKH287,KXECDJT281,600s
y_to_x,chg_y,chg_x,5,-0.014228339612006861,-4.306102729683519,1.6615591663806713e-05,0.2430664295514032,0.4532437481464635,33,4,10,1,18,cluster_by_day,medium,KXECKH287,KXECDJT281,600s
y_to_x,chg_y,chg_x,6,-0.010710640973772653,-1.5079979171314442,0.13155506010076468,0.2430664295514032,0.4532437481464635,33,4,10,1,18,cluster_by_day,medium,KXECKH287,KXECDJT281,600s
y_to_x,chg_y,chg_x,7,0.021169256124094357,1.343028613036148,0.17926270899868746,0.2430664295514032,0.4532437481464635,33,4,10,1,18,cluster_by_day,medium,KXECKH287,KXECDJT281,600s
y_to_x,chg_y,chg_x,8,-0.0315209536203576,-1.651681593748935,0.09859947681997121,0.2430664295514032,0.4532437481464635,33,4,10,1,18,cluster_by_day,medium,KXECKH287,KXECDJT281,600s
y_to_x,chg_y,chg_x,9,0.02022523288216003,1102.9898349261434,0.0,0.2430664295514032,0.4532437481464635,33,4,10,1,18,cluster_by_day,medium,KXECKH287,KXECDJT281,600s
y_to_x,chg_y,chg_x,10,0.028923706748823927,20.610689211073506,2.2007590543556164e-94,0.2430664295514032,0.4532437481464635,33,4,10,1,18,cluster_by_day,medium,KXECKH287,KXECDJT281,600s
x_to_y,chg_x,chg_y,1,-0.00046470004344323097,-0.03687754037079957,0.9705826477514912,0.860819364193284,0.7298146982419802,28,6,6,6,10,cluster_by_day,medium,RATECUT-24SEP18,FEDDECISION-24SEP-C25,600s
x_to_y,chg_x,chg_y,2,-0.002736686398487318,-0.34898041440080524,0.7271040133693161,0.860819364193284,0.7298146982419802,28,6,6,6,10,cluster_by_day,medium,RATECUT-24SEP18,FEDDECISION-24SEP-C25,600s
x_to_y,chg_x,chg_y,3,0.002247608371293409,0.18315155474703268,0.8546791050145813,0.860819364193284,0.7298146982419802,28,6,6,6,10,cluster_by_day,medium,RATECUT-24SEP18,FEDDECISION-24SEP-C25,600s
x_to_y,chg_x,chg_y,4,0.005459833475599826,0.7845401648188293,0.43272322396246365,0.860819364193284,0.7298146982419802,28,6,6,6,10,cluster_by_day,medium,RATECUT-24SEP18,FEDDECISION-24SEP-C25,600s
x_to_y,chg_x,chg_y,5,0.001348554631402093,0.21565059864425365,0.8292601116284974,0.860819364193284,0.7298146982419802,28,6,6,6,10,cluster_by_day,medium,RATECUT-24SEP18,FEDDECISION-24SEP-C25,600s
x_to_y,chg_x,chg_y,6,0.007296570164255115,1.1556998219089165,0.2478039610463656,0.860819364193284,0.7298146982419802,28,6,6,6,10,cluster_by_day,medium,RATECUT-24SEP18,FEDDECISION-24SEP-C25,600s
y_to_x,chg_y,chg_x,1,0.001111022176330277,0.9566366174995508,0.338750699843815,6.652686851593387e-46,0.7311948627079237,27,5,7,4,11,cluster_by_day,medium,RATECUT-24SEP18,FEDDECISION-24SEP-C25,600s
y_to_x,chg_y,chg_x,2,-0.002335671883130952,-1.5441551401907792,0.12255075344607387,6.652686851593387e-46,0.7311948627079237,27,5,7,4,11,cluster_by_day,medium,RATECUT-24SEP18,FEDDECISION-24SEP-C25,600s
y_to_x,chg_y,chg_x,3,-9.699429197908045e-05,-0.0872263693517717,0.9304915795228625,6.652686851593387e-46,0.7311948627079237,27,5,7,4,11,cluster_by_day,medium,RATECUT-24SEP18,FEDDECISION-24SEP-C25,600s
y_to_x,chg_y,chg_x,4,0.00021632508895684632,0.31465017460727357,0.7530272788218968,6.652686851593387e-46,0.7311948627079237,27,5,7,4,11,cluster_by_day,medium,RATECUT-24SEP18,FEDDECISION-24SEP-C25,600s
y_to_x,chg_y,chg_x,5,0.0002199614212925924,0.10741818513848359,0.9144572283220124,6.652686851593387e-46,0.7311948627079237,27,5,7,4,11,cluster_by_day,medium,RATECUT-24SEP18,FEDDECISION-24SEP-C25,600s
y_to_x,chg_y,chg_x,6,-0.001964813122195201,-0.6255401527874335,0.5316166038253087,6.652686851593387e-46,0.7311948627079237,27,5,7,4,11,cluster_by_day,medium,RATECUT-24SEP18,FEDDECISION-24SEP-C25,600s
y_to_x,chg_y,chg_x,7,0.0016417565744219962,0.5022070370316768,0.6155218934270563,6.652686851593387e-46,0.7311948627079237,27,5,7,4,11,cluster_by_day,medium,RATECUT-24SEP18,FEDDECISION-24SEP-C25,600s
