contract_ticker,etf,mode,bar_freq,K_chosen,k_lag,direction,coef,t_stat,p_value,p_fdr,r_squared,n_obs,n_days,n_params,n_active,n_ylags,n_active_events,r2_daily_screen,contract_title
KXECKH276,VFH,event,10min,3,-3,etf_leads_kalshi,-0.0011223599406231849,-0.11471569649926734,0.9086704720588785,0.9879891792740974,0.9815452704961343,12,1,11,7,3,22,0.8816564277734555,"Will Harris win 276-262 - PA, NV, MI, WI?"
KXECKH276,VFH,event,10min,3,-2,etf_leads_kalshi,0.00015011191536898723,0.015053899982771658,0.9879891792740974,0.9879891792740974,0.9815452704961343,12,1,11,7,3,22,0.8816564277734555,"Will Harris win 276-262 - PA, NV, MI, WI?"
KXECKH276,VFH,event,10min,3,-1,etf_leads_kalshi,0.0021275315837201167,0.5938005067302797,0.5526455500990136,0.9879891792740974,0.9815452704961343,12,1,11,7,3,22,0.8816564277734555,"Will Harris win 276-262 - PA, NV, MI, WI?"
KXECKH276,VFH,event,10min,3,0,contemp,0.00031895840279916906,0.034688421618088924,0.9723281935825164,0.9879891792740974,0.9815452704961343,12,1,11,7,3,22,0.8816564277734555,"Will Harris win 276-262 - PA, NV, MI, WI?"
KXECKH276,VFH,event,10min,3,1,kalshi_leads_etf,0.0017017030471460446,0.45481360597859916,0.6492433409257096,0.9879891792740974,0.9815452704961343,12,1,11,7,3,22,0.8816564277734555,"Will Harris win 276-262 - PA, NV, MI, WI?"
KXECKH276,VFH,event,10min,3,2,kalshi_leads_etf,0.0013905082055116053,0.48660270545819106,0.6265399059322463,0.9879891792740974,0.9815452704961343,12,1,11,7,3,22,0.8816564277734555,"Will Harris win 276-262 - PA, NV, MI, WI?"
KXECKH276,VFH,event,10min,3,3,kalshi_leads_etf,-0.0008640296498494064,-0.17662660404164596,0.8598016956205281,0.9879891792740974,0.9815452704961343,12,1,11,7,3,22,0.8816564277734555,"Will Harris win 276-262 - PA, NV, MI, WI?"
KXECKH276,VIS,event,10min,3,-3,etf_leads_kalshi,0.00017037796467218253,0.5463508885910859,0.58482476201755,0.6822955556871416,0.5197321555973016,12,1,8,7,0,22,0.7648119234989674,"Will Harris win 276-262 - PA, NV, MI, WI?"
KXECKH276,VIS,event,10min,3,-2,etf_leads_kalshi,0.00024182246214938283,0.6633515627959604,0.5071054200429806,0.6822955556871416,0.5197321555973016,12,1,8,7,0,22,0.7648119234989674,"Will Harris win 276-262 - PA, NV, MI, WI?"
KXECKH276,VIS,event,10min,3,-1,etf_leads_kalshi,0.0004936219229390078,0.8790622621749009,0.3793675179228744,0.6822955556871416,0.5197321555973016,12,1,8,7,0,22,0.7648119234989674,"Will Harris win 276-262 - PA, NV, MI, WI?"
KXECKH276,VIS,event,10min,3,0,contemp,0.0005326128637222058,0.7584810466264658,0.44816305529428846,0.6822955556871416,0.5197321555973016,12,1,8,7,0,22,0.7648119234989674,"Will Harris win 276-262 - PA, NV, MI, WI?"
KXECKH276,VIS,event,10min,3,1,kalshi_leads_etf,0.0004011225378994328,0.7709988612970905,0.4407076065401456,0.6822955556871416,0.5197321555973016,12,1,8,7,0,22,0.7648119234989674,"Will Harris win 276-262 - PA, NV, MI, WI?"
KXECKH276,VIS,event,10min,3,2,kalshi_leads_etf,0.000519520738667528,0.7899100764401557,0.42958028623129363,0.6822955556871416,0.5197321555973016,12,1,8,7,0,22,0.7648119234989674,"Will Harris win 276-262 - PA, NV, MI, WI?"
KXECKH276,VIS,event,10min,3,3,kalshi_leads_etf,0.00013554671086082537,0.24293547575959856,0.8080553829511229,0.8080553829511229,0.5197321555973016,12,1,8,7,0,22,0.7648119234989674,"Will Harris win 276-262 - PA, NV, MI, WI?"
KXECKH276,VCR,event,10min,3,-3,etf_leads_kalshi,0.0027239363714753797,0.3519749353218457,0.7248570599147333,0.9662885168426121,0.8819840660493954,12,1,11,7,3,22,0.651769043544155,"Will Harris win 276-262 - PA, NV, MI, WI?"
KXECKH276,VCR,event,10min,3,-2,etf_leads_kalshi,0.002522652601973813,0.24254121332316356,0.8083608263412854,0.9662885168426121,0.8819840660493954,12,1,11,7,3,22,0.651769043544155,"Will Harris win 276-262 - PA, NV, MI, WI?"
KXECKH276,VCR,event,10min,3,-1,etf_leads_kalshi,0.0034769694872578963,0.26125729705609274,0.7938940952238639,0.9662885168426121,0.8819840660493954,12,1,11,7,3,22,0.651769043544155,"Will Harris win 276-262 - PA, NV, MI, WI?"
KXECKH276,VCR,event,10min,3,0,contemp,0.0007555382303846336,0.05460511751705542,0.9564530616548077,0.9662885168426121,0.8819840660493954,12,1,11,7,3,22,0.651769043544155,"Will Harris win 276-262 - PA, NV, MI, WI?"
KXECKH276,VCR,event,10min,3,1,kalshi_leads_etf,0.0006342577411752391,0.04226365706902092,0.9662885168426121,0.9662885168426121,0.8819840660493954,12,1,11,7,3,22,0.651769043544155,"Will Harris win 276-262 - PA, NV, MI, WI?"
KXECKH276,VCR,event,10min,3,2,kalshi_leads_etf,0.0011499648663964165,0.08976828897918969,0.9284713481497058,0.9662885168426121,0.8819840660493954,12,1,11,7,3,22,0.651769043544155,"Will Harris win 276-262 - PA, NV, MI, WI?"
KXECKH276,VCR,event,10min,3,3,kalshi_leads_etf,-0.003107685035828839,-0.2250286646846058,0.8219569748845346,0.9662885168426121,0.8819840660493954,12,1,11,7,3,22,0.651769043544155,"Will Harris win 276-262 - PA, NV, MI, WI?"
FEDDECISION-24SEP-C25,VDC,event,2min,8,-8,etf_leads_kalshi,4.3833509269230016e-05,0.8016702926105279,0.42274370457174526,0.6635061761586598,0.16146896559269086,322,8,25,207,0,477,0.6325467130894744,Will the Federal Reserve Cut rates by 25bps at their September 2024 meeting?
FEDDECISION-24SEP-C25,VDC,event,2min,8,-7,etf_leads_kalshi,-1.2938164895879188e-05,-0.6629117500473656,0.5073870758860339,0.6635061761586598,0.16146896559269086,322,8,25,207,0,477,0.6325467130894744,Will the Federal Reserve Cut rates by 25bps at their September 2024 meeting?
FEDDECISION-24SEP-C25,VDC,event,2min,8,-6,etf_leads_kalshi,3.373388951743386e-05,0.6943434432718331,0.4874668527195284,0.6635061761586598,0.16146896559269086,322,8,25,207,0,477,0.6325467130894744,Will the Federal Reserve Cut rates by 25bps at their September 2024 meeting?
FEDDECISION-24SEP-C25,VDC,event,2min,8,-5,etf_leads_kalshi,-2.6710705786456446e-05,-0.4517049474015387,0.6514815536331418,0.718811791717078,0.16146896559269086,322,8,25,207,0,477,0.6325467130894744,Will the Federal Reserve Cut rates by 25bps at their September 2024 meeting?
FEDDECISION-24SEP-C25,VDC,event,2min,8,-4,etf_leads_kalshi,3.316971987845884e-05,0.8802411005504711,0.3787287125040618,0.6635061761586598,0.16146896559269086,322,8,25,207,0,477,0.6325467130894744,Will the Federal Reserve Cut rates by 25bps at their September 2024 meeting?
FEDDECISION-24SEP-C25,VDC,event,2min,8,-3,etf_leads_kalshi,7.961527241119895e-05,1.2527392140553033,0.21030062983167508,0.6635061761586598,0.16146896559269086,322,8,25,207,0,477,0.6325467130894744,Will the Federal Reserve Cut rates by 25bps at their September 2024 meeting?
FEDDECISION-24SEP-C25,VDC,event,2min,8,-2,etf_leads_kalshi,0.00010969845099238877,2.0903709733606393,0.0365844882514391,0.6219363002744647,0.16146896559269086,322,8,25,207,0,477,0.6325467130894744,Will the Federal Reserve Cut rates by 25bps at their September 2024 meeting?
FEDDECISION-24SEP-C25,VDC,event,2min,8,-1,etf_leads_kalshi,-5.748387124576814e-05,-1.3225146158796903,0.18599684563821683,0.6635061761586598,0.16146896559269086,322,8,25,207,0,477,0.6325467130894744,Will the Federal Reserve Cut rates by 25bps at their September 2024 meeting?
FEDDECISION-24SEP-C25,VDC,event,2min,8,0,contemp,-1.8002517436657914e-05,-0.35210901986263277,0.7247565041574878,0.7247565041574878,0.16146896559269086,322,8,25,207,0,477,0.6325467130894744,Will the Federal Reserve Cut rates by 25bps at their September 2024 meeting?
FEDDECISION-24SEP-C25,VDC,event,2min,8,1,kalshi_leads_etf,9.446264315124218e-06,0.7792248507325831,0.43584727374137655,0.6635061761586598,0.16146896559269086,322,8,25,207,0,477,0.6325467130894744,Will the Federal Reserve Cut rates by 25bps at their September 2024 meeting?
FEDDECISION-24SEP-C25,VDC,event,2min,8,2,kalshi_leads_etf,-1.3595434989321943e-05,-0.8588325036770595,0.3904329321311316,0.6635061761586598,0.16146896559269086,322,8,25,207,0,477,0.6325467130894744,Will the Federal Reserve Cut rates by 25bps at their September 2024 meeting?
FEDDECISION-24SEP-C25,VDC,event,2min,8,3,kalshi_leads_etf,-2.2563482282512355e-05,-1.584831004982967,0.11300473587528428,0.6635061761586598,0.16146896559269086,322,8,25,207,0,477,0.6325467130894744,Will the Federal Reserve Cut rates by 25bps at their September 2024 meeting?
FEDDECISION-24SEP-C25,VDC,event,2min,8,4,kalshi_leads_etf,8.04652883731684e-06,0.41720462146185755,0.6765287451454851,0.718811791717078,0.16146896559269086,322,8,25,207,0,477,0.6325467130894744,Will the Federal Reserve Cut rates by 25bps at their September 2024 meeting?
FEDDECISION-24SEP-C25,VDC,event,2min,8,5,kalshi_leads_etf,3.829810295053615e-05,1.239774798821671,0.21505870196693988,0.6635061761586598,0.16146896559269086,322,8,25,207,0,477,0.6325467130894744,Will the Federal Reserve Cut rates by 25bps at their September 2024 meeting?
FEDDECISION-24SEP-C25,VDC,event,2min,8,6,kalshi_leads_etf,9.819100784768835e-06,1.0155718770254618,0.30983330264004305,0.6635061761586598,0.16146896559269086,322,8,25,207,0,477,0.6325467130894744,Will the Federal Reserve Cut rates by 25bps at their September 2024 meeting?
FEDDECISION-24SEP-C25,VDC,event,2min,8,7,kalshi_leads_etf,-1.980741620106873e-05,-0.679523705129857,0.49680609289519473,0.6635061761586598,0.16146896559269086,322,8,25,207,0,477,0.6325467130894744,Will the Federal Reserve Cut rates by 25bps at their September 2024 meeting?
FEDDECISION-24SEP-C25,VDC,event,2min,8,8,kalshi_leads_etf,7.376335055586459e-06,0.4811117460034508,0.6304370803491688,0.718811791717078,0.16146896559269086,322,8,25,207,0,477,0.6325467130894744,Will the Federal Reserve Cut rates by 25bps at their September 2024 meeting?
KXECKH276,VDE,event,10min,3,-3,etf_leads_kalshi,-0.004609585956667575,-0.0024646928880972443,0.9980334615884923,0.999729590766398,0.9778060641067349,12,1,11,7,3,22,0.6325059413818794,"Will Harris win 276-262 - PA, NV, MI, WI?"
KXECKH276,VDE,event,10min,3,-2,etf_leads_kalshi,-0.006395015508169628,-0.014068691955476388,0.9887751781838521,0.999729590766398,0.9778060641067349,12,1,11,7,3,22,0.6325059413818794,"Will Harris win 276-262 - PA, NV, MI, WI?"
KXECKH276,VDE,event,10min,3,-1,etf_leads_kalshi,-0.008706727938553408,-0.005245481634004442,0.9958147303832647,0.999729590766398,0.9778060641067349,12,1,11,7,3,22,0.6325059413818794,"Will Harris win 276-262 - PA, NV, MI, WI?"
KXECKH276,VDE,event,10min,3,0,contemp,-0.00899163287428804,-0.0014668685235917401,0.998829608672021,0.999729590766398,0.9778060641067349,12,1,11,7,3,22,0.6325059413818794,"Will Harris win 276-262 - PA, NV, MI, WI?"
KXECKH276,VDE,event,10min,3,1,kalshi_leads_etf,-0.006877006817949299,-0.0016922998208985958,0.998649740745152,0.999729590766398,0.9778060641067349,12,1,11,7,3,22,0.6325059413818794,"Will Harris win 276-262 - PA, NV, MI, WI?"
KXECKH276,VDE,event,10min,3,2,kalshi_leads_etf,-0.004963989227568891,-0.0014076776359069813,0.9988768361186577,0.999729590766398,0.9778060641067349,12,1,11,7,3,22,0.6325059413818794,"Will Harris win 276-262 - PA, NV, MI, WI?"
KXECKH276,VDE,event,10min,3,3,kalshi_leads_etf,0.0013661689268154899,0.0003389077218217037,0.999729590766398,0.999729590766398,0.9778060641067349,12,1,11,7,3,22,0.6325059413818794,"Will Harris win 276-262 - PA, NV, MI, WI?"
KXECKH276,VOX,event,10min,3,-3,etf_leads_kalshi,-0.005783721634134083,-2.2841718436379153,0.022361433631351242,0.08487345910817182,0.9988359075894903,12,1,11,7,3,22,0.5903053031486734,"Will Harris win 276-262 - PA, NV, MI, WI?"
KXECKH276,VOX,event,10min,3,-2,etf_leads_kalshi,-0.00709320963874319,-2.230152328208394,0.025737331853736695,0.08487345910817182,0.9988359075894903,12,1,11,7,3,22,0.5903053031486734,"Will Harris win 276-262 - PA, NV, MI, WI?"
KXECKH276,VOX,event,10min,3,-1,etf_leads_kalshi,-0.006808178710938097,-1.972968779173587,0.048499119490383893,0.08487345910817182,0.9988359075894903,12,1,11,7,3,22,0.5903053031486734,"Will Harris win 276-262 - PA, NV, MI, WI?"
KXECKH276,VOX,event,10min,3,0,contemp,-0.007828784857531091,-1.9998086045588228,0.0455209351020651,0.08487345910817182,0.9988359075894903,12,1,11,7,3,22,0.5903053031486734,"Will Harris win 276-262 - PA, NV, MI, WI?"
KXECKH276,VOX,event,10min,3,1,kalshi_leads_etf,-0.00519230932020773,-1.7748435059945593,0.07592373052253894,0.1062932227315545,0.9988359075894903,12,1,11,7,3,22,0.5903053031486734,"Will Harris win 276-262 - PA, NV, MI, WI?"
KXECKH276,VOX,event,10min,3,2,kalshi_leads_etf,-0.0025715540792446367,-1.47416797877471,0.14043636913096377,0.16384243065279108,0.9988359075894903,12,1,11,7,3,22,0.5903053031486734,"Will Harris win 276-262 - PA, NV, MI, WI?"
KXECKH276,VOX,event,10min,3,3,kalshi_leads_etf,-0.0002023107626134827,-0.281798929460803,0.7780976918473631,0.7780976918473631,0.9988359075894903,12,1,11,7,3,22,0.5903053031486734,"Will Harris win 276-262 - PA, NV, MI, WI?"
KXECKH276,VGT,event,10min,3,-3,etf_leads_kalshi,0.007114417111270104,0.4647365715951936,0.6421201151892688,0.8149163135256141,0.9925769836476713,12,1,11,7,3,22,0.5887966658096906,"Will Harris win 276-262 - PA, NV, MI, WI?"
KXECKH276,VGT,event,10min,3,-2,etf_leads_kalshi,0.008843740411683272,0.4296563225507953,0.6674456599844254,0.8149163135256141,0.9925769836476713,12,1,11,7,3,22,0.5887966658096906,"Will Harris win 276-262 - PA, NV, MI, WI?"
KXECKH276,VGT,event,10min,3,-1,etf_leads_kalshi,0.009617161653172196,0.4139927650836783,0.6788794053711324,0.8149163135256141,0.9925769836476713,12,1,11,7,3,22,0.5887966658096906,"Will Harris win 276-262 - PA, NV, MI, WI?"
KXECKH276,VGT,event,10min,3,0,contemp,0.005420426192381755,0.35426852922643737,0.7231376503516664,0.8149163135256141,0.9925769836476713,12,1,11,7,3,22,0.5887966658096906,"Will Harris win 276-262 - PA, NV, MI, WI?"
KXECKH276,VGT,event,10min,3,1,kalshi_leads_etf,0.0029204826930437884,0.2781291481256391,0.7809132211612936,0.8149163135256141,0.9925769836476713,12,1,11,7,3,22,0.5887966658096906,"Will Harris win 276-262 - PA, NV, MI, WI?"
KXECKH276,VGT,event,10min,3,2,kalshi_leads_etf,0.0013725442476832503,0.2340884485753436,0.8149163135256141,0.8149163135256141,0.9925769836476713,12,1,11,7,3,22,0.5887966658096906,"Will Harris win 276-262 - PA, NV, MI, WI?"
KXECKH276,VGT,event,10min,3,3,kalshi_leads_etf,-0.005157004153531761,-0.5016058782945076,0.6159447836441803,0.8149163135256141,0.9925769836476713,12,1,11,7,3,22,0.5887966658096906,"Will Harris win 276-262 - PA, NV, MI, WI?"
KXECKH276,VDC,event,10min,3,-3,etf_leads_kalshi,0.0004376326187142249,0.09461523908453702,0.9246204451005732,0.9571207509798881,0.9593269010747666,12,1,11,7,3,22,0.532567360488065,"Will Harris win 276-262 - PA, NV, MI, WI?"
KXECKH276,VDC,event,10min,3,-2,etf_leads_kalshi,0.0009096932585036938,0.1100477397759327,0.9123715139384554,0.9571207509798881,0.9593269010747666,12,1,11,7,3,22,0.532567360488065,"Will Harris win 276-262 - PA, NV, MI, WI?"
KXECKH276,VDC,event,10min,3,-1,etf_leads_kalshi,0.0012349821630821582,0.11373620997131566,0.9094469073514827,0.9571207509798881,0.9593269010747666,12,1,11,7,3,22,0.532567360488065,"Will Harris win 276-262 - PA, NV, MI, WI?"
KXECKH276,VDC,event,10min,3,0,contemp,0.0008029640389360849,0.08189840007605356,0.9347275067213474,0.9571207509798881,0.9593269010747666,12,1,11,7,3,22,0.532567360488065,"Will Harris win 276-262 - PA, NV, MI, WI?"
KXECKH276,VDC,event,10min,3,1,kalshi_leads_etf,0.0010475632867844422,0.13918484627457245,0.8893040828651222,0.9571207509798881,0.9593269010747666,12,1,11,7,3,22,0.532567360488065,"Will Harris win 276-262 - PA, NV, MI, WI?"
KXECKH276,VDC,event,10min,3,2,kalshi_leads_etf,0.0005070560197716938,0.08820645911439277,0.9297125836990026,0.9571207509798881,0.9593269010747666,12,1,11,7,3,22,0.532567360488065,"Will Harris win 276-262 - PA, NV, MI, WI?"
KXECKH276,VDC,event,10min,3,3,kalshi_leads_etf,-0.0003260153327529692,-0.05376706360620871,0.9571207509798881,0.9571207509798881,0.9593269010747666,12,1,11,7,3,22,0.532567360488065,"Will Harris win 276-262 - PA, NV, MI, WI?"
KXECKH276,VAW,event,10min,3,-3,etf_leads_kalshi,-0.00019505156450214055,-0.010956168626370664,0.9912584170942998,0.9993199218757217,0.6953402018388455,12,1,11,7,3,22,0.4430827720119678,"Will Harris win 276-262 - PA, NV, MI, WI?"
KXECKH276,VAW,event,10min,3,-2,etf_leads_kalshi,2.1671928315936606e-05,0.0008523516308430164,0.9993199218757217,0.9993199218757217,0.6953402018388455,12,1,11,7,3,22,0.4430827720119678,"Will Harris win 276-262 - PA, NV, MI, WI?"
KXECKH276,VAW,event,10min,3,-1,etf_leads_kalshi,0.00014355974187694266,0.00952012923763861,0.9924041506035403,0.9993199218757217,0.6953402018388455,12,1,11,7,3,22,0.4430827720119678,"Will Harris win 276-262 - PA, NV, MI, WI?"
KXECKH276,VAW,event,10min,3,0,contemp,8.846696484055911e-05,0.0025552052051601454,0.9979612434356518,0.9993199218757217,0.6953402018388455,12,1,11,7,3,22,0.4430827720119678,"Will Harris win 276-262 - PA, NV, MI, WI?"
KXECKH276,VAW,event,10min,3,1,kalshi_leads_etf,8.04420473751144e-05,0.003783342428467361,0.9969813366894607,0.9993199218757217,0.6953402018388455,12,1,11,7,3,22,0.4430827720119678,"Will Harris win 276-262 - PA, NV, MI, WI?"
KXECKH276,VAW,event,10min,3,2,kalshi_leads_etf,0.00011465573932472025,0.013025843114698909,0.9896071747844325,0.9993199218757217,0.6953402018388455,12,1,11,7,3,22,0.4430827720119678,"Will Harris win 276-262 - PA, NV, MI, WI?"
KXECKH276,VAW,event,10min,3,3,kalshi_leads_etf,1.2524968639447166e-05,0.0011206304025217387,0.9991058664906056,0.9993199218757217,0.6953402018388455,12,1,11,7,3,22,0.4430827720119678,"Will Harris win 276-262 - PA, NV, MI, WI?"
KXECDJT281,VNQ,event,5min,5,-5,etf_leads_kalshi,-8.134749063822351e-05,-1.2901546538851216,0.19699696693174262,0.30956666232130986,0.2691111444832326,60,3,14,37,0,108,0.4303337624527567,"Will Trump win 281-257 - AZ, GA, NC, PA?"
KXECDJT281,VNQ,event,5min,5,-4,etf_leads_kalshi,-0.00010200198622398337,-2.3040195868998397,0.021221544105220612,0.05835924628935668,0.2691111444832326,60,3,14,37,0,108,0.4303337624527567,"Will Trump win 281-257 - AZ, GA, NC, PA?"
KXECDJT281,VNQ,event,5min,5,-3,etf_leads_kalshi,-0.00011003869294706909,-3.8788011722029307,0.00010497250767008648,0.0011546975843709513,0.2691111444832326,60,3,14,37,0,108,0.4303337624527567,"Will Trump win 281-257 - AZ, GA, NC, PA?"
KXECDJT281,VNQ,event,5min,5,-2,etf_leads_kalshi,-0.0001962471713370915,-1.3276166387060868,0.18430478499361846,0.30956666232130986,0.2691111444832326,60,3,14,37,0,108,0.4303337624527567,"Will Trump win 281-257 - AZ, GA, NC, PA?"
KXECDJT281,VNQ,event,5min,5,-1,etf_leads_kalshi,0.00018443233298377304,1.1036250461416564,0.26975582183785685,0.32970942547266313,0.2691111444832326,60,3,14,37,0,108,0.4303337624527567,"Will Trump win 281-257 - AZ, GA, NC, PA?"
KXECDJT281,VNQ,event,5min,5,0,contemp,5.838248366348727e-05,1.1036102171201987,0.2697622572049062,0.32970942547266313,0.2691111444832326,60,3,14,37,0,108,0.4303337624527567,"Will Trump win 281-257 - AZ, GA, NC, PA?"
KXECDJT281,VNQ,event,5min,5,1,kalshi_leads_etf,0.0002788109150534067,3.3146835464547624,0.0009174692477115825,0.0033640539082758028,0.2691111444832326,60,3,14,37,0,108,0.4303337624527567,"Will Trump win 281-257 - AZ, GA, NC, PA?"
KXECDJT281,VNQ,event,5min,5,2,kalshi_leads_etf,0.00035009588697217125,1.6389275707535993,0.10122834494709608,0.2227023588836114,0.2691111444832326,60,3,14,37,0,108,0.4303337624527567,"Will Trump win 281-257 - AZ, GA, NC, PA?"
KXECDJT281,VNQ,event,5min,5,3,kalshi_leads_etf,0.00020580426236757428,0.6632997530488441,0.5071385947080036,0.5071385947080036,0.2691111444832326,60,3,14,37,0,108,0.4303337624527567,"Will Trump win 281-257 - AZ, GA, NC, PA?"
KXECDJT281,VNQ,event,5min,5,4,kalshi_leads_etf,8.415659854134909e-05,3.6846004942778374,0.00022906163796913102,0.0012598390088302206,0.2691111444832326,60,3,14,37,0,108,0.4303337624527567,"Will Trump win 281-257 - AZ, GA, NC, PA?"
KXECDJT281,VNQ,event,5min,5,5,kalshi_leads_etf,0.00011074519254346123,0.716425257706011,0.4737288035898598,0.5071385947080036,0.2691111444832326,60,3,14,37,0,108,0.4303337624527567,"Will Trump win 281-257 - AZ, GA, NC, PA?"
FEDDECISION-24SEP-C25,VOX,event,2min,8,-8,etf_leads_kalshi,2.112833040313063e-05,0.28834591436706664,0.7730819642872628,0.8534855354009436,0.15846903544063085,322,8,25,207,0,477,0.4259019059689291,Will the Federal Reserve Cut rates by 25bps at their September 2024 meeting?
FEDDECISION-24SEP-C25,VOX,event,2min,8,-7,etf_leads_kalshi,-3.18914433613746e-06,-0.2750250186832535,0.7832970170736401,0.8534855354009436,0.15846903544063085,322,8,25,207,0,477,0.4259019059689291,Will the Federal Reserve Cut rates by 25bps at their September 2024 meeting?
FEDDECISION-24SEP-C25,VOX,event,2min,8,-6,etf_leads_kalshi,2.330620495724788e-05,0.339753908226845,0.7340418610751174,0.8534855354009436,0.15846903544063085,322,8,25,207,0,477,0.4259019059689291,Will the Federal Reserve Cut rates by 25bps at their September 2024 meeting?
FEDDECISION-24SEP-C25,VOX,event,2min,8,-5,etf_leads_kalshi,-1.8445261103902758e-05,-0.372634636555834,0.7094203903256302,0.8534855354009436,0.15846903544063085,322,8,25,207,0,477,0.4259019059689291,Will the Federal Reserve Cut rates by 25bps at their September 2024 meeting?
FEDDECISION-24SEP-C25,VOX,event,2min,8,-4,etf_leads_kalshi,6.425014183827144e-05,1.1114638352558217,0.2663687483985657,0.8534855354009436,0.15846903544063085,322,8,25,207,0,477,0.4259019059689291,Will the Federal Reserve Cut rates by 25bps at their September 2024 meeting?
FEDDECISION-24SEP-C25,VOX,event,2min,8,-3,etf_leads_kalshi,0.00011947067541903661,0.9720927926616004,0.33100438738258875,0.8534855354009436,0.15846903544063085,322,8,25,207,0,477,0.4259019059689291,Will the Federal Reserve Cut rates by 25bps at their September 2024 meeting?
FEDDECISION-24SEP-C25,VOX,event,2min,8,-2,etf_leads_kalshi,0.0001231099401071077,1.7605618406777646,0.07831259204709032,0.6656570324002677,0.15846903544063085,322,8,25,207,0,477,0.4259019059689291,Will the Federal Reserve Cut rates by 25bps at their September 2024 meeting?
FEDDECISION-24SEP-C25,VOX,event,2min,8,-1,etf_leads_kalshi,-5.6629181844789595e-05,-1.2121438784193417,0.2254573099192726,0.8534855354009436,0.15846903544063085,322,8,25,207,0,477,0.4259019059689291,Will the Federal Reserve Cut rates by 25bps at their September 2024 meeting?
FEDDECISION-24SEP-C25,VOX,event,2min,8,0,contemp,-3.901450109961844e-05,-0.8126531530839792,0.4164169475167201,0.8534855354009436,0.15846903544063085,322,8,25,207,0,477,0.4259019059689291,Will the Federal Reserve Cut rates by 25bps at their September 2024 meeting?
FEDDECISION-24SEP-C25,VOX,event,2min,8,1,kalshi_leads_etf,3.871827792037795e-05,0.877443425389101,0.3802458350582505,0.8534855354009436,0.15846903544063085,322,8,25,207,0,477,0.4259019059689291,Will the Federal Reserve Cut rates by 25bps at their September 2024 meeting?
FEDDECISION-24SEP-C25,VOX,event,2min,8,2,kalshi_leads_etf,-8.82935327395135e-06,-0.2814968843112457,0.7783293174717252,0.8534855354009436,0.15846903544063085,322,8,25,207,0,477,0.4259019059689291,Will the Federal Reserve Cut rates by 25bps at their September 2024 meeting?
FEDDECISION-24SEP-C25,VOX,event,2min,8,3,kalshi_leads_etf,-3.671329274484538e-05,-2.006698579902485,0.04478176733434272,0.6656570324002677,0.15846903544063085,322,8,25,207,0,477,0.4259019059689291,Will the Federal Reserve Cut rates by 25bps at their September 2024 meeting?
FEDDECISION-24SEP-C25,VOX,event,2min,8,4,kalshi_leads_etf,-1.2246020186630812e-05,-0.24319625911653814,0.8078533646790064,0.8534855354009436,0.15846903544063085,322,8,25,207,0,477,0.4259019059689291,Will the Federal Reserve Cut rates by 25bps at their September 2024 meeting?
FEDDECISION-24SEP-C25,VOX,event,2min,8,5,kalshi_leads_etf,4.217851951868383e-06,0.1846729864476912,0.8534855354009436,0.8534855354009436,0.15846903544063085,322,8,25,207,0,477,0.4259019059689291,Will the Federal Reserve Cut rates by 25bps at their September 2024 meeting?
FEDDECISION-24SEP-C25,VOX,event,2min,8,6,kalshi_leads_etf,-1.7626781845897256e-05,-1.4239098163369548,0.15447257984384719,0.8534855354009436,0.15846903544063085,322,8,25,207,0,477,0.4259019059689291,Will the Federal Reserve Cut rates by 25bps at their September 2024 meeting?
FEDDECISION-24SEP-C25,VOX,event,2min,8,7,kalshi_leads_etf,-1.733405895810385e-05,-0.3759187793955764,0.7069772788542021,0.8534855354009436,0.15846903544063085,322,8,25,207,0,477,0.4259019059689291,Will the Federal Reserve Cut rates by 25bps at their September 2024 meeting?
FEDDECISION-24SEP-C25,VOX,event,2min,8,8,kalshi_leads_etf,8.762408257270926e-06,0.19041497840901145,0.8489839613219149,0.8534855354009436,0.15846903544063085,322,8,25,207,0,477,0.4259019059689291,Will the Federal Reserve Cut rates by 25bps at their September 2024 meeting?
FEDDECISION-24SEP-C25,VPU,event,2min,8,-8,etf_leads_kalshi,3.503183268299848e-05,0.7943859834135009,0.4269707615441263,0.7258502946250146,0.15395404212803465,322,8,25,207,0,477,0.4196610274034253,Will the Federal Reserve Cut rates by 25bps at their September 2024 meeting?
FEDDECISION-24SEP-C25,VPU,event,2min,8,-7,etf_leads_kalshi,-3.6244702793220816e-05,-1.0935557717863935,0.2741498558835659,0.6978787890327496,0.15395404212803465,322,8,25,207,0,477,0.4196610274034253,Will the Federal Reserve Cut rates by 25bps at their September 2024 meeting?
FEDDECISION-24SEP-C25,VPU,event,2min,8,-6,etf_leads_kalshi,4.726668798070496e-05,1.1604821869494535,0.24585254207083196,0.6978787890327496,0.15395404212803465,322,8,25,207,0,477,0.4196610274034253,Will the Federal Reserve Cut rates by 25bps at their September 2024 meeting?
FEDDECISION-24SEP-C25,VPU,event,2min,8,-5,etf_leads_kalshi,-2.1024303495172116e-05,-0.8974754996323338,0.36946524125263214,0.6978787890327496,0.15395404212803465,322,8,25,207,0,477,0.4196610274034253,Will the Federal Reserve Cut rates by 25bps at their September 2024 meeting?
FEDDECISION-24SEP-C25,VPU,event,2min,8,-4,etf_leads_kalshi,3.475122191543204e-05,0.9128898962826164,0.36130045195352734,0.6978787890327496,0.15395404212803465,322,8,25,207,0,477,0.4196610274034253,Will the Federal Reserve Cut rates by 25bps at their September 2024 meeting?
FEDDECISION-24SEP-C25,VPU,event,2min,8,-3,etf_leads_kalshi,0.0001270799767355551,2.1049632154476567,0.03529451018129419,0.6000066730820012,0.15395404212803465,322,8,25,207,0,477,0.4196610274034253,Will the Federal Reserve Cut rates by 25bps at their September 2024 meeting?
FEDDECISION-24SEP-C25,VPU,event,2min,8,-2,etf_leads_kalshi,9.975021811043156e-05,1.7752214656671457,0.07586132673314935,0.6448212772317695,0.15395404212803465,322,8,25,207,0,477,0.4196610274034253,Will the Federal Reserve Cut rates by 25bps at their September 2024 meeting?
FEDDECISION-24SEP-C25,VPU,event,2min,8,-1,etf_leads_kalshi,-4.625100165620816e-05,-0.9560239039755454,0.3390601578358735,0.6978787890327496,0.15395404212803465,322,8,25,207,0,477,0.4196610274034253,Will the Federal Reserve Cut rates by 25bps at their September 2024 meeting?
FEDDECISION-24SEP-C25,VPU,event,2min,8,0,contemp,-3.173929846221365e-05,-0.507953396845014,0.6114860262673338,0.8786172885996694,0.15395404212803465,322,8,25,207,0,477,0.4196610274034253,Will the Federal Reserve Cut rates by 25bps at their September 2024 meeting?
FEDDECISION-24SEP-C25,VPU,event,2min,8,1,kalshi_leads_etf,-3.994676781882975e-05,-1.0758118935352232,0.2820113920149503,0.6978787890327496,0.15395404212803465,322,8,25,207,0,477,0.4196610274034253,Will the Federal Reserve Cut rates by 25bps at their September 2024 meeting?
FEDDECISION-24SEP-C25,VPU,event,2min,8,2,kalshi_leads_etf,-6.935881248880051e-06,-0.3148505666202009,0.7528751161344361,0.8887067827293524,0.15395404212803465,322,8,25,207,0,477,0.4196610274034253,Will the Federal Reserve Cut rates by 25bps at their September 2024 meeting?
FEDDECISION-24SEP-C25,VPU,event,2min,8,3,kalshi_leads_etf,3.0586023244183942e-06,0.1399407771914738,0.8887067827293524,0.8887067827293524,0.15395404212803465,322,8,25,207,0,477,0.4196610274034253,Will the Federal Reserve Cut rates by 25bps at their September 2024 meeting?
FEDDECISION-24SEP-C25,VPU,event,2min,8,4,kalshi_leads_etf,-7.217283262599123e-06,-0.4235640076817163,0.6718838089291589,0.8786172885996694,0.15395404212803465,322,8,25,207,0,477,0.4196610274034253,Will the Federal Reserve Cut rates by 25bps at their September 2024 meeting?
FEDDECISION-24SEP-C25,VPU,event,2min,8,5,kalshi_leads_etf,-7.041774360440651e-06,-0.248808792468698,0.8035086895436949,0.8887067827293524,0.15395404212803465,322,8,25,207,0,477,0.4196610274034253,Will the Federal Reserve Cut rates by 25bps at their September 2024 meeting?
FEDDECISION-24SEP-C25,VPU,event,2min,8,6,kalshi_leads_etf,2.3998928617548386e-05,1.2007970084133528,0.22982995261143135,0.6978787890327496,0.15395404212803465,322,8,25,207,0,477,0.4196610274034253,Will the Federal Reserve Cut rates by 25bps at their September 2024 meeting?
FEDDECISION-24SEP-C25,VPU,event,2min,8,7,kalshi_leads_etf,-2.110378589639949e-05,-0.4843415269587859,0.6281435090307526,0.8786172885996694,0.15395404212803465,322,8,25,207,0,477,0.4196610274034253,Will the Federal Reserve Cut rates by 25bps at their September 2024 meeting?
FEDDECISION-24SEP-C25,VPU,event,2min,8,8,kalshi_leads_etf,-3.672118890989664e-06,-0.15046833169046347,0.8803951339073668,0.8887067827293524,0.15395404212803465,322,8,25,207,0,477,0.4196610274034253,Will the Federal Reserve Cut rates by 25bps at their September 2024 meeting?
KXECDJT281,VOX,event,5min,5,-5,etf_leads_kalshi,-1.7982798515874246e-06,-0.019829824508144658,0.9841791260407742,0.9841791260407742,0.5903160579469937,60,3,14,37,0,108,0.3259960474534679,"Will Trump win 281-257 - AZ, GA, NC, PA?"
KXECDJT281,VOX,event,5min,5,-4,etf_leads_kalshi,-2.902009070377144e-05,-0.6715947105614732,0.5018417465549223,0.7886084588720208,0.5903160579469937,60,3,14,37,0,108,0.3259960474534679,"Will Trump win 281-257 - AZ, GA, NC, PA?"
KXECDJT281,VOX,event,5min,5,-3,etf_leads_kalshi,-1.257284546784641e-05,-0.10500240367654104,0.9163739014075274,0.9841791260407742,0.5903160579469937,60,3,14,37,0,108,0.3259960474534679,"Will Trump win 281-257 - AZ, GA, NC, PA?"
KXECDJT281,VOX,event,5min,5,-2,etf_leads_kalshi,-1.6911677378260835e-05,-0.28107445124551655,0.778653296516473,0.9516873624090224,0.5903160579469937,60,3,14,37,0,108,0.3259960474534679,"Will Trump win 281-257 - AZ, GA, NC, PA?"
KXECDJT281,VOX,event,5min,5,-1,etf_leads_kalshi,0.00019155695628676126,2.3074442392436816,0.021030067397734734,0.11566537068754103,0.5903160579469937,60,3,14,37,0,108,0.3259960474534679,"Will Trump win 281-257 - AZ, GA, NC, PA?"
KXECDJT281,VOX,event,5min,5,0,contemp,1.992236137703752e-05,1.4380362525684718,0.1504237682767146,0.5515538170146203,0.5903160579469937,60,3,14,37,0,108,0.3259960474534679,"Will Trump win 281-257 - AZ, GA, NC, PA?"
KXECDJT281,VOX,event,5min,5,1,kalshi_leads_etf,5.993617637550707e-05,0.6749000571266948,0.4997392642276912,0.7886084588720208,0.5903160579469937,60,3,14,37,0,108,0.3259960474534679,"Will Trump win 281-257 - AZ, GA, NC, PA?"
KXECDJT281,VOX,event,5min,5,2,kalshi_leads_etf,0.0002670014306361212,2.892090261338891,0.003826879859498444,0.04209567845448288,0.5903160579469937,60,3,14,37,0,108,0.3259960474534679,"Will Trump win 281-257 - AZ, GA, NC, PA?"
KXECDJT281,VOX,event,5min,5,3,kalshi_leads_etf,2.8388199908738587e-05,0.4649604002263914,0.6419598151494432,0.8826947458304845,0.5903160579469937,60,3,14,37,0,108,0.3259960474534679,"Will Trump win 281-257 - AZ, GA, NC, PA?"
KXECDJT281,VOX,event,5min,5,4,kalshi_leads_etf,7.273816876037528e-05,0.6751700562073419,0.49956772859156917,0.7886084588720208,0.5903160579469937,60,3,14,37,0,108,0.3259960474534679,"Will Trump win 281-257 - AZ, GA, NC, PA?"
KXECDJT281,VOX,event,5min,5,5,kalshi_leads_etf,0.0001269862694616009,1.198867383692663,0.23057951599664617,0.6340936689907769,0.5903160579469937,60,3,14,37,0,108,0.3259960474534679,"Will Trump win 281-257 - AZ, GA, NC, PA?"
KXECDJT306,VDC,event,10min,4,-4,etf_leads_kalshi,-0.00016411707142812877,,,,1.0,13,2,14,12,3,37,0.3214474527210765,"Will Trump win 306-232 - AZ, GA, MI, PA, WI, NC?"
KXECDJT306,VDC,event,10min,4,-3,etf_leads_kalshi,-0.000396185346064587,,,,1.0,13,2,14,12,3,37,0.3214474527210765,"Will Trump win 306-232 - AZ, GA, MI, PA, WI, NC?"
KXECDJT306,VDC,event,10min,4,-2,etf_leads_kalshi,-0.0003346873635577037,,,,1.0,13,2,14,12,3,37,0.3214474527210765,"Will Trump win 306-232 - AZ, GA, MI, PA, WI, NC?"
KXECDJT306,VDC,event,10min,4,-1,etf_leads_kalshi,-0.00034961745704624453,,,,1.0,13,2,14,12,3,37,0.3214474527210765,"Will Trump win 306-232 - AZ, GA, MI, PA, WI, NC?"
KXECDJT306,VDC,event,10min,4,0,contemp,-0.0004264504817711494,,,,1.0,13,2,14,12,3,37,0.3214474527210765,"Will Trump win 306-232 - AZ, GA, MI, PA, WI, NC?"
KXECDJT306,VDC,event,10min,4,1,kalshi_leads_etf,-0.00048274337213522205,,,,1.0,13,2,14,12,3,37,0.3214474527210765,"Will Trump win 306-232 - AZ, GA, MI, PA, WI, NC?"
KXECDJT306,VDC,event,10min,4,2,kalshi_leads_etf,0.00012070840501739756,,,,1.0,13,2,14,12,3,37,0.3214474527210765,"Will Trump win 306-232 - AZ, GA, MI, PA, WI, NC?"
KXECDJT306,VDC,event,10min,4,3,kalshi_leads_etf,-0.0007223063683264266,,,,1.0,13,2,14,12,3,37,0.3214474527210765,"Will Trump win 306-232 - AZ, GA, MI, PA, WI, NC?"
KXECDJT306,VDC,event,10min,4,4,kalshi_leads_etf,7.838438684713322e-06,,,,1.0,13,2,14,12,3,37,0.3214474527210765,"Will Trump win 306-232 - AZ, GA, MI, PA, WI, NC?"
KXECDJT281,VGT,event,5min,5,-5,etf_leads_kalshi,-6.253607555692676e-05,-1.2727332853320403,0.2031127020286142,0.558559930578689,0.36341642301858024,60,3,14,37,0,108,0.3150074068770069,"Will Trump win 281-257 - AZ, GA, NC, PA?"
KXECDJT281,VGT,event,5min,5,-4,etf_leads_kalshi,2.9568397456189568e-05,0.46093051264434104,0.6448484596125774,0.7881481173042613,0.36341642301858024,60,3,14,37,0,108,0.3150074068770069,"Will Trump win 281-257 - AZ, GA, NC, PA?"
KXECDJT281,VGT,event,5min,5,-3,etf_leads_kalshi,-4.55179447667623e-06,-0.07665817674074472,0.9388954767164068,0.9388954767164068,0.36341642301858024,60,3,14,37,0,108,0.3150074068770069,"Will Trump win 281-257 - AZ, GA, NC, PA?"
KXECDJT281,VGT,event,5min,5,-2,etf_leads_kalshi,-3.390707248280424e-05,-0.6995247276538895,0.4842241651326059,0.7881481173042613,0.36341642301858024,60,3,14,37,0,108,0.3150074068770069,"Will Trump win 281-257 - AZ, GA, NC, PA?"
KXECDJT281,VGT,event,5min,5,-1,etf_leads_kalshi,-7.498384882131564e-05,-3.084208485085249,0.002040945164822884,0.007483465604350575,0.36341642301858024,60,3,14,37,0,108,0.3150074068770069,"Will Trump win 281-257 - AZ, GA, NC, PA?"
KXECDJT281,VGT,event,5min,5,0,contemp,-0.00023996728152010993,-4.6403546423280195,3.47811757587863e-06,3.825929333466493e-05,0.36341642301858024,60,3,14,37,0,108,0.3150074068770069,"Will Trump win 281-257 - AZ, GA, NC, PA?"
KXECDJT281,VGT,event,5min,5,1,kalshi_leads_etf,-0.00011826917542085434,-0.5874613533407037,0.5568938986623496,0.7881481173042613,0.36341642301858024,60,3,14,37,0,108,0.3150074068770069,"Will Trump win 281-257 - AZ, GA, NC, PA?"
KXECDJT281,VGT,event,5min,5,2,kalshi_leads_etf,5.1484196334036076e-05,0.7091577326825118,0.47822659961049585,0.7881481173042613,0.36341642301858024,60,3,14,37,0,108,0.3150074068770069,"Will Trump win 281-257 - AZ, GA, NC, PA?"
KXECDJT281,VGT,event,5min,5,3,kalshi_leads_etf,1.0341285024617743e-05,0.10004553808808882,0.9203081726081229,0.9388954767164068,0.36341642301858024,60,3,14,37,0,108,0.3150074068770069,"Will Trump win 281-257 - AZ, GA, NC, PA?"
KXECDJT281,VGT,event,5min,5,4,kalshi_leads_etf,5.2505425705048984e-05,0.5071479529308314,0.6120510108000883,0.7881481173042613,0.36341642301858024,60,3,14,37,0,108,0.3150074068770069,"Will Trump win 281-257 - AZ, GA, NC, PA?"
KXECDJT281,VGT,event,5min,5,5,kalshi_leads_etf,0.00017016982621992954,4.301475780270507,1.696643214026592e-05,9.331537677146256e-05,0.36341642301858024,60,3,14,37,0,108,0.3150074068770069,"Will Trump win 281-257 - AZ, GA, NC, PA?"
KXECDJT312,VAW,event,10min,5,-5,etf_leads_kalshi,2.0433006277283403e-05,1.313223950232953,0.18910749585041953,0.5200456135886536,0.7048404910952375,28,4,15,22,0,78,0.3098810916918901,Will Trump win 312-226 - swing state sweep?
KXECDJT312,VAW,event,10min,5,-4,etf_leads_kalshi,-0.00011703087769935744,-0.33714113312389554,0.7360105109157168,0.8096115620072885,0.7048404910952375,28,4,15,22,0,78,0.3098810916918901,Will Trump win 312-226 - swing state sweep?
KXECDJT312,VAW,event,10min,5,-3,etf_leads_kalshi,-0.00011558912216867978,-0.15671731584572204,0.875467639641775,0.875467639641775,0.7048404910952375,28,4,15,22,0,78,0.3098810916918901,Will Trump win 312-226 - swing state sweep?
KXECDJT312,VAW,event,10min,5,-2,etf_leads_kalshi,-0.0008196502778384175,-0.7509460702429299,0.4526851126132453,0.5848168138203237,0.7048404910952375,28,4,15,22,0,78,0.3098810916918901,Will Trump win 312-226 - swing state sweep?
KXECDJT312,VAW,event,10min,5,-1,etf_leads_kalshi,-0.0008719070843199696,-0.8165183025488083,0.41420375990051694,0.5848168138203237,0.7048404910952375,28,4,15,22,0,78,0.3098810916918901,Will Trump win 312-226 - swing state sweep?
KXECDJT312,VAW,event,10min,5,0,contemp,-0.0009697569585131767,-0.8112822167141848,0.4172036200972693,0.5848168138203237,0.7048404910952375,28,4,15,22,0,78,0.3098810916918901,Will Trump win 312-226 - swing state sweep?
KXECDJT312,VAW,event,10min,5,1,kalshi_leads_etf,-0.001336911021406734,-1.4772694746583797,0.1396034170985146,0.5200456135886536,0.7048404910952375,28,4,15,22,0,78,0.3098810916918901,Will Trump win 312-226 - swing state sweep?
KXECDJT312,VAW,event,10min,5,2,kalshi_leads_etf,-0.0009333465899605944,-0.7087389583265683,0.4784864840348103,0.5848168138203237,0.7048404910952375,28,4,15,22,0,78,0.3098810916918901,Will Trump win 312-226 - swing state sweep?
KXECDJT312,VAW,event,10min,5,3,kalshi_leads_etf,-0.0015878194903316436,-1.126138872973732,0.26010674223662555,0.5722348329205762,0.7048404910952375,28,4,15,22,0,78,0.3098810916918901,Will Trump win 312-226 - swing state sweep?
KXECDJT312,VAW,event,10min,5,4,kalshi_leads_etf,-0.0019162287179521206,-2.166313436658107,0.030287243639706453,0.333159680036771,0.7048404910952375,28,4,15,22,0,78,0.3098810916918901,Will Trump win 312-226 - swing state sweep?
KXECDJT312,VAW,event,10min,5,5,kalshi_leads_etf,-0.000604283369690367,-1.4028101187250677,0.16067346880163147,0.5200456135886536,0.7048404910952375,28,4,15,22,0,78,0.3098810916918901,Will Trump win 312-226 - swing state sweep?
KXECDJT281,VCR,event,5min,5,-5,etf_leads_kalshi,-0.00011268142249629723,-3.27968215403075,0.0010392409753300837,0.011431650728630921,0.2601578072367391,60,3,14,37,0,108,0.2842956735630119,"Will Trump win 281-257 - AZ, GA, NC, PA?"
KXECDJT281,VCR,event,5min,5,-4,etf_leads_kalshi,1.5738700392345616e-05,0.26949516605915597,0.7875486615922274,0.8663035277514501,0.2601578072367391,60,3,14,37,0,108,0.2842956735630119,"Will Trump win 281-257 - AZ, GA, NC, PA?"
KXECDJT281,VCR,event,5min,5,-3,etf_leads_kalshi,-3.095213182469944e-05,-0.2798831185444399,0.7795671792791494,0.8663035277514501,0.2601578072367391,60,3,14,37,0,108,0.2842956735630119,"Will Trump win 281-257 - AZ, GA, NC, PA?"
KXECDJT281,VCR,event,5min,5,-2,etf_leads_kalshi,2.895211049528935e-05,0.12192123431070409,0.9029613985346466,0.9029613985346466,0.2601578072367391,60,3,14,37,0,108,0.2842956735630119,"Will Trump win 281-257 - AZ, GA, NC, PA?"
KXECDJT281,VCR,event,5min,5,-1,etf_leads_kalshi,0.00011760396831637984,1.0064581296582724,0.3141952431471078,0.5760246124363643,0.2601578072367391,60,3,14,37,0,108,0.2842956735630119,"Will Trump win 281-257 - AZ, GA, NC, PA?"
KXECDJT281,VCR,event,5min,5,0,contemp,-5.9187342576041435e-05,-0.41820245476566476,0.6757991011612609,0.8663035277514501,0.2601578072367391,60,3,14,37,0,108,0.2842956735630119,"Will Trump win 281-257 - AZ, GA, NC, PA?"
KXECDJT281,VCR,event,5min,5,1,kalshi_leads_etf,-4.8102626228874815e-05,-1.0528740338889546,0.29239872822204105,0.5760246124363643,0.2601578072367391,60,3,14,37,0,108,0.2842956735630119,"Will Trump win 281-257 - AZ, GA, NC, PA?"
KXECDJT281,VCR,event,5min,5,2,kalshi_leads_etf,3.158990471638969e-05,0.5190753150889912,0.6037082215106038,0.8663035277514501,0.2601578072367391,60,3,14,37,0,108,0.2842956735630119,"Will Trump win 281-257 - AZ, GA, NC, PA?"
KXECDJT281,VCR,event,5min,5,3,kalshi_leads_etf,-0.0001859075977975793,-1.4690293889059096,0.1418248181129887,0.43852343593796805,0.2601578072367391,60,3,14,37,0,108,0.2842956735630119,"Will Trump win 281-257 - AZ, GA, NC, PA?"
KXECDJT281,VCR,event,5min,5,4,kalshi_leads_etf,-5.164628247039641e-05,-1.4068796879277863,0.15946306761380658,0.43852343593796805,0.2601578072367391,60,3,14,37,0,108,0.2842956735630119,"Will Trump win 281-257 - AZ, GA, NC, PA?"
KXECDJT281,VCR,event,5min,5,5,kalshi_leads_etf,0.00012981420035296248,1.5158188725314121,0.1295651585841507,0.43852343593796805,0.2601578072367391,60,3,14,37,0,108,0.2842956735630119,"Will Trump win 281-257 - AZ, GA, NC, PA?"
KXFEDDECISION-24DEC-C25,VFH,event,5min,10,-10,etf_leads_kalshi,4.6485556817476025e-05,0.7317790019423329,0.46430346746002793,0.84542463860047,0.13149588399038992,253,19,40,148,0,813,0.2706214856006831,Will the Federal Reserve Cut rates by 25bps at their December 2024 meeting?
KXFEDDECISION-24DEC-C25,VFH,event,5min,10,-9,etf_leads_kalshi,1.0968610338819053e-05,0.15540789284145776,0.8764997621761197,0.9842065122875661,0.13149588399038992,253,19,40,148,0,813,0.2706214856006831,Will the Federal Reserve Cut rates by 25bps at their December 2024 meeting?
KXFEDDECISION-24DEC-C25,VFH,event,5min,10,-8,etf_leads_kalshi,-3.735751261821483e-05,-0.6093814393662872,0.5422716375789022,0.84542463860047,0.13149588399038992,253,19,40,148,0,813,0.2706214856006831,Will the Federal Reserve Cut rates by 25bps at their December 2024 meeting?
KXFEDDECISION-24DEC-C25,VFH,event,5min,10,-7,etf_leads_kalshi,0.00017577476758476386,1.457846671846077,0.14488281053174942,0.6085078042333476,0.13149588399038992,253,19,40,148,0,813,0.2706214856006831,Will the Federal Reserve Cut rates by 25bps at their December 2024 meeting?
KXFEDDECISION-24DEC-C25,VFH,event,5min,10,-6,etf_leads_kalshi,0.00013880623837445806,1.6227385616612697,0.10464530432985085,0.6085078042333476,0.13149588399038992,253,19,40,148,0,813,0.2706214856006831,Will the Federal Reserve Cut rates by 25bps at their December 2024 meeting?
KXFEDDECISION-24DEC-C25,VFH,event,5min,10,-5,etf_leads_kalshi,9.928797846810319e-05,0.5619279274007929,0.5741651250902855,0.84542463860047,0.13149588399038992,253,19,40,148,0,813,0.2706214856006831,Will the Federal Reserve Cut rates by 25bps at their December 2024 meeting?
KXFEDDECISION-24DEC-C25,VFH,event,5min,10,-4,etf_leads_kalshi,2.7571105699213126e-05,0.22143888544055015,0.824750717641282,0.9842065122875661,0.13149588399038992,253,19,40,148,0,813,0.2706214856006831,Will the Federal Reserve Cut rates by 25bps at their December 2024 meeting?
KXFEDDECISION-24DEC-C25,VFH,event,5min,10,-3,etf_leads_kalshi,-8.446119146451956e-05,-0.406971165356283,0.6840291662936959,0.8977882807604759,0.13149588399038992,253,19,40,148,0,813,0.2706214856006831,Will the Federal Reserve Cut rates by 25bps at their December 2024 meeting?
KXFEDDECISION-24DEC-C25,VFH,event,5min,10,-2,etf_leads_kalshi,-5.917027450736254e-05,-0.5816884479647414,0.5607765541019454,0.84542463860047,0.13149588399038992,253,19,40,148,0,813,0.2706214856006831,Will the Federal Reserve Cut rates by 25bps at their December 2024 meeting?
KXFEDDECISION-24DEC-C25,VFH,event,5min,10,-1,etf_leads_kalshi,-0.00011337209093919506,-1.459648800001148,0.14438662005667338,0.6085078042333476,0.13149588399038992,253,19,40,148,0,813,0.2706214856006831,Will the Federal Reserve Cut rates by 25bps at their December 2024 meeting?
KXFEDDECISION-24DEC-C25,VFH,event,5min,10,0,contemp,6.977283385480973e-05,0.6812116517142073,0.4957375763865003,0.84542463860047,0.13149588399038992,253,19,40,148,0,813,0.2706214856006831,Will the Federal Reserve Cut rates by 25bps at their December 2024 meeting?
KXFEDDECISION-24DEC-C25,VFH,event,5min,10,1,kalshi_leads_etf,0.00019791489741582987,3.0434314946623036,0.0023389668850336697,0.04911830458570707,0.13149588399038992,253,19,40,148,0,813,0.2706214856006831,Will the Federal Reserve Cut rates by 25bps at their December 2024 meeting?
KXFEDDECISION-24DEC-C25,VFH,event,5min,10,2,kalshi_leads_etf,7.51732590528144e-05,0.8804345857856606,0.3786239273089831,0.84542463860047,0.13149588399038992,253,19,40,148,0,813,0.2706214856006831,Will the Federal Reserve Cut rates by 25bps at their December 2024 meeting?
KXFEDDECISION-24DEC-C25,VFH,event,5min,10,3,kalshi_leads_etf,9.159038503981304e-05,0.7556961805927914,0.44983137456415845,0.84542463860047,0.13149588399038992,253,19,40,148,0,813,0.2706214856006831,Will the Federal Reserve Cut rates by 25bps at their December 2024 meeting?
KXFEDDECISION-24DEC-C25,VFH,event,5min,10,4,kalshi_leads_etf,1.7084498953370912e-06,0.019795494200497133,0.9842065122875661,0.9842065122875661,0.13149588399038992,253,19,40,148,0,813,0.2706214856006831,Will the Federal Reserve Cut rates by 25bps at their December 2024 meeting?
KXFEDDECISION-24DEC-C25,VFH,event,5min,10,5,kalshi_leads_etf,-5.9489537817146225e-05,-1.7809813073091663,0.07491550451082316,0.6085078042333476,0.13149588399038992,253,19,40,148,0,813,0.2706214856006831,Will the Federal Reserve Cut rates by 25bps at their December 2024 meeting?
KXFEDDECISION-24DEC-C25,VFH,event,5min,10,6,kalshi_leads_etf,-6.02331983998456e-06,-0.07204923271009137,0.9425627275900769,0.9842065122875661,0.13149588399038992,253,19,40,148,0,813,0.2706214856006831,Will the Federal Reserve Cut rates by 25bps at their December 2024 meeting?
KXFEDDECISION-24DEC-C25,VFH,event,5min,10,7,kalshi_leads_etf,4.1882197556252644e-05,0.9640596471821196,0.33501602227425287,0.84542463860047,0.13149588399038992,253,19,40,148,0,813,0.2706214856006831,Will the Federal Reserve Cut rates by 25bps at their December 2024 meeting?
KXFEDDECISION-24DEC-C25,VFH,event,5min,10,8,kalshi_leads_etf,-6.22717974026348e-05,-1.2202719887750697,0.22236178477910817,0.7782662467268786,0.13149588399038992,253,19,40,148,0,813,0.2706214856006831,Will the Federal Reserve Cut rates by 25bps at their December 2024 meeting?
KXFEDDECISION-24DEC-C25,VFH,event,5min,10,9,kalshi_leads_etf,-3.913456620648376e-06,-0.08263276397401238,0.9341435484707387,0.9842065122875661,0.13149588399038992,253,19,40,148,0,813,0.2706214856006831,Will the Federal Reserve Cut rates by 25bps at their December 2024 meeting?
KXFEDDECISION-24DEC-C25,VFH,event,5min,10,10,kalshi_leads_etf,1.9172309897265227e-05,0.5188365293919941,0.6038747418574786,0.84542463860047,0.13149588399038992,253,19,40,148,0,813,0.2706214856006831,Will the Federal Reserve Cut rates by 25bps at their December 2024 meeting?
KXFEDDECISION-24DEC-C25,VIS,event,5min,10,-10,etf_leads_kalshi,-9.809325271668633e-05,-1.4807782113886594,0.1386656844943592,0.41599705348307764,0.15629196913257914,253,19,40,148,0,813,0.1537791226116408,Will the Federal Reserve Cut rates by 25bps at their December 2024 meeting?
KXFEDDECISION-24DEC-C25,VIS,event,5min,10,-9,etf_leads_kalshi,-7.580197157948528e-05,-1.827768287450792,0.06758433455099618,0.41599705348307764,0.15629196913257914,253,19,40,148,0,813,0.1537791226116408,Will the Federal Reserve Cut rates by 25bps at their December 2024 meeting?
KXFEDDECISION-24DEC-C25,VIS,event,5min,10,-8,etf_leads_kalshi,-8.811270357226425e-05,-1.0713714836384518,0.2840024296093969,0.5824710168238035,0.15629196913257914,253,19,40,148,0,813,0.1537791226116408,Will the Federal Reserve Cut rates by 25bps at their December 2024 meeting?
KXFEDDECISION-24DEC-C25,VIS,event,5min,10,-7,etf_leads_kalshi,0.00010995298661664973,1.089534798076723,0.2759181181809377,0.5824710168238035,0.15629196913257914,253,19,40,148,0,813,0.1537791226116408,Will the Federal Reserve Cut rates by 25bps at their December 2024 meeting?
KXFEDDECISION-24DEC-C25,VIS,event,5min,10,-6,etf_leads_kalshi,0.0001246600645898586,1.7002793864317651,0.08907838592350122,0.41599705348307764,0.15629196913257914,253,19,40,148,0,813,0.1537791226116408,Will the Federal Reserve Cut rates by 25bps at their December 2024 meeting?
KXFEDDECISION-24DEC-C25,VIS,event,5min,10,-5,etf_leads_kalshi,9.279975474344618e-08,0.0007057036886426415,0.9994369299690669,0.9994369299690669,0.15629196913257914,253,19,40,148,0,813,0.1537791226116408,Will the Federal Reserve Cut rates by 25bps at their December 2024 meeting?
KXFEDDECISION-24DEC-C25,VIS,event,5min,10,-4,etf_leads_kalshi,-8.552028571083218e-05,-0.8177667203064438,0.4134904043828501,0.6465249392481629,0.15629196913257914,253,19,40,148,0,813,0.1537791226116408,Will the Federal Reserve Cut rates by 25bps at their December 2024 meeting?
KXFEDDECISION-24DEC-C25,VIS,event,5min,10,-3,etf_leads_kalshi,-0.00022667654183380459,-1.6243705575415146,0.10429674685541901,0.41599705348307764,0.15629196913257914,253,19,40,148,0,813,0.1537791226116408,Will the Federal Reserve Cut rates by 25bps at their December 2024 meeting?
KXFEDDECISION-24DEC-C25,VIS,event,5min,10,-2,etf_leads_kalshi,-7.10268701615486e-05,-0.765750288415212,0.44382489843096884,0.6465249392481629,0.15629196913257914,253,19,40,148,0,813,0.1537791226116408,Will the Federal Reserve Cut rates by 25bps at their December 2024 meeting?
KXFEDDECISION-24DEC-C25,VIS,event,5min,10,-1,etf_leads_kalshi,-0.000104965834632522,-1.7375712495061668,0.08228638944302788,0.41599705348307764,0.15629196913257914,253,19,40,148,0,813,0.1537791226116408,Will the Federal Reserve Cut rates by 25bps at their December 2024 meeting?
KXFEDDECISION-24DEC-C25,VIS,event,5min,10,0,contemp,-1.603390337688721e-06,-0.01826672223342206,0.9854260748458825,0.9994369299690669,0.15629196913257914,253,19,40,148,0,813,0.1537791226116408,Will the Federal Reserve Cut rates by 25bps at their December 2024 meeting?
KXFEDDECISION-24DEC-C25,VIS,event,5min,10,1,kalshi_leads_etf,9.091663847960116e-05,1.0255497452846534,0.3051038659553257,0.5824710168238035,0.15629196913257914,253,19,40,148,0,813,0.1537791226116408,Will the Federal Reserve Cut rates by 25bps at their December 2024 meeting?
KXFEDDECISION-24DEC-C25,VIS,event,5min,10,2,kalshi_leads_etf,8.541707172222073e-05,0.8896159128827681,0.37367215874573245,0.6465249392481629,0.15629196913257914,253,19,40,148,0,813,0.1537791226116408,Will the Federal Reserve Cut rates by 25bps at their December 2024 meeting?
KXFEDDECISION-24DEC-C25,VIS,event,5min,10,3,kalshi_leads_etf,0.00010528850618734834,1.028588923094113,0.303672885301305,0.5824710168238035,0.15629196913257914,253,19,40,148,0,813,0.1537791226116408,Will the Federal Reserve Cut rates by 25bps at their December 2024 meeting?
KXFEDDECISION-24DEC-C25,VIS,event,5min,10,4,kalshi_leads_etf,-7.35545026680748e-06,-0.09055083057208868,0.9278495028647386,0.9994369299690669,0.15629196913257914,253,19,40,148,0,813,0.1537791226116408,Will the Federal Reserve Cut rates by 25bps at their December 2024 meeting?
KXFEDDECISION-24DEC-C25,VIS,event,5min,10,5,kalshi_leads_etf,-0.00011631337586550851,-3.12045307975331,0.0018057306244537497,0.037920343113528744,0.15629196913257914,253,19,40,148,0,813,0.1537791226116408,Will the Federal Reserve Cut rates by 25bps at their December 2024 meeting?
KXFEDDECISION-24DEC-C25,VIS,event,5min,10,6,kalshi_leads_etf,-5.558212350389349e-05,-0.7358803313533765,0.46180352803440206,0.6465249392481629,0.15629196913257914,253,19,40,148,0,813,0.1537791226116408,Will the Federal Reserve Cut rates by 25bps at their December 2024 meeting?
KXFEDDECISION-24DEC-C25,VIS,event,5min,10,7,kalshi_leads_etf,6.566710376014173e-05,1.5084422953003127,0.13144136496198486,0.41599705348307764,0.15629196913257914,253,19,40,148,0,813,0.1537791226116408,Will the Federal Reserve Cut rates by 25bps at their December 2024 meeting?
KXFEDDECISION-24DEC-C25,VIS,event,5min,10,8,kalshi_leads_etf,-1.9161143428231613e-06,-0.030374356363543756,0.9757684960742278,0.9994369299690669,0.15629196913257914,253,19,40,148,0,813,0.1537791226116408,Will the Federal Reserve Cut rates by 25bps at their December 2024 meeting?
KXFEDDECISION-24DEC-C25,VIS,event,5min,10,9,kalshi_leads_etf,1.3023040317591234e-05,0.3197889736457795,0.7491283068137295,0.98323090269302,0.15629196913257914,253,19,40,148,0,813,0.1537791226116408,Will the Federal Reserve Cut rates by 25bps at their December 2024 meeting?
KXFEDDECISION-24DEC-C25,VIS,event,5min,10,10,kalshi_leads_etf,9.786711415278572e-06,0.2534300129628047,0.7999359374876575,0.9881561580729886,0.15629196913257914,253,19,40,148,0,813,0.1537791226116408,Will the Federal Reserve Cut rates by 25bps at their December 2024 meeting?
KXFEDDECISION-24DEC-H0,VGT,event,10min,8,-8,etf_leads_kalshi,-0.0007681709091718641,-2.704525767280143,0.006840196441572652,0.07367165578420369,0.5726334177739796,48,9,27,27,1,408,0.1198576154549284,Will the Federal Reserve Hike rates by 0bps at their December 2024 meeting?
KXFEDDECISION-24DEC-H0,VGT,event,10min,8,-7,etf_leads_kalshi,-0.0007839225813015499,-2.4837451748671935,0.013000880432506535,0.07367165578420369,0.5726334177739796,48,9,27,27,1,408,0.1198576154549284,Will the Federal Reserve Hike rates by 0bps at their December 2024 meeting?
KXFEDDECISION-24DEC-H0,VGT,event,10min,8,-6,etf_leads_kalshi,-0.0010899440280318859,-1.8191353931183767,0.0688907765219313,0.17988692372488294,0.5726334177739796,48,9,27,27,1,408,0.1198576154549284,Will the Federal Reserve Hike rates by 0bps at their December 2024 meeting?
KXFEDDECISION-24DEC-H0,VGT,event,10min,8,-5,etf_leads_kalshi,-0.0004803333867402701,-0.7789197388900836,0.4360269955650886,0.5904896423356016,0.5726334177739796,48,9,27,27,1,408,0.1198576154549284,Will the Federal Reserve Hike rates by 0bps at their December 2024 meeting?
KXFEDDECISION-24DEC-H0,VGT,event,10min,8,-4,etf_leads_kalshi,-0.00047805492204595326,-1.0569884016661322,0.29051688078504545,0.4489806339405248,0.5726334177739796,48,9,27,27,1,408,0.1198576154549284,Will the Federal Reserve Hike rates by 0bps at their December 2024 meeting?
KXFEDDECISION-24DEC-H0,VGT,event,10min,8,-3,etf_leads_kalshi,-0.0006043180632294964,-1.636829876591073,0.10166602124958307,0.19203581791587912,0.5726334177739796,48,9,27,27,1,408,0.1198576154549284,Will the Federal Reserve Hike rates by 0bps at their December 2024 meeting?
KXFEDDECISION-24DEC-H0,VGT,event,10min,8,-2,etf_leads_kalshi,-0.0007289680942397072,-1.7861740199006737,0.07407108623965768,0.17988692372488294,0.5726334177739796,48,9,27,27,1,408,0.1198576154549284,Will the Federal Reserve Hike rates by 0bps at their December 2024 meeting?
KXFEDDECISION-24DEC-H0,VGT,event,10min,8,-1,etf_leads_kalshi,-0.0010339009995148417,-2.5131634123478492,0.01196538960692423,0.07367165578420369,0.5726334177739796,48,9,27,27,1,408,0.1198576154549284,Will the Federal Reserve Hike rates by 0bps at their December 2024 meeting?
KXFEDDECISION-24DEC-H0,VGT,event,10min,8,0,contemp,-0.0002361640875197393,-0.6528924652147005,0.5138256068477274,0.6064948437787511,0.5726334177739796,48,9,27,27,1,408,0.1198576154549284,Will the Federal Reserve Hike rates by 0bps at their December 2024 meeting?
KXFEDDECISION-24DEC-H0,VGT,event,10min,8,1,kalshi_leads_etf,-0.0007639274376902393,-1.668022103674434,0.09531133900870004,0.19203581791587912,0.5726334177739796,48,9,27,27,1,408,0.1198576154549284,Will the Federal Reserve Hike rates by 0bps at their December 2024 meeting?
KXFEDDECISION-24DEC-H0,VGT,event,10min,8,2,kalshi_leads_etf,-0.00036845796963941004,-1.5487209487316151,0.12144881576425187,0.20646298679922817,0.5726334177739796,48,9,27,27,1,408,0.1198576154549284,Will the Federal Reserve Hike rates by 0bps at their December 2024 meeting?
KXFEDDECISION-24DEC-H0,VGT,event,10min,8,3,kalshi_leads_etf,-0.0006242655170465761,-1.8302659562243306,0.06721017941025557,0.17988692372488294,0.5726334177739796,48,9,27,27,1,408,0.1198576154549284,Will the Federal Reserve Hike rates by 0bps at their December 2024 meeting?
KXFEDDECISION-24DEC-H0,VGT,event,10min,8,4,kalshi_leads_etf,-0.00024312537399601538,-1.8339522056570552,0.06666108909005611,0.17988692372488294,0.5726334177739796,48,9,27,27,1,408,0.1198576154549284,Will the Federal Reserve Hike rates by 0bps at their December 2024 meeting?
KXFEDDECISION-24DEC-H0,VGT,event,10min,8,5,kalshi_leads_etf,-0.00025697192663050235,-0.44254599582018705,0.6580941539849028,0.6992250386089592,0.5726334177739796,48,9,27,27,1,408,0.1198576154549284,Will the Federal Reserve Hike rates by 0bps at their December 2024 meeting?
KXFEDDECISION-24DEC-H0,VGT,event,10min,8,6,kalshi_leads_etf,-2.860703582620972e-05,-0.15786674331081876,0.8745618043944099,0.8745618043944099,0.5726334177739796,48,9,27,27,1,408,0.1198576154549284,Will the Federal Reserve Hike rates by 0bps at their December 2024 meeting?
KXFEDDECISION-24DEC-H0,VGT,event,10min,8,7,kalshi_leads_etf,0.0001399210407558117,0.6201751057060121,0.535142509216545,0.6064948437787511,0.5726334177739796,48,9,27,27,1,408,0.1198576154549284,Will the Federal Reserve Hike rates by 0bps at their December 2024 meeting?
KXFEDDECISION-24DEC-H0,VGT,event,10min,8,8,kalshi_leads_etf,-0.00024259508330302254,-0.752831953014986,0.4515509029625189,0.5904896423356016,0.5726334177739796,48,9,27,27,1,408,0.1198576154549284,Will the Federal Reserve Hike rates by 0bps at their December 2024 meeting?
