contract_ticker,etf,tier,cal_n_obs,cal_n_active,cal_df,cal_medSE,ev_n_obs,ev_n_active,ev_df,best_n_active,best_df,best_medSE
KXECKH276,VFH,Very-low-info,110.0,7.0,97.0,1.1683591956628852e-06,12.0,7.0,1.0,7.0,97.0,1.1683591956628852e-06
KXECDJT316,VFH,Very-low-info,149.0,13.0,132.0,4.485245063216477e-05,,,,13.0,132.0,4.485245063216477e-05
KXECKH276,VIS,Very-low-info,110.0,7.0,97.0,1.6061150768775831e-06,12.0,7.0,4.0,7.0,97.0,1.6061150768775831e-06
538APPROVEMAX-24OCT31-T43,VOX,Cannot-estimate,,,,,,,,,,
KXAAAGASM-24NOV30-US-3.30,VFH,Cannot-estimate,,,,,,,,,,
RATECUT-24SEP18,VCR,Cannot-estimate,,,,,,,,,,
KXECKH287,VNQ,Very-low-info,91.0,10.0,79.0,6.174713361034583e-05,,,,10.0,79.0,6.174713361034583e-05
KXECKH276,VCR,Very-low-info,110.0,7.0,97.0,3.881080003655617e-06,12.0,7.0,1.0,7.0,97.0,3.881080003655617e-06
FEDDECISION-24SEP-C25,VDC,Adequate,1906.0,282.0,1877.0,1.0131757074398875e-05,322.0,207.0,297.0,282.0,1877.0,1.0131757074398875e-05
KXECKH276,VDE,Very-low-info,110.0,7.0,97.0,2.412082236584605e-06,12.0,7.0,1.0,7.0,97.0,2.412082236584605e-06
AAAGASM-24SEP30-US-3.15,VIS,Cannot-estimate,,,,,,,,,,
AAAGASM-24SEP30-US-3.15,VGT,Cannot-estimate,,,,,,,,,,
KXAAAGASM-24NOV30-US-3.30,VDE,Cannot-estimate,,,,,,,,,,
KXECKH276,VOX,Very-low-info,110.0,7.0,96.0,1.4451295031405149e-05,12.0,7.0,1.0,7.0,96.0,1.4451295031405149e-05
KXECKH276,VGT,Very-low-info,110.0,7.0,97.0,9.6032435049992e-07,12.0,7.0,1.0,7.0,97.0,9.6032435049992e-07
KXAAAGASM-24NOV30-US-3.30,VDC,Cannot-estimate,,,,,,,,,,
AAAGASM-24SEP30-US-3.15,VAW,Cannot-estimate,,,,,,,,,,
KXECKH276,VDC,Very-low-info,110.0,7.0,97.0,4.406774411704893e-07,12.0,7.0,1.0,7.0,97.0,4.406774411704893e-07
AAAGASM-24OCT31-US-3.20,VHT,Cannot-estimate,,,,,,,,,,
KXECDJT316,VIS,Very-low-info,149.0,13.0,132.0,4.3897895914802825e-05,,,,13.0,132.0,4.3897895914802825e-05
KXECDJT316,VDE,Very-low-info,149.0,13.0,132.0,6.357903357122361e-05,,,,13.0,132.0,6.357903357122361e-05
KXAAAGASM-24NOV30-US-3.30,VNQ,Cannot-estimate,,,,,,,,,,
KX538APPROVEMAX-24NOV30-T41,VGT,Cannot-estimate,,,,,,,,,,
RATECUT-24SEP18,VOX,Cannot-estimate,,,,,,,,,,
AAAGASM-24SEP30-US-3.15,VCR,Cannot-estimate,,,,,,,,,,
KXECKH276,VAW,Very-low-info,110.0,7.0,96.0,9.43375887106019e-06,12.0,7.0,1.0,7.0,96.0,9.43375887106019e-06
AAAGASM-24SEP30-US-3.15,VOX,Cannot-estimate,,,,,,,,,,
538APPROVEMAX-24SEP30-T43,VAW,Cannot-estimate,,,,,,,,,,
KXECDJT281,VNQ,Adequate,492.0,53.0,469.0,2.1023057072528874e-05,60.0,37.0,46.0,53.0,469.0,2.1023057072528874e-05
FEDDECISION-24SEP-C25,VOX,Adequate,1906.0,282.0,1877.0,1.5797041964009875e-05,322.0,207.0,297.0,282.0,1877.0,1.5797041964009875e-05
FEDDECISION-24SEP-C25,VPU,Adequate,1906.0,282.0,1872.0,1.3405086435675703e-05,322.0,207.0,297.0,282.0,1872.0,1.3405086435675703e-05
RATECUT-24SEP18,VGT,Cannot-estimate,,,,,,,,,,
KX538APPROVEMIN-24NOV30-T37,VFH,Cannot-estimate,,,,,,,,,,
KX538APPROVEMAX-24NOV30-T41,VHT,Cannot-estimate,,,,,,,,,,
538APPROVEMAX-24SEP30-T43,VIS,Cannot-estimate,,,,,,,,,,
KXECDJT281,VOX,Adequate,492.0,53.0,469.0,1.4439915027986993e-05,60.0,37.0,46.0,53.0,469.0,1.4439915027986993e-05
KXECDJT306,VDC,Low-info,265.0,21.0,240.0,1.0193540347624528e-05,13.0,12.0,-1.0,21.0,240.0,1.0193540347624528e-05
KX538APPROVEMIN-24NOV30-T37,VNQ,Cannot-estimate,,,,,,,,,,
KXECDJT281,VGT,Adequate,492.0,53.0,468.0,2.0579232899259676e-05,60.0,37.0,46.0,53.0,468.0,2.0579232899259676e-05
KXECDJT312,VAW,Adequate,301.0,40.0,272.0,2.8640145744210134e-05,28.0,22.0,13.0,40.0,272.0,2.8640145744210134e-05
KXECDJT281,VCR,Adequate,492.0,53.0,469.0,2.5195215364467903e-05,60.0,37.0,46.0,53.0,469.0,2.5195215364467903e-05
KXFEDDECISION-24DEC-C25,VFH,Adequate,1807.0,344.0,1752.0,1.3130021023668491e-05,253.0,148.0,213.0,344.0,1752.0,1.3130021023668491e-05
538APPROVEMAX-24SEP30-T43,VCR,Cannot-estimate,,,,,,,,,,
AAAGASM-24OCT31-US-3.15,VPU,Very-low-info,271.0,10.0,251.0,2.5972374420156658e-05,,,,10.0,251.0,2.5972374420156658e-05
FEDDECISION-24NOV-H0,VDE,Adequate,685.0,74.0,636.0,3.558643996494505e-05,,,,74.0,636.0,3.558643996494505e-05
FEDDECISION-24NOV-H0,VNQ,Adequate,685.0,74.0,635.0,2.886848110172718e-05,,,,74.0,635.0,2.886848110172718e-05
KXFEDDECISION-24DEC-C25,VIS,Adequate,1807.0,344.0,1752.0,1.0008683138367241e-05,253.0,148.0,213.0,344.0,1752.0,1.0008683138367241e-05
KXFEDDECISION-24DEC-H0,VGT,Adequate,621.0,130.0,571.0,2.902911665600364e-05,48.0,27.0,21.0,130.0,571.0,2.902911665600364e-05
