contract_ticker,etf,mode,bar,K_chosen,k_lag,direction,beta,z_stat,p_value,p_fdr,pseudo_r2,n_obs,n_up,n_total,contract_title
FEDDECISION-24SEP-C25,VDC,calendar,2min,8,-8,etf_leads_kalshi,0.017084223917023494,0.2528920821163493,0.8003516082007659,0.9021165256287521,0.0001340498064120732,455,237,477,Will the Federal Reserve Cut rates by 25bps at their September 2024 meeting?
FEDDECISION-24SEP-C25,VDC,calendar,2min,8,-7,etf_leads_kalshi,-0.09960919989436791,-2.5279245382588584,0.011473901050139335,0.09752815892618436,0.004279617703315086,456,238,477,Will the Federal Reserve Cut rates by 25bps at their September 2024 meeting?
FEDDECISION-24SEP-C25,VDC,calendar,2min,8,-6,etf_leads_kalshi,-0.0053037981494885676,-0.12298809446742266,0.9021165256287521,0.9021165256287521,1.2952126740128911e-05,457,238,477,Will the Federal Reserve Cut rates by 25bps at their September 2024 meeting?
FEDDECISION-24SEP-C25,VDC,calendar,2min,8,-5,etf_leads_kalshi,-0.06334171557070842,-1.65737981575391,0.09744270956121832,0.5521753541802371,0.0018261318324515052,458,238,477,Will the Federal Reserve Cut rates by 25bps at their September 2024 meeting?
FEDDECISION-24SEP-C25,VDC,calendar,2min,8,-4,etf_leads_kalshi,0.051236546137043405,1.3986019744916984,0.16193237392498538,0.6587419048049029,0.0011630534056487063,459,239,477,Will the Federal Reserve Cut rates by 25bps at their September 2024 meeting?
FEDDECISION-24SEP-C25,VDC,calendar,2min,8,-3,etf_leads_kalshi,-0.009359168012989607,-0.24265645136483857,0.8082715459870129,0.9021165256287521,4.0262474839680706e-05,460,239,477,Will the Federal Reserve Cut rates by 25bps at their September 2024 meeting?
FEDDECISION-24SEP-C25,VDC,calendar,2min,8,-2,etf_leads_kalshi,-0.04984643610803968,-0.6565482730434021,0.5114714184532838,0.9021165256287521,0.0010971723793027355,461,239,477,Will the Federal Reserve Cut rates by 25bps at their September 2024 meeting?
FEDDECISION-24SEP-C25,VDC,calendar,2min,8,-1,etf_leads_kalshi,-0.035629685536020965,-1.2745089660089481,0.202483097146391,0.6587419048049029,0.0005755629071786394,462,239,477,Will the Federal Reserve Cut rates by 25bps at their September 2024 meeting?
FEDDECISION-24SEP-C25,VDC,calendar,2min,8,0,contemp,0.018323086638039606,0.47315411183503364,0.6361032335193493,0.9021165256287521,0.00015419127078197814,463,239,477,Will the Federal Reserve Cut rates by 25bps at their September 2024 meeting?
FEDDECISION-24SEP-C25,VDC,calendar,2min,8,1,kalshi_leads_etf,0.008135588046676618,0.18619276489057054,0.8522935975346323,0.9021165256287521,2.750788631977752e-05,462,238,477,Will the Federal Reserve Cut rates by 25bps at their September 2024 meeting?
FEDDECISION-24SEP-C25,VDC,calendar,2min,8,2,kalshi_leads_etf,-0.06819502847774486,-1.1939509824694434,0.2324971428723187,0.6587419048049029,0.001874274704059653,461,238,477,Will the Federal Reserve Cut rates by 25bps at their September 2024 meeting?
FEDDECISION-24SEP-C25,VDC,calendar,2min,8,3,kalshi_leads_etf,-0.03266478132786447,-0.5948655127488601,0.5519333716697371,0.9021165256287521,0.0003893019830205624,460,237,477,Will the Federal Reserve Cut rates by 25bps at their September 2024 meeting?
FEDDECISION-24SEP-C25,VDC,calendar,2min,8,4,kalshi_leads_etf,0.02086780003961094,0.3651457890894043,0.7150025823958821,0.9021165256287521,0.00015775753356028765,459,237,477,Will the Federal Reserve Cut rates by 25bps at their September 2024 meeting?
FEDDECISION-24SEP-C25,VDC,calendar,2min,8,5,kalshi_leads_etf,0.22630591886531048,3.075303644830427,0.002102883433848433,0.035749018375423366,0.015305537123870727,458,237,477,Will the Federal Reserve Cut rates by 25bps at their September 2024 meeting?
FEDDECISION-24SEP-C25,VDC,calendar,2min,8,6,kalshi_leads_etf,-0.027091709096812695,-0.3262676168339096,0.7442218868457284,0.9021165256287521,0.0002619114432503844,457,236,477,Will the Federal Reserve Cut rates by 25bps at their September 2024 meeting?
FEDDECISION-24SEP-C25,VDC,calendar,2min,8,7,kalshi_leads_etf,-0.06453228237633218,-0.8616865211280575,0.38886004482574177,0.8263275952547012,0.0015290241155521134,456,235,477,Will the Federal Reserve Cut rates by 25bps at their September 2024 meeting?
FEDDECISION-24SEP-C25,VDC,calendar,2min,8,8,kalshi_leads_etf,0.04489768303903563,1.055751570269499,0.2910817295055663,0.7069127716563753,0.000743604028298317,455,235,477,Will the Federal Reserve Cut rates by 25bps at their September 2024 meeting?
FEDDECISION-24SEP-C25,VDC,event,2min,8,-8,etf_leads_kalshi,0.050345112942793036,0.564802914864781,0.5722078242001838,0.8106277509502603,0.0011502723725170805,461,233,477,Will the Federal Reserve Cut rates by 25bps at their September 2024 meeting?
FEDDECISION-24SEP-C25,VDC,event,2min,8,-7,etf_leads_kalshi,-0.08936552701253582,-2.96901469811381,0.002987563059516694,0.0253942860058919,0.0034918449913778904,462,234,477,Will the Federal Reserve Cut rates by 25bps at their September 2024 meeting?
FEDDECISION-24SEP-C25,VDC,event,2min,8,-6,etf_leads_kalshi,0.03649180799368213,0.8761923687599711,0.3809254644221569,0.6873969351347332,0.0006020910354247455,463,234,477,Will the Federal Reserve Cut rates by 25bps at their September 2024 meeting?
FEDDECISION-24SEP-C25,VDC,event,2min,8,-5,etf_leads_kalshi,-0.07573604319176114,-4.022209947911202,5.76546311377566e-05,0.0009801287293418623,0.0025836243627477273,464,234,477,Will the Federal Reserve Cut rates by 25bps at their September 2024 meeting?
FEDDECISION-24SEP-C25,VDC,event,2min,8,-4,etf_leads_kalshi,0.06212778388220303,1.2930221774322832,0.1960033888820255,0.4165072013743042,0.001693431497551301,465,235,477,Will the Federal Reserve Cut rates by 25bps at their September 2024 meeting?
FEDDECISION-24SEP-C25,VDC,event,2min,8,-3,etf_leads_kalshi,0.00668554227565345,0.21420966063350894,0.8303835628356762,0.8822825355129059,2.035193009708447e-05,466,235,477,Will the Federal Reserve Cut rates by 25bps at their September 2024 meeting?
FEDDECISION-24SEP-C25,VDC,event,2min,8,-2,etf_leads_kalshi,-0.03482532751351306,-0.36198177224169986,0.7173656517522674,0.8130144053192364,0.0005409256449071531,467,235,477,Will the Federal Reserve Cut rates by 25bps at their September 2024 meeting?
FEDDECISION-24SEP-C25,VDC,event,2min,8,-1,etf_leads_kalshi,-0.09503212694277548,-1.5688754173166535,0.11667697092403002,0.3065949942774231,0.003972718343149051,468,235,477,Will the Federal Reserve Cut rates by 25bps at their September 2024 meeting?
FEDDECISION-24SEP-C25,VDC,event,2min,8,0,contemp,0.04390821347560804,0.8338755110530496,0.40435113831454894,0.6873969351347332,0.0008903472214618624,469,235,477,Will the Federal Reserve Cut rates by 25bps at their September 2024 meeting?
FEDDECISION-24SEP-C25,VDC,event,2min,8,1,kalshi_leads_etf,0.04600738071736142,0.7433048860855384,0.45729711406901885,0.706731903561211,0.0008631344439022914,468,234,477,Will the Federal Reserve Cut rates by 25bps at their September 2024 meeting?
FEDDECISION-24SEP-C25,VDC,event,2min,8,2,kalshi_leads_etf,-0.0583434395554637,-1.5290784473264265,0.1262449976436448,0.3065949942774231,0.0013730792810815462,467,234,477,Will the Federal Reserve Cut rates by 25bps at their September 2024 meeting?
FEDDECISION-24SEP-C25,VDC,event,2min,8,3,kalshi_leads_etf,-0.07779005451227151,-1.5907326419887908,0.11166975753625177,0.3065949942774231,0.002159584840527362,466,233,477,Will the Federal Reserve Cut rates by 25bps at their September 2024 meeting?
FEDDECISION-24SEP-C25,VDC,event,2min,8,4,kalshi_leads_etf,-0.027346502768787553,-0.44136448690284014,0.6589491476220241,0.8130144053192364,0.0002691697973077334,465,233,477,Will the Federal Reserve Cut rates by 25bps at their September 2024 meeting?
FEDDECISION-24SEP-C25,VDC,event,2min,8,5,kalshi_leads_etf,0.19150763225348172,2.530863673871396,0.011378206234293194,0.0644765019943281,0.011464729150401087,464,233,477,Will the Federal Reserve Cut rates by 25bps at their September 2024 meeting?
FEDDECISION-24SEP-C25,VDC,event,2min,8,6,kalshi_leads_etf,-0.032313086110429746,-0.3941545524474269,0.6934669371304583,0.8130144053192364,0.00037307130090613594,463,232,477,Will the Federal Reserve Cut rates by 25bps at their September 2024 meeting?
FEDDECISION-24SEP-C25,VDC,event,2min,8,7,kalshi_leads_etf,-0.007304727295229331,-0.1303603184273434,0.896281359940128,0.896281359940128,1.9443858483403353e-05,462,231,477,Will the Federal Reserve Cut rates by 25bps at their September 2024 meeting?
FEDDECISION-24SEP-C25,VDC,event,2min,8,8,kalshi_leads_etf,-0.07203096087633996,-1.545994347685399,0.12210593291089918,0.3065949942774231,0.001813974140258634,461,231,477,Will the Federal Reserve Cut rates by 25bps at their September 2024 meeting?
KXECDJT281,VNQ,calendar,5min,6,-6,etf_leads_kalshi,-0.17358451915795936,-1.1186071137284734,0.2633077873011994,0.427875154364449,0.013721714506697902,93,50,108,"Will Trump win 281-257 - AZ, GA, NC, PA?"
KXECDJT281,VNQ,calendar,5min,6,-5,etf_leads_kalshi,0.10662041642745783,1.928265718843289,0.053822083521926814,0.20450808763298287,0.005468329046984355,94,51,108,"Will Trump win 281-257 - AZ, GA, NC, PA?"
KXECDJT281,VNQ,calendar,5min,6,-4,etf_leads_kalshi,-0.15753926398025697,-1.2485312603653809,0.2118365678563361,0.39341076887605275,0.011490011902091757,95,51,108,"Will Trump win 281-257 - AZ, GA, NC, PA?"
KXECDJT281,VNQ,calendar,5min,6,-3,etf_leads_kalshi,0.02097279335520674,0.31394116974529945,0.753565721006862,0.8163628644241004,0.0002063870374557908,96,51,108,"Will Trump win 281-257 - AZ, GA, NC, PA?"
KXECDJT281,VNQ,calendar,5min,6,-2,etf_leads_kalshi,0.1816583135728706,2.3965415450962917,0.0165506171285678,0.20450808763298287,0.014859921329899106,97,52,108,"Will Trump win 281-257 - AZ, GA, NC, PA?"
KXECDJT281,VNQ,calendar,5min,6,-1,etf_leads_kalshi,-0.056779157177165564,-1.0400004118779882,0.2983397093059579,0.4309351356641614,0.0014676466209204708,98,52,108,"Will Trump win 281-257 - AZ, GA, NC, PA?"
KXECDJT281,VNQ,calendar,5min,6,0,contemp,-0.35312322498079984,-1.8597170716177134,0.0629255654255332,0.20450808763298287,0.04722695822679712,99,53,108,"Will Trump win 281-257 - AZ, GA, NC, PA?"
KXECDJT281,VNQ,calendar,5min,6,1,kalshi_leads_etf,0.12845078677553393,0.9013375124982713,0.3674088944484274,0.4776315627829556,0.00760559287642848,98,53,108,"Will Trump win 281-257 - AZ, GA, NC, PA?"
KXECDJT281,VNQ,calendar,5min,6,2,kalshi_leads_etf,-0.21022490231943447,-1.9532766198233353,0.050786826349879875,0.20450808763298287,0.019271340377999935,97,52,108,"Will Trump win 281-257 - AZ, GA, NC, PA?"
KXECDJT281,VNQ,calendar,5min,6,3,kalshi_leads_etf,-0.050577373976522726,-0.4922869128030564,0.6225165305354445,0.7357013542691617,0.0011927781238265656,96,52,108,"Will Trump win 281-257 - AZ, GA, NC, PA?"
KXECDJT281,VNQ,calendar,5min,6,4,kalshi_leads_etf,0.23747761515302898,1.3742215373224163,0.16937291641568064,0.3669746522339747,0.025587950700438622,95,52,108,"Will Trump win 281-257 - AZ, GA, NC, PA?"
KXECDJT281,VNQ,calendar,5min,6,5,kalshi_leads_etf,-0.16828379609527155,-1.5796258145754372,0.11419258386422675,0.29690071804698953,0.01288263769802811,94,52,108,"Will Trump win 281-257 - AZ, GA, NC, PA?"
KXECDJT281,VNQ,calendar,5min,6,6,kalshi_leads_etf,-0.025337520823983075,-0.1750372320188602,0.8610503782481245,0.8610503782481245,0.0003032194624080775,93,51,108,"Will Trump win 281-257 - AZ, GA, NC, PA?"
KXECDJT281,VNQ,event,5min,6,-6,etf_leads_kalshi,-0.06736075794551448,-0.6503137122017103,0.5154896015340962,0.9174210579154943,0.0021669025435672173,96,54,108,"Will Trump win 281-257 - AZ, GA, NC, PA?"
KXECDJT281,VNQ,event,5min,6,-5,etf_leads_kalshi,0.0070586590220880095,0.16320305444189037,0.8703585613558067,0.9174210579154943,2.4114806197017558e-05,97,54,108,"Will Trump win 281-257 - AZ, GA, NC, PA?"
KXECDJT281,VNQ,event,5min,6,-4,etf_leads_kalshi,-0.07625579302821647,-0.5745654624322704,0.5655852157686148,0.9174210579154943,0.0027005891603240073,98,54,108,"Will Trump win 281-257 - AZ, GA, NC, PA?"
KXECDJT281,VNQ,event,5min,6,-3,etf_leads_kalshi,0.14299225739304997,1.6765480220241602,0.09363089816720614,0.4057338920578933,0.009347152090071864,99,55,108,"Will Trump win 281-257 - AZ, GA, NC, PA?"
KXECDJT281,VNQ,event,5min,6,-2,etf_leads_kalshi,0.03792207902979372,0.673083881687049,0.5008939276222147,0.9174210579154943,0.0006594516120865812,100,55,108,"Will Trump win 281-257 - AZ, GA, NC, PA?"
KXECDJT281,VNQ,event,5min,6,-1,etf_leads_kalshi,0.0874594210520238,1.708824070777089,0.08748354256752647,0.4057338920578933,0.0034679139294473416,101,55,108,"Will Trump win 281-257 - AZ, GA, NC, PA?"
KXECDJT281,VNQ,event,5min,6,0,contemp,-0.07709643011696883,-1.7609019018400618,0.07825500798746517,0.4057338920578933,0.002672848262321059,102,55,108,"Will Trump win 281-257 - AZ, GA, NC, PA?"
KXECDJT281,VNQ,event,5min,6,1,kalshi_leads_etf,0.12104566069052719,0.9543411767645632,0.3399109712846201,0.9174210579154943,0.006633156088635461,101,55,108,"Will Trump win 281-257 - AZ, GA, NC, PA?"
KXECDJT281,VNQ,event,5min,6,2,kalshi_leads_etf,0.05338466346050146,0.3663011184912004,0.7141403950759968,0.9174210579154943,0.0013025210903825357,100,54,108,"Will Trump win 281-257 - AZ, GA, NC, PA?"
KXECDJT281,VNQ,event,5min,6,3,kalshi_leads_etf,-0.12384754166951258,-0.5365009750637875,0.5916123622083345,0.9174210579154943,0.007229969798618341,99,54,108,"Will Trump win 281-257 - AZ, GA, NC, PA?"
KXECDJT281,VNQ,event,5min,6,4,kalshi_leads_etf,0.059531249001327724,0.3208218666499753,0.748345387445736,0.9174210579154943,0.001650876605969409,98,54,108,"Will Trump win 281-257 - AZ, GA, NC, PA?"
KXECDJT281,VNQ,event,5min,6,5,kalshi_leads_etf,0.010690285766512299,0.1036828236583461,0.9174210579154943,0.9174210579154943,5.3321437850528675e-05,97,54,108,"Will Trump win 281-257 - AZ, GA, NC, PA?"
KXECDJT281,VNQ,event,5min,6,6,kalshi_leads_etf,0.011201340680365938,0.15366625650939889,0.8778728921168194,0.9174210579154943,6.035648869162635e-05,96,54,108,"Will Trump win 281-257 - AZ, GA, NC, PA?"
FEDDECISION-24SEP-C25,VOX,calendar,2min,8,-8,etf_leads_kalshi,0.01933875799741269,0.22462456925034052,0.8222713497806923,0.9297122812918936,0.00017176787019335116,454,232,477,Will the Federal Reserve Cut rates by 25bps at their September 2024 meeting?
FEDDECISION-24SEP-C25,VOX,calendar,2min,8,-7,etf_leads_kalshi,-0.035748402967850826,-0.9758118779807747,0.32915769747362633,0.699460107131456,0.0005725147760247129,455,232,477,Will the Federal Reserve Cut rates by 25bps at their September 2024 meeting?
FEDDECISION-24SEP-C25,VOX,calendar,2min,8,-6,etf_leads_kalshi,0.09993451013079838,1.678609017837642,0.09322826790682599,0.45632203644013336,0.004408075330463612,456,232,477,Will the Federal Reserve Cut rates by 25bps at their September 2024 meeting?
FEDDECISION-24SEP-C25,VOX,calendar,2min,8,-5,etf_leads_kalshi,-0.03200069276740106,-0.4137864141845702,0.679030534474857,0.9297122812918936,0.0004746088134707227,457,233,477,Will the Federal Reserve Cut rates by 25bps at their September 2024 meeting?
FEDDECISION-24SEP-C25,VOX,calendar,2min,8,-4,etf_leads_kalshi,0.00014861776788014316,0.0028038256934134046,0.9977628736992152,0.9977628736992152,1.0131290140158455e-08,458,234,477,Will the Federal Reserve Cut rates by 25bps at their September 2024 meeting?
FEDDECISION-24SEP-C25,VOX,calendar,2min,8,-3,etf_leads_kalshi,-0.10056719233733401,-1.6101281128367917,0.1073698909270902,0.45632203644013336,0.004566310849655308,459,234,477,Will the Federal Reserve Cut rates by 25bps at their September 2024 meeting?
FEDDECISION-24SEP-C25,VOX,calendar,2min,8,-2,etf_leads_kalshi,0.04427504218783239,0.42885789042408645,0.6680266466216673,0.9297122812918936,0.0009105219811809118,460,234,477,Will the Federal Reserve Cut rates by 25bps at their September 2024 meeting?
FEDDECISION-24SEP-C25,VOX,calendar,2min,8,-1,etf_leads_kalshi,-0.08183032075675738,-1.622015609773525,0.10480000586074321,0.45632203644013336,0.00296498668923606,461,234,477,Will the Federal Reserve Cut rates by 25bps at their September 2024 meeting?
FEDDECISION-24SEP-C25,VOX,calendar,2min,8,0,contemp,0.011924070972969701,0.3430293444769185,0.7315763843226354,0.9297122812918936,6.500640708906325e-05,462,235,477,Will the Federal Reserve Cut rates by 25bps at their September 2024 meeting?
FEDDECISION-24SEP-C25,VOX,calendar,2min,8,1,kalshi_leads_etf,0.03358792457146859,0.7710785705408538,0.4406603616804946,0.8323584609520454,0.00046217851834351453,461,234,477,Will the Federal Reserve Cut rates by 25bps at their September 2024 meeting?
FEDDECISION-24SEP-C25,VOX,calendar,2min,8,2,kalshi_leads_etf,-0.08944368083122153,-1.6149848743913369,0.10631397046053871,0.45632203644013336,0.0032582115898598385,460,234,477,Will the Federal Reserve Cut rates by 25bps at their September 2024 meeting?
FEDDECISION-24SEP-C25,VOX,calendar,2min,8,3,kalshi_leads_etf,0.026692651040026206,0.6562325439560714,0.5116745124658876,0.8698466711920089,0.00026176246995146535,459,233,477,Will the Federal Reserve Cut rates by 25bps at their September 2024 meeting?
FEDDECISION-24SEP-C25,VOX,calendar,2min,8,4,kalshi_leads_etf,-0.007613405621752507,-0.15728108897949178,0.875023323568841,0.9297122812918936,2.0917978352574806e-05,458,233,477,Will the Federal Reserve Cut rates by 25bps at their September 2024 meeting?
FEDDECISION-24SEP-C25,VOX,calendar,2min,8,5,kalshi_leads_etf,0.008630463886479894,0.22637685420674392,0.8209083283632257,0.9297122812918936,2.6890068510865284e-05,457,233,477,Will the Federal Reserve Cut rates by 25bps at their September 2024 meeting?
FEDDECISION-24SEP-C25,VOX,calendar,2min,8,6,kalshi_leads_etf,-0.07239019910188549,-1.2370097614832718,0.21608345868521817,0.5247741139498155,0.0019189456240125136,456,232,477,Will the Federal Reserve Cut rates by 25bps at their September 2024 meeting?
FEDDECISION-24SEP-C25,VOX,calendar,2min,8,7,kalshi_leads_etf,-0.11858879943482041,-1.298648347930029,0.19406463770218096,0.5247741139498155,0.004846889320201608,455,231,477,Will the Federal Reserve Cut rates by 25bps at their September 2024 meeting?
FEDDECISION-24SEP-C25,VOX,calendar,2min,8,8,kalshi_leads_etf,0.09782768171882407,1.3873369309591104,0.16533904676995548,0.5247741139498155,0.0035421527794207153,454,230,477,Will the Federal Reserve Cut rates by 25bps at their September 2024 meeting?
FEDDECISION-24SEP-C25,VOX,event,2min,8,-8,etf_leads_kalshi,-0.019311830949860175,-0.2831370659322947,0.7770717691020238,0.8256387546709003,0.00017193559644990142,457,232,477,Will the Federal Reserve Cut rates by 25bps at their September 2024 meeting?
FEDDECISION-24SEP-C25,VOX,event,2min,8,-7,etf_leads_kalshi,0.018767703547471204,0.3392702560250865,0.7344061475105723,0.8256387546709003,0.000162850384798241,458,232,477,Will the Federal Reserve Cut rates by 25bps at their September 2024 meeting?
FEDDECISION-24SEP-C25,VOX,event,2min,8,-6,etf_leads_kalshi,0.0599420829916006,1.0526416593101964,0.2925052564220678,0.8256387546709003,0.0016170754876092541,459,232,477,Will the Federal Reserve Cut rates by 25bps at their September 2024 meeting?
FEDDECISION-24SEP-C25,VOX,event,2min,8,-5,etf_leads_kalshi,0.03241146317633275,0.517467607453038,0.6048297755408552,0.8256387546709003,0.00047454843437477745,460,233,477,Will the Federal Reserve Cut rates by 25bps at their September 2024 meeting?
FEDDECISION-24SEP-C25,VOX,event,2min,8,-4,etf_leads_kalshi,-0.03798779700751373,-0.5951818520379385,0.5517219198033363,0.8256387546709003,0.0006667681189808095,461,234,477,Will the Federal Reserve Cut rates by 25bps at their September 2024 meeting?
FEDDECISION-24SEP-C25,VOX,event,2min,8,-3,etf_leads_kalshi,-0.06158000364871869,-1.1487256749473773,0.25066911539689307,0.8256387546709003,0.0017270355211496113,462,234,477,Will the Federal Reserve Cut rates by 25bps at their September 2024 meeting?
FEDDECISION-24SEP-C25,VOX,event,2min,8,-2,etf_leads_kalshi,0.029177485688400832,0.33547124617756685,0.7372696315210716,0.8256387546709003,0.0003924758474171952,463,234,477,Will the Federal Reserve Cut rates by 25bps at their September 2024 meeting?
FEDDECISION-24SEP-C25,VOX,event,2min,8,-1,etf_leads_kalshi,-0.08581811626354406,-1.7211852581635692,0.08521721202816172,0.6151622639142148,0.003271066455027505,464,234,477,Will the Federal Reserve Cut rates by 25bps at their September 2024 meeting?
FEDDECISION-24SEP-C25,VOX,event,2min,8,0,contemp,0.017716410416819567,0.5310883809502905,0.5953575354550877,0.8256387546709003,0.00014349401577462562,465,235,477,Will the Federal Reserve Cut rates by 25bps at their September 2024 meeting?
FEDDECISION-24SEP-C25,VOX,event,2min,8,1,kalshi_leads_etf,0.04345976620003024,0.8770741793567651,0.3804463483061814,0.8256387546709003,0.0007692694956894508,464,234,477,Will the Federal Reserve Cut rates by 25bps at their September 2024 meeting?
FEDDECISION-24SEP-C25,VOX,event,2min,8,2,kalshi_leads_etf,-0.09417085737269675,-1.9265429568867134,0.05403661346275115,0.6151622639142148,0.0036078723350535524,463,234,477,Will the Federal Reserve Cut rates by 25bps at their September 2024 meeting?
FEDDECISION-24SEP-C25,VOX,event,2min,8,3,kalshi_leads_etf,0.023371949556790395,0.5005543543423169,0.6166847936779977,0.8256387546709003,0.00020109192523931618,462,233,477,Will the Federal Reserve Cut rates by 25bps at their September 2024 meeting?
FEDDECISION-24SEP-C25,VOX,event,2min,8,4,kalshi_leads_etf,-0.02021386815466913,-0.3016667643825211,0.7629061067645395,0.8256387546709003,0.00014692699598262138,461,233,477,Will the Federal Reserve Cut rates by 25bps at their September 2024 meeting?
FEDDECISION-24SEP-C25,VOX,event,2min,8,5,kalshi_leads_etf,0.01741939431381655,0.43114581535901836,0.6663623494126292,0.8256387546709003,0.00010919879352533357,460,233,477,Will the Federal Reserve Cut rates by 25bps at their September 2024 meeting?
FEDDECISION-24SEP-C25,VOX,event,2min,8,6,kalshi_leads_etf,-0.028712514702255137,-0.6324750741038931,0.5270764910357156,0.8256387546709003,0.0003006720757152692,459,232,477,Will the Federal Reserve Cut rates by 25bps at their September 2024 meeting?
FEDDECISION-24SEP-C25,VOX,event,2min,8,7,kalshi_leads_etf,-0.15632734274162596,-1.6047081542768822,0.10855804657309673,0.6151622639142148,0.008083747887739468,458,231,477,Will the Federal Reserve Cut rates by 25bps at their September 2024 meeting?
FEDDECISION-24SEP-C25,VOX,event,2min,8,8,kalshi_leads_etf,0.002660295785190194,0.04902434993113087,0.9608998908284659,0.9608998908284659,2.5784206094670026e-06,457,230,477,Will the Federal Reserve Cut rates by 25bps at their September 2024 meeting?
FEDDECISION-24SEP-C25,VPU,calendar,2min,8,-8,etf_leads_kalshi,-0.06839768049070274,-1.9985702604297053,0.04565487082854931,0.1802049640608334,0.0020757367030258544,446,231,477,Will the Federal Reserve Cut rates by 25bps at their September 2024 meeting?
FEDDECISION-24SEP-C25,VPU,calendar,2min,8,-7,etf_leads_kalshi,-0.10102982283411113,-1.3208867984082673,0.1865391122435025,0.35235165645994915,0.0043091406155130185,447,231,477,Will the Federal Reserve Cut rates by 25bps at their September 2024 meeting?
FEDDECISION-24SEP-C25,VPU,calendar,2min,8,-6,etf_leads_kalshi,-0.026011619026210617,-0.5438878210057191,0.5865186703356647,0.6231760872316437,0.00030724711657426074,448,231,477,Will the Federal Reserve Cut rates by 25bps at their September 2024 meeting?
FEDDECISION-24SEP-C25,VPU,calendar,2min,8,-5,etf_leads_kalshi,0.08772088872597188,1.6514117908170505,0.09865451885820462,0.23958954579849692,0.0034145006966763702,449,231,477,Will the Federal Reserve Cut rates by 25bps at their September 2024 meeting?
FEDDECISION-24SEP-C25,VPU,calendar,2min,8,-4,etf_leads_kalshi,0.02191212200409454,0.5716354932498627,0.5675689444244856,0.6231760872316437,0.00021860695980635558,450,231,477,Will the Federal Reserve Cut rates by 25bps at their September 2024 meeting?
FEDDECISION-24SEP-C25,VPU,calendar,2min,8,-3,etf_leads_kalshi,0.11327940006861512,3.4098915472002,0.0006498871703228668,0.011048081895488737,0.005377938736668475,451,232,477,Will the Federal Reserve Cut rates by 25bps at their September 2024 meeting?
FEDDECISION-24SEP-C25,VPU,calendar,2min,8,-2,etf_leads_kalshi,-0.042413502514641294,-0.9019259784818893,0.36709619019532025,0.5971960273743565,0.0008103742265915814,452,232,477,Will the Federal Reserve Cut rates by 25bps at their September 2024 meeting?
FEDDECISION-24SEP-C25,VPU,calendar,2min,8,-1,etf_leads_kalshi,-0.10965460409995464,-1.9030857784222999,0.05702935333619712,0.1802049640608334,0.005076914981079761,453,232,477,Will the Federal Reserve Cut rates by 25bps at their September 2024 meeting?
FEDDECISION-24SEP-C25,VPU,calendar,2min,8,0,contemp,0.056389652224561666,0.7443259345098799,0.4566793150509785,0.5971960273743565,0.001433663141507835,454,232,477,Will the Federal Reserve Cut rates by 25bps at their September 2024 meeting?
FEDDECISION-24SEP-C25,VPU,calendar,2min,8,1,kalshi_leads_etf,-0.06610338329628153,-1.854961308048024,0.06360175202147061,0.1802049640608334,0.0017615205363610276,453,231,477,Will the Federal Reserve Cut rates by 25bps at their September 2024 meeting?
FEDDECISION-24SEP-C25,VPU,calendar,2min,8,2,kalshi_leads_etf,-0.024208874701730963,-0.5963870777365095,0.5509166711030831,0.6231760872316437,0.0002438613291324554,452,230,477,Will the Federal Reserve Cut rates by 25bps at their September 2024 meeting?
FEDDECISION-24SEP-C25,VPU,calendar,2min,8,3,kalshi_leads_etf,0.12873937065521152,2.343637319457872,0.0190967310152001,0.16232221362920085,0.005698261186120601,451,230,477,Will the Federal Reserve Cut rates by 25bps at their September 2024 meeting?
FEDDECISION-24SEP-C25,VPU,calendar,2min,8,4,kalshi_leads_etf,-0.06019246637863176,-0.7739397936388639,0.43896639575422736,0.5971960273743565,0.001298354741339658,450,229,477,Will the Federal Reserve Cut rates by 25bps at their September 2024 meeting?
FEDDECISION-24SEP-C25,VPU,calendar,2min,8,5,kalshi_leads_etf,0.055621862608302874,0.8627973335746547,0.388248905462259,0.5971960273743565,0.0011445851061965273,449,229,477,Will the Federal Reserve Cut rates by 25bps at their September 2024 meeting?
FEDDECISION-24SEP-C25,VPU,calendar,2min,8,6,kalshi_leads_etf,0.12187003364984564,1.4651861846974197,0.14287012778197702,0.3035990215367012,0.005062100575934925,448,229,477,Will the Federal Reserve Cut rates by 25bps at their September 2024 meeting?
FEDDECISION-24SEP-C25,VPU,calendar,2min,8,7,kalshi_leads_etf,0.0007972188318229585,0.01317978902339527,0.9894843542644048,0.9894843542644048,2.3510955193817296e-07,447,229,477,Will the Federal Reserve Cut rates by 25bps at their September 2024 meeting?
FEDDECISION-24SEP-C25,VPU,calendar,2min,8,8,kalshi_leads_etf,-0.08495746896153085,-2.0416115838788844,0.04119007533088406,0.1802049640608334,0.002504534458431462,446,228,477,Will the Federal Reserve Cut rates by 25bps at their September 2024 meeting?
FEDDECISION-24SEP-C25,VPU,event,2min,8,-8,etf_leads_kalshi,-0.04732785574821172,-1.7616337168386191,0.0781312034149872,0.26737043804291244,0.001006610819976328,458,235,477,Will the Federal Reserve Cut rates by 25bps at their September 2024 meeting?
FEDDECISION-24SEP-C25,VPU,event,2min,8,-7,etf_leads_kalshi,-0.11534609844467972,-1.400001742188524,0.16151279676123365,0.3432146931176215,0.005547614985240257,459,235,477,Will the Federal Reserve Cut rates by 25bps at their September 2024 meeting?
FEDDECISION-24SEP-C25,VPU,event,2min,8,-6,etf_leads_kalshi,0.042235264441774105,1.7586418255544423,0.07863836413026837,0.26737043804291244,0.0008216259735117637,460,235,477,Will the Federal Reserve Cut rates by 25bps at their September 2024 meeting?
FEDDECISION-24SEP-C25,VPU,event,2min,8,-5,etf_leads_kalshi,0.08173662563959841,1.7894669742503329,0.07353964162095926,0.26737043804291244,0.0029545385363063392,461,235,477,Will the Federal Reserve Cut rates by 25bps at their September 2024 meeting?
FEDDECISION-24SEP-C25,VPU,event,2min,8,-4,etf_leads_kalshi,0.009763522011548434,0.18970188716102782,0.8495427419237199,0.9490185223972928,4.3518623206284524e-05,462,235,477,Will the Federal Reserve Cut rates by 25bps at their September 2024 meeting?
FEDDECISION-24SEP-C25,VPU,event,2min,8,-3,etf_leads_kalshi,0.04425030777832678,0.9541330794800015,0.3400162835700883,0.5254797109719546,0.0008697187904481707,463,236,477,Will the Federal Reserve Cut rates by 25bps at their September 2024 meeting?
FEDDECISION-24SEP-C25,VPU,event,2min,8,-2,etf_leads_kalshi,0.03730012566846937,1.1451427297005572,0.2521500375063441,0.47628340417865,0.0006253161444260691,464,236,477,Will the Federal Reserve Cut rates by 25bps at their September 2024 meeting?
FEDDECISION-24SEP-C25,VPU,event,2min,8,-1,etf_leads_kalshi,-0.18397484822689683,-2.6465103706477255,0.008132701146173446,0.08654189494256154,0.012778889769584967,465,236,477,Will the Federal Reserve Cut rates by 25bps at their September 2024 meeting?
FEDDECISION-24SEP-C25,VPU,event,2min,8,0,contemp,0.017607483183019378,0.20534209180220045,0.8373048601542932,0.9490185223972928,0.00014181178264838223,466,236,477,Will the Federal Reserve Cut rates by 25bps at their September 2024 meeting?
FEDDECISION-24SEP-C25,VPU,event,2min,8,1,kalshi_leads_etf,-0.090117399026031,-1.6426874017449622,0.10044762669896642,0.2846016089804049,0.0032534613277945823,465,235,477,Will the Federal Reserve Cut rates by 25bps at their September 2024 meeting?
FEDDECISION-24SEP-C25,VPU,event,2min,8,2,kalshi_leads_etf,-0.003867164852642631,-0.07618077379103849,0.9392752785257826,0.9490185223972928,6.181913450253873e-06,464,234,477,Will the Federal Reserve Cut rates by 25bps at their September 2024 meeting?
FEDDECISION-24SEP-C25,VPU,event,2min,8,3,kalshi_leads_etf,0.03806733920254423,0.7515356329079602,0.45233036441083063,0.6408013495820101,0.0005276191787696449,463,234,477,Will the Federal Reserve Cut rates by 25bps at their September 2024 meeting?
FEDDECISION-24SEP-C25,VPU,event,2min,8,4,kalshi_leads_etf,0.04631720629594519,1.4405498070216018,0.1497119092726539,0.3432146931176215,0.0007793377842909566,462,234,477,Will the Federal Reserve Cut rates by 25bps at their September 2024 meeting?
FEDDECISION-24SEP-C25,VPU,event,2min,8,5,kalshi_leads_etf,-0.1196597425777,-2.5696068306937057,0.01018139940500724,0.08654189494256154,0.004928252590381654,461,234,477,Will the Federal Reserve Cut rates by 25bps at their September 2024 meeting?
FEDDECISION-24SEP-C25,VPU,event,2min,8,6,kalshi_leads_etf,0.0745830301091395,1.0467687705845716,0.29520623705436344,0.5018506029924178,0.0019767756712375517,460,234,477,Will the Federal Reserve Cut rates by 25bps at their September 2024 meeting?
FEDDECISION-24SEP-C25,VPU,event,2min,8,7,kalshi_leads_etf,-0.018890621783800764,-0.24085231449169572,0.8096695817424511,0.9490185223972928,0.00013307218478031402,459,233,477,Will the Federal Reserve Cut rates by 25bps at their September 2024 meeting?
FEDDECISION-24SEP-C25,VPU,event,2min,8,8,kalshi_leads_etf,0.004961675727110393,0.06393934648306727,0.9490185223972928,0.9490185223972928,9.081445790148912e-06,458,232,477,Will the Federal Reserve Cut rates by 25bps at their September 2024 meeting?
KXECDJT281,VOX,calendar,5min,6,-6,etf_leads_kalshi,-0.0408800847777731,-0.4991853643856213,0.617648804132678,0.7299485867022558,0.0007913451074013089,99,53,108,"Will Trump win 281-257 - AZ, GA, NC, PA?"
KXECDJT281,VOX,calendar,5min,6,-5,etf_leads_kalshi,0.06798718150338734,0.9793313299933581,0.3274162950080841,0.5435921194312068,0.002138448924009606,100,54,108,"Will Trump win 281-257 - AZ, GA, NC, PA?"
KXECDJT281,VOX,calendar,5min,6,-4,etf_leads_kalshi,0.07715207943200618,0.943270420374174,0.34554260166653794,0.5435921194312068,0.0027201279081815466,101,54,108,"Will Trump win 281-257 - AZ, GA, NC, PA?"
KXECDJT281,VOX,calendar,5min,6,-3,etf_leads_kalshi,-0.06072552394496585,-0.8412328676081592,0.4002174908994407,0.5435921194312068,0.0017342003351379365,102,55,108,"Will Trump win 281-257 - AZ, GA, NC, PA?"
KXECDJT281,VOX,calendar,5min,6,-2,etf_leads_kalshi,-0.056647014085159014,-0.9054922980659201,0.3652046383353603,0.5435921194312068,0.0014883379169273736,103,55,108,"Will Trump win 281-257 - AZ, GA, NC, PA?"
KXECDJT281,VOX,calendar,5min,6,-1,etf_leads_kalshi,0.27015519770835567,5.166981930948491,2.3790425225292078e-07,3.09275527928797e-06,0.027986215098483314,104,55,108,"Will Trump win 281-257 - AZ, GA, NC, PA?"
KXECDJT281,VOX,calendar,5min,6,0,contemp,-0.014038590568521993,-0.183486438385284,0.8544163587380342,0.8544163587380342,8.974193036137557e-05,105,55,108,"Will Trump win 281-257 - AZ, GA, NC, PA?"
KXECDJT281,VOX,calendar,5min,6,1,kalshi_leads_etf,-0.11874914506908264,-0.9758406566622325,0.3291434336704584,0.5435921194312068,0.006133712985050055,104,54,108,"Will Trump win 281-257 - AZ, GA, NC, PA?"
KXECDJT281,VOX,calendar,5min,6,2,kalshi_leads_etf,0.10157645334919714,0.8547726182478527,0.39267703965869305,0.5435921194312068,0.004527544271040074,103,53,108,"Will Trump win 281-257 - AZ, GA, NC, PA?"
KXECDJT281,VOX,calendar,5min,6,3,kalshi_leads_etf,0.020762683185561914,0.29283073767873385,0.7696515323180736,0.8337891600112464,0.00020297401675906102,102,53,108,"Will Trump win 281-257 - AZ, GA, NC, PA?"
KXECDJT281,VOX,calendar,5min,6,4,kalshi_leads_etf,-0.1693836049849135,-0.8096388299584178,0.41814778417785137,0.5435921194312068,0.012283620818509866,101,53,108,"Will Trump win 281-257 - AZ, GA, NC, PA?"
KXECDJT281,VOX,calendar,5min,6,5,kalshi_leads_etf,0.06160684711906877,1.8128845269706744,0.06984963320321197,0.4540226158208778,0.0017392985744127953,100,52,108,"Will Trump win 281-257 - AZ, GA, NC, PA?"
KXECDJT281,VOX,calendar,5min,6,6,kalshi_leads_etf,0.11844462455086935,1.54164777471778,0.12315920933836236,0.5336899071329035,0.006326761881299547,99,51,108,"Will Trump win 281-257 - AZ, GA, NC, PA?"
KXECDJT281,VOX,event,5min,6,-6,etf_leads_kalshi,0.02310898533708718,0.2729443842527291,0.7848959676656695,0.896404443755132,0.0002508778241848697,100,56,108,"Will Trump win 281-257 - AZ, GA, NC, PA?"
KXECDJT281,VOX,event,5min,6,-5,etf_leads_kalshi,0.08845078217745575,0.9688808129007004,0.3326046596791954,0.6176943679756486,0.003530687397788501,101,56,108,"Will Trump win 281-257 - AZ, GA, NC, PA?"
KXECDJT281,VOX,event,5min,6,-4,etf_leads_kalshi,0.1797951387998968,2.5107299239689618,0.012048183390376204,0.07831319203744533,0.0136881663380225,102,57,108,"Will Trump win 281-257 - AZ, GA, NC, PA?"
KXECDJT281,VOX,event,5min,6,-3,etf_leads_kalshi,-0.009825546633140107,-0.1302047409788756,0.896404443755132,0.896404443755132,4.436210683445019e-05,103,58,108,"Will Trump win 281-257 - AZ, GA, NC, PA?"
KXECDJT281,VOX,event,5min,6,-2,etf_leads_kalshi,-0.07880902932679996,-0.620987743662579,0.5346076873826938,0.7722111039972245,0.0028600688448530143,104,58,108,"Will Trump win 281-257 - AZ, GA, NC, PA?"
KXECDJT281,VOX,event,5min,6,-1,etf_leads_kalshi,0.11313430660329374,2.6532975303138246,0.007970957515627826,0.07831319203744533,0.005508407313440711,105,59,108,"Will Trump win 281-257 - AZ, GA, NC, PA?"
KXECDJT281,VOX,event,5min,6,0,contemp,0.12394995244882274,1.7455694283857028,0.08088579840250722,0.3443360913948528,0.006404486172303492,106,59,108,"Will Trump win 281-257 - AZ, GA, NC, PA?"
KXECDJT281,VOX,event,5min,6,1,kalshi_leads_etf,-0.10800724495294657,-0.797099027399224,0.4253935211816776,0.6912644719202261,0.005198757422128608,105,58,108,"Will Trump win 281-257 - AZ, GA, NC, PA?"
KXECDJT281,VOX,event,5min,6,2,kalshi_leads_etf,0.14395708434543197,1.3619895150790189,0.17320119407004342,0.3752692538184274,0.008878091316876113,104,57,108,"Will Trump win 281-257 - AZ, GA, NC, PA?"
KXECDJT281,VOX,event,5min,6,3,kalshi_leads_etf,-0.18616782139007698,-1.6166698443194827,0.10594956658303163,0.3443360913948528,0.014587136007785828,103,57,108,"Will Trump win 281-257 - AZ, GA, NC, PA?"
KXECDJT281,VOX,event,5min,6,4,kalshi_leads_etf,0.02264423703755548,0.29413913528442454,0.7686515872516373,0.896404443755132,0.00023299911681662344,102,57,108,"Will Trump win 281-257 - AZ, GA, NC, PA?"
KXECDJT281,VOX,event,5min,6,5,kalshi_leads_etf,0.05044371783162068,1.3809490090216983,0.16729463949941248,0.3752692538184274,0.0011542756798863518,101,57,108,"Will Trump win 281-257 - AZ, GA, NC, PA?"
KXECDJT281,VOX,event,5min,6,6,kalshi_leads_etf,-0.017912664523665613,-0.16687217570935517,0.8674706267098958,0.896404443755132,0.0001498526154413149,100,56,108,"Will Trump win 281-257 - AZ, GA, NC, PA?"
KXECDJT306,VDC,calendar,10min,4,-4,etf_leads_kalshi,0.04460978248007388,0.5569098936202442,0.5775889946017512,0.5775889946017512,0.001018172738382117,32,18,37,"Will Trump win 306-232 - AZ, GA, MI, PA, WI, NC?"
KXECDJT306,VDC,calendar,10min,4,-3,etf_leads_kalshi,-0.9645875233711927,-15.48157119827652,4.6204879972975225e-54,4.15843919756777e-53,0.19930419214391804,33,18,37,"Will Trump win 306-232 - AZ, GA, MI, PA, WI, NC?"
KXECDJT306,VDC,calendar,10min,4,-2,etf_leads_kalshi,0.20722694364381042,2.2360812247400985,0.025346451070884284,0.07603935321265286,0.01905059988553104,34,18,37,"Will Trump win 306-232 - AZ, GA, MI, PA, WI, NC?"
KXECDJT306,VDC,calendar,10min,4,-1,etf_leads_kalshi,0.20731452845035678,4.194858488501692,2.730419990783715e-05,0.0001228688995852672,0.019397356658686693,35,18,37,"Will Trump win 306-232 - AZ, GA, MI, PA, WI, NC?"
KXECDJT306,VDC,calendar,10min,4,0,contemp,-0.07037510887519063,-1.1970281429412752,0.231295585631198,0.51928736010549,0.0021793563564215246,36,18,37,"Will Trump win 306-232 - AZ, GA, MI, PA, WI, NC?"
KXECDJT306,VDC,calendar,10min,4,1,kalshi_leads_etf,-0.16938058183362492,-1.0614334152572453,0.2884929778363834,0.51928736010549,0.012276678215767944,35,17,37,"Will Trump win 306-232 - AZ, GA, MI, PA, WI, NC?"
KXECDJT306,VDC,calendar,10min,4,2,kalshi_leads_etf,-0.13713759795212324,-0.7575155527603891,0.448741051710545,0.5769527807707007,0.00857367163330236,34,16,37,"Will Trump win 306-232 - AZ, GA, MI, PA, WI, NC?"
KXECDJT306,VDC,calendar,10min,4,3,kalshi_leads_etf,-0.12417733118227839,-0.5755593457155432,0.5649130667875091,0.5775889946017512,0.00723693219423116,33,16,37,"Will Trump win 306-232 - AZ, GA, MI, PA, WI, NC?"
KXECDJT306,VDC,calendar,10min,4,4,kalshi_leads_etf,-0.14250280997300302,-0.7698782497057948,0.44137211706786417,0.5769527807707007,0.009847210020047625,32,15,37,"Will Trump win 306-232 - AZ, GA, MI, PA, WI, NC?"
KXECDJT306,VDC,event,10min,4,-4,etf_leads_kalshi,0.26530913330993305,1.1992400638631593,0.23043461302842938,0.34565191954264407,0.03240554289536823,33,17,37,"Will Trump win 306-232 - AZ, GA, MI, PA, WI, NC?"
KXECDJT306,VDC,event,10min,4,-3,etf_leads_kalshi,-1.1783122569023323,-11.499585451261456,1.3255050923607588e-30,1.192954583124683e-29,0.22955773878398944,34,17,37,"Will Trump win 306-232 - AZ, GA, MI, PA, WI, NC?"
KXECDJT306,VDC,event,10min,4,-2,etf_leads_kalshi,0.21686759349855494,2.032301023624332,0.04212319091396996,0.07582174364514592,0.02137591206770617,35,17,37,"Will Trump win 306-232 - AZ, GA, MI, PA, WI, NC?"
KXECDJT306,VDC,event,10min,4,-1,etf_leads_kalshi,0.18621227639581414,3.641665110393145,0.00027088030612067474,0.0008126409183620242,0.015584078120797873,36,17,37,"Will Trump win 306-232 - AZ, GA, MI, PA, WI, NC?"
KXECDJT306,VDC,event,10min,4,0,contemp,-0.16382212626085046,-6.4286404637076995,1.2875024829387187e-10,5.793761173224235e-10,0.011457732370197427,37,18,37,"Will Trump win 306-232 - AZ, GA, MI, PA, WI, NC?"
KXECDJT306,VDC,event,10min,4,1,kalshi_leads_etf,0.048211565013685925,1.004415337829729,0.3151784601299287,0.35457576764616977,0.0010732729504645544,36,17,37,"Will Trump win 306-232 - AZ, GA, MI, PA, WI, NC?"
KXECDJT306,VDC,event,10min,4,2,kalshi_leads_etf,0.05552730633765386,1.0730205931225283,0.28326187660782665,0.35457576764616977,0.0014277333669889813,35,16,37,"Will Trump win 306-232 - AZ, GA, MI, PA, WI, NC?"
KXECDJT306,VDC,event,10min,4,3,kalshi_leads_etf,-0.3282215788929722,-3.2184604736912505,0.0012888073237029675,0.002899816478331677,0.04300260113170007,34,16,37,"Will Trump win 306-232 - AZ, GA, MI, PA, WI, NC?"
KXECDJT306,VDC,event,10min,4,4,kalshi_leads_etf,0.0026517166999210097,0.011206930753682018,0.9910583501495701,0.9910583501495701,3.5206381879815396e-06,33,16,37,"Will Trump win 306-232 - AZ, GA, MI, PA, WI, NC?"
KXECDJT281,VGT,calendar,5min,6,-6,etf_leads_kalshi,-0.09449723202141048,-0.8761447483359662,0.3809513486733258,0.6549984940221203,0.004115852942770948,102,57,108,"Will Trump win 281-257 - AZ, GA, NC, PA?"
KXECDJT281,VGT,calendar,5min,6,-5,etf_leads_kalshi,-0.06862503423615711,-0.9540552882827392,0.3400556569153249,0.6549984940221203,0.002231518083622319,103,58,108,"Will Trump win 281-257 - AZ, GA, NC, PA?"
KXECDJT281,VGT,calendar,5min,6,-4,etf_leads_kalshi,0.14403406555413975,1.8562380082884913,0.06341964075422446,0.412227664902459,0.00895036444144759,104,58,108,"Will Trump win 281-257 - AZ, GA, NC, PA?"
KXECDJT281,VGT,calendar,5min,6,-3,etf_leads_kalshi,0.02628627985860476,0.20265742628953867,0.8394028015005607,0.8394028015005607,0.0003165475454075528,105,59,108,"Will Trump win 281-257 - AZ, GA, NC, PA?"
KXECDJT281,VGT,calendar,5min,6,-2,etf_leads_kalshi,0.060391708573839464,0.8673989856591477,0.3857234374415264,0.6549984940221203,0.0017436904790051333,106,59,108,"Will Trump win 281-257 - AZ, GA, NC, PA?"
KXECDJT281,VGT,calendar,5min,6,-1,etf_leads_kalshi,0.06413324757760658,0.5177768178713312,0.6046139944819572,0.6549984940221203,0.001955324587688767,107,59,108,"Will Trump win 281-257 - AZ, GA, NC, PA?"
KXECDJT281,VGT,calendar,5min,6,0,contemp,-0.07577840003390536,-0.648888039273551,0.5164107462573998,0.6549984940221203,0.0026629101422864787,108,59,108,"Will Trump win 281-257 - AZ, GA, NC, PA?"
KXECDJT281,VGT,calendar,5min,6,1,kalshi_leads_etf,-0.10911823602581966,-2.1285704587354735,0.03328981477699438,0.412227664902459,0.005227717564287859,107,59,108,"Will Trump win 281-257 - AZ, GA, NC, PA?"
KXECDJT281,VGT,calendar,5min,6,2,kalshi_leads_etf,0.10929333931697424,1.0912508662763023,0.2751625111588988,0.6549984940221203,0.005165189949044802,106,58,108,"Will Trump win 281-257 - AZ, GA, NC, PA?"
KXECDJT281,VGT,calendar,5min,6,3,kalshi_leads_etf,-0.09370379191001414,-0.9961050793469769,0.31919909219268594,0.6549984940221203,0.0039968335088791385,105,57,108,"Will Trump win 281-257 - AZ, GA, NC, PA?"
KXECDJT281,VGT,calendar,5min,6,4,kalshi_leads_etf,-0.06468654001170998,-0.7851117694638339,0.43238803973442175,0.6549984940221203,0.0019547952091502063,104,57,108,"Will Trump win 281-257 - AZ, GA, NC, PA?"
KXECDJT281,VGT,calendar,5min,6,5,kalshi_leads_etf,-0.0880395498300907,-0.5376673296252863,0.5908067380588446,0.6549984940221203,0.003559915019213711,103,57,108,"Will Trump win 281-257 - AZ, GA, NC, PA?"
KXECDJT281,VGT,calendar,5min,6,6,kalshi_leads_etf,-0.09600430308982945,-0.7273932783262296,0.4669850709628981,0.6549984940221203,0.004374255930915338,102,56,108,"Will Trump win 281-257 - AZ, GA, NC, PA?"
KXECDJT281,VGT,event,5min,6,-6,etf_leads_kalshi,-0.06376775217351396,-2.631401879075643,0.008503341752547175,0.11054344278311327,0.001917114888030258,102,59,108,"Will Trump win 281-257 - AZ, GA, NC, PA?"
KXECDJT281,VGT,event,5min,6,-5,etf_leads_kalshi,-0.060277349481765316,-0.6744899471402904,0.499999874831497,0.9094208426658794,0.001716642653886269,103,60,108,"Will Trump win 281-257 - AZ, GA, NC, PA?"
KXECDJT281,VGT,event,5min,6,-4,etf_leads_kalshi,0.15161326195044908,1.6662822905182157,0.09565720232333354,0.621771815101668,0.009793400674443009,104,61,108,"Will Trump win 281-257 - AZ, GA, NC, PA?"
KXECDJT281,VGT,event,5min,6,-3,etf_leads_kalshi,0.06485373039151669,0.5927249652703432,0.553365230896278,0.9094208426658794,0.0018766877361884315,105,62,108,"Will Trump win 281-257 - AZ, GA, NC, PA?"
KXECDJT281,VGT,event,5min,6,-2,etf_leads_kalshi,-0.010618383771865633,-0.18985684915404796,0.8494213067679883,0.9094208426658794,5.3457198619599744e-05,106,62,108,"Will Trump win 281-257 - AZ, GA, NC, PA?"
KXECDJT281,VGT,event,5min,6,-1,etf_leads_kalshi,-0.09522718861990621,-0.5011904786020148,0.6162370746047537,0.9094208426658794,0.003989283826279499,107,62,108,"Will Trump win 281-257 - AZ, GA, NC, PA?"
KXECDJT281,VGT,event,5min,6,0,contemp,-0.1157896936937263,-1.4132483329488228,0.1575827197471763,0.682858452237764,0.0061344805263287006,108,62,108,"Will Trump win 281-257 - AZ, GA, NC, PA?"
KXECDJT281,VGT,event,5min,6,1,kalshi_leads_etf,0.01716164654004398,0.11376908924701903,0.9094208426658794,0.9094208426658794,0.00013367587454649055,107,62,108,"Will Trump win 281-257 - AZ, GA, NC, PA?"
KXECDJT281,VGT,event,5min,6,2,kalshi_leads_etf,0.035018722478841136,0.3916272892475036,0.6953336214436849,0.9094208426658794,0.0005593878419007936,106,61,108,"Will Trump win 281-257 - AZ, GA, NC, PA?"
KXECDJT281,VGT,event,5min,6,3,kalshi_leads_etf,-0.058658920431265596,-0.5861873951986131,0.5577495912285453,0.9094208426658794,0.001583886989959482,105,60,108,"Will Trump win 281-257 - AZ, GA, NC, PA?"
KXECDJT281,VGT,event,5min,6,4,kalshi_leads_etf,-0.012297738789851322,-0.1779927266455404,0.858728687829718,0.9094208426658794,7.067623338830042e-05,104,59,108,"Will Trump win 281-257 - AZ, GA, NC, PA?"
KXECDJT281,VGT,event,5min,6,5,kalshi_leads_etf,-0.03344617203051957,-0.22649808187011533,0.8208140509183233,0.9094208426658794,0.000529003828284913,103,59,108,"Will Trump win 281-257 - AZ, GA, NC, PA?"
KXECDJT281,VGT,event,5min,6,6,kalshi_leads_etf,-0.14091999337519742,-1.117324917011814,0.2638554254352752,0.8575301326646443,0.009306187968654123,102,59,108,"Will Trump win 281-257 - AZ, GA, NC, PA?"
KXECDJT312,VAW,calendar,10min,5,-5,etf_leads_kalshi,0.01894532520659175,0.1796934273683345,0.8573932536548325,0.8843145802562893,0.00015774429782922095,72,43,78,Will Trump win 312-226 - swing state sweep?
KXECDJT312,VAW,calendar,10min,5,-4,etf_leads_kalshi,-0.16257471351396668,-3.303569636211515,0.0009546225714835234,0.010500848286318757,0.010667652924734594,73,43,78,Will Trump win 312-226 - swing state sweep?
KXECDJT312,VAW,calendar,10min,5,-3,etf_leads_kalshi,0.013058291851810757,0.14550194493500124,0.8843145802562893,0.8843145802562893,7.152604013982433e-05,74,44,78,Will Trump win 312-226 - swing state sweep?
KXECDJT312,VAW,calendar,10min,5,-2,etf_leads_kalshi,-0.06307156309434818,-0.8345341771439745,0.4039800364856263,0.645005876397074,0.0016791484306420967,75,44,78,Will Trump win 312-226 - swing state sweep?
KXECDJT312,VAW,calendar,10min,5,-1,etf_leads_kalshi,0.13807676360844554,1.5909408318362839,0.11162289220107603,0.40928393807061214,0.008261635682228041,76,44,78,Will Trump win 312-226 - swing state sweep?
KXECDJT312,VAW,calendar,10min,5,0,contemp,-0.027247905869391825,-0.21151697363555863,0.8324838887754547,0.8843145802562893,0.0003318276124870678,77,45,78,Will Trump win 312-226 - swing state sweep?
KXECDJT312,VAW,calendar,10min,5,1,kalshi_leads_etf,-0.1329521048393952,-0.8230874149813299,0.4104582849799562,0.645005876397074,0.007672009967963911,76,45,78,Will Trump win 312-226 - swing state sweep?
KXECDJT312,VAW,calendar,10min,5,2,kalshi_leads_etf,0.13248161842504322,1.1200632346190516,0.2626868163470206,0.645005876397074,0.007952723324990973,75,45,78,Will Trump win 312-226 - swing state sweep?
KXECDJT312,VAW,calendar,10min,5,3,kalshi_leads_etf,-0.060335677763953814,-0.5506680257450683,0.5818612671247883,0.8000592422965839,0.0017582150854614786,74,45,78,Will Trump win 312-226 - swing state sweep?
KXECDJT312,VAW,calendar,10min,5,4,kalshi_leads_etf,-0.23750886559017745,-2.0036567059694463,0.04510684695921809,0.2480876582756995,0.022966822347243454,73,45,78,Will Trump win 312-226 - swing state sweep?
KXECDJT312,VAW,calendar,10min,5,5,kalshi_leads_etf,0.14709668187949132,1.0260882232980164,0.3048500008562135,0.645005876397074,0.010063895774845677,72,44,78,Will Trump win 312-226 - swing state sweep?
KXECDJT312,VAW,event,10min,5,-5,etf_leads_kalshi,0.012053301380291238,0.177238558080455,0.8593210101047976,0.8593210101047976,6.693659525724982e-05,72,42,78,Will Trump win 312-226 - swing state sweep?
KXECDJT312,VAW,event,10min,5,-4,etf_leads_kalshi,-0.28645093230646795,-2.969081841921349,0.00298691032087068,0.03285601352957748,0.03033720765173109,73,42,78,Will Trump win 312-226 - swing state sweep?
KXECDJT312,VAW,event,10min,5,-3,etf_leads_kalshi,0.12024598297822771,1.2161035523935517,0.2239454774799623,0.49268005045591706,0.006088675656753417,74,43,78,Will Trump win 312-226 - swing state sweep?
KXECDJT312,VAW,event,10min,5,-2,etf_leads_kalshi,-0.03834892791234773,-0.297371520118384,0.7661828844117826,0.8593210101047976,0.0006292113167011282,75,44,78,Will Trump win 312-226 - swing state sweep?
KXECDJT312,VAW,event,10min,5,-1,etf_leads_kalshi,0.29219978014389697,2.5722810143574715,0.01010308485317903,0.04206799748502641,0.03532419694234801,76,44,78,Will Trump win 312-226 - swing state sweep?
KXECDJT312,VAW,event,10min,5,0,contemp,-0.08567811605870719,-0.46067660677724076,0.6450306409009523,0.8593210101047976,0.003234716628041756,77,44,78,Will Trump win 312-226 - swing state sweep?
KXECDJT312,VAW,event,10min,5,1,kalshi_leads_etf,-0.12813443889197926,-0.8399013485714322,0.40096370144753346,0.735100119320478,0.0071451798162676106,76,44,78,Will Trump win 312-226 - swing state sweep?
KXECDJT312,VAW,event,10min,5,2,kalshi_leads_etf,0.025133548088134176,0.2170861772490669,0.8281411860692892,0.8593210101047976,0.0002956583171340732,75,43,78,Will Trump win 312-226 - swing state sweep?
KXECDJT312,VAW,event,10min,5,3,kalshi_leads_etf,-0.037257877091351775,-0.35349210411671955,0.7237195471898872,0.8593210101047976,0.0006661435736604604,74,43,78,Will Trump win 312-226 - swing state sweep?
KXECDJT312,VAW,event,10min,5,4,kalshi_leads_etf,-0.3076022586094836,-2.52794935015754,0.011473090223189021,0.04206799748502641,0.036682230904121926,73,43,78,Will Trump win 312-226 - swing state sweep?
KXECDJT312,VAW,event,10min,5,5,kalshi_leads_etf,0.2124636461113996,1.3026544289646758,0.19269276662460066,0.49268005045591706,0.02066319684122997,72,42,78,Will Trump win 312-226 - swing state sweep?
KXECDJT281,VCR,calendar,5min,6,-6,etf_leads_kalshi,-0.038081931116682774,-1.1859382652300754,0.23564668029038915,0.5024092305514511,0.0006893282898936537,101,55,108,"Will Trump win 281-257 - AZ, GA, NC, PA?"
KXECDJT281,VCR,calendar,5min,6,-5,etf_leads_kalshi,0.06410593165506495,1.240546393164887,0.2147733656743802,0.5024092305514511,0.001884576405058902,102,55,108,"Will Trump win 281-257 - AZ, GA, NC, PA?"
KXECDJT281,VCR,calendar,5min,6,-4,etf_leads_kalshi,0.36022110494664555,1.603071942819021,0.10891877158949,0.4598502289734301,0.046455521778487996,103,55,108,"Will Trump win 281-257 - AZ, GA, NC, PA?"
KXECDJT281,VCR,calendar,5min,6,-3,etf_leads_kalshi,-0.0930036342063046,-1.8319436361127666,0.06695981847063036,0.4598502289734301,0.004010275329610402,104,56,108,"Will Trump win 281-257 - AZ, GA, NC, PA?"
KXECDJT281,VCR,calendar,5min,6,-2,etf_leads_kalshi,0.016447757142996653,0.36108509592498894,0.7180358344458831,0.77787215398304,0.00012751077327854965,105,57,108,"Will Trump win 281-257 - AZ, GA, NC, PA?"
KXECDJT281,VCR,calendar,5min,6,-1,etf_leads_kalshi,0.06864602369496411,0.5712946753400644,0.5677999104949463,0.6710362578576637,0.002232001129242267,106,57,108,"Will Trump win 281-257 - AZ, GA, NC, PA?"
KXECDJT281,VCR,calendar,5min,6,0,contemp,0.026932066319302648,0.20067707022855463,0.840951090280939,0.840951090280939,0.0003250370624602317,107,57,108,"Will Trump win 281-257 - AZ, GA, NC, PA?"
KXECDJT281,VCR,calendar,5min,6,1,kalshi_leads_etf,-0.06423534174913376,-1.5472075893458903,0.12181319650387053,0.4598502289734301,0.001868757572913271,106,57,108,"Will Trump win 281-257 - AZ, GA, NC, PA?"
KXECDJT281,VCR,calendar,5min,6,2,kalshi_leads_etf,-0.11204702141496609,-0.7975994599769416,0.4251029645173562,0.6710362578576637,0.005671918046070923,105,56,108,"Will Trump win 281-257 - AZ, GA, NC, PA?"
KXECDJT281,VCR,calendar,5min,6,3,kalshi_leads_etf,-0.10221544572524115,-1.1018473360832617,0.2705280472200121,0.5024092305514511,0.004691955535657599,104,55,108,"Will Trump win 281-257 - AZ, GA, NC, PA?"
KXECDJT281,VCR,calendar,5min,6,4,kalshi_leads_etf,-0.14428549633669935,-0.6721709143151876,0.501474895206741,0.6710362578576637,0.009041239415598756,103,55,108,"Will Trump win 281-257 - AZ, GA, NC, PA?"
KXECDJT281,VCR,calendar,5min,6,5,kalshi_leads_etf,0.05172029574500286,0.5746394676251584,0.5655351538848368,0.6710362578576637,0.001230813313651824,102,55,108,"Will Trump win 281-257 - AZ, GA, NC, PA?"
KXECDJT281,VCR,calendar,5min,6,6,kalshi_leads_etf,-0.0791324784107579,-1.4702562025425499,0.1414923781456708,0.4598502289734301,0.0029958909628574615,101,54,108,"Will Trump win 281-257 - AZ, GA, NC, PA?"
KXECDJT281,VCR,event,5min,6,-6,etf_leads_kalshi,0.000779229701786889,0.017238395446744596,0.9862464315970201,0.9862464315970201,2.850968012779731e-07,101,57,108,"Will Trump win 281-257 - AZ, GA, NC, PA?"
KXECDJT281,VCR,event,5min,6,-5,etf_leads_kalshi,0.016140666325932626,0.286744566993797,0.7743079102982009,0.9862464315970201,0.00012109182497921367,102,57,108,"Will Trump win 281-257 - AZ, GA, NC, PA?"
KXECDJT281,VCR,event,5min,6,-4,etf_leads_kalshi,0.3181331415172942,1.0936734633980392,0.27409821674293255,0.7843085008086432,0.03742880616006439,103,58,108,"Will Trump win 281-257 - AZ, GA, NC, PA?"
KXECDJT281,VCR,event,5min,6,-3,etf_leads_kalshi,-0.10777066655063171,-0.9414252149748137,0.3464869969439496,0.7843085008086432,0.005402107511591425,104,59,108,"Will Trump win 281-257 - AZ, GA, NC, PA?"
KXECDJT281,VCR,event,5min,6,-2,etf_leads_kalshi,-0.009243260322689245,-0.11147409910958365,0.9112404034872553,0.9862464315970201,3.982113348444116e-05,105,60,108,"Will Trump win 281-257 - AZ, GA, NC, PA?"
KXECDJT281,VCR,event,5min,6,-1,etf_leads_kalshi,0.003807625451658824,0.03526685723370039,0.9718669509783762,0.9862464315970201,6.521571767281742e-06,106,60,108,"Will Trump win 281-257 - AZ, GA, NC, PA?"
KXECDJT281,VCR,event,5min,6,0,contemp,0.11680142147173386,0.9115824986304257,0.36198853883475846,0.7843085008086432,0.00572242566803105,107,60,108,"Will Trump win 281-257 - AZ, GA, NC, PA?"
KXECDJT281,VCR,event,5min,6,1,kalshi_leads_etf,-0.0990117089967984,-1.4956216095893253,0.13475228859785018,0.5839265839240174,0.004333329310749923,106,60,108,"Will Trump win 281-257 - AZ, GA, NC, PA?"
KXECDJT281,VCR,event,5min,6,2,kalshi_leads_etf,0.07416541927105351,0.4420342754316751,0.6584644033418054,0.9511152492714968,0.0024285258248522013,105,59,108,"Will Trump win 281-257 - AZ, GA, NC, PA?"
KXECDJT281,VCR,event,5min,6,3,kalshi_leads_etf,-0.14042431852912116,-3.9615987973826647,7.444956412059733e-05,0.0009678443335677652,0.008741756363244146,104,58,108,"Will Trump win 281-257 - AZ, GA, NC, PA?"
KXECDJT281,VCR,event,5min,6,4,kalshi_leads_etf,-0.1310889665749551,-0.6455433676679699,0.5185751237917786,0.8426845761616402,0.007616528215681817,103,58,108,"Will Trump win 281-257 - AZ, GA, NC, PA?"
KXECDJT281,VCR,event,5min,6,5,kalshi_leads_etf,0.05342265674698378,0.7091491658382134,0.4782319152789868,0.8426845761616402,0.001293804692181988,102,58,108,"Will Trump win 281-257 - AZ, GA, NC, PA?"
KXECDJT281,VCR,event,5min,6,6,kalshi_leads_etf,-0.05977121976037295,-2.4532224281586372,0.014158276146473874,0.09202879495208018,0.0016863039256448387,101,58,108,"Will Trump win 281-257 - AZ, GA, NC, PA?"
KXFEDDECISION-24DEC-C25,VFH,calendar,5min,10,-10,etf_leads_kalshi,0.03058037707238391,0.7840316208643547,0.4330215563065184,0.771322723891079,0.0003381230267425206,774,382,812,Will the Federal Reserve Cut rates by 25bps at their December 2024 meeting?
KXFEDDECISION-24DEC-C25,VFH,calendar,5min,10,-9,etf_leads_kalshi,-0.008864733771110425,-0.19741604269791138,0.843501976396636,0.9899744290268767,2.8745395206586366e-05,775,383,812,Will the Federal Reserve Cut rates by 25bps at their December 2024 meeting?
KXFEDDECISION-24DEC-C25,VFH,calendar,5min,10,-8,etf_leads_kalshi,-0.03318619599932662,-0.844134457820613,0.3985942745143596,0.771322723891079,0.00040266142170675145,776,383,812,Will the Federal Reserve Cut rates by 25bps at their December 2024 meeting?
KXFEDDECISION-24DEC-C25,VFH,calendar,5min,10,-7,etf_leads_kalshi,0.023562916652086867,0.711751931858235,0.4766184031498403,0.771322723891079,0.0002036113115422289,777,383,812,Will the Federal Reserve Cut rates by 25bps at their December 2024 meeting?
KXFEDDECISION-24DEC-C25,VFH,calendar,5min,10,-6,etf_leads_kalshi,0.07336300628786903,2.996281666690302,0.0027329386754960123,0.02869585609270813,0.0019079831060675456,778,383,812,Will the Federal Reserve Cut rates by 25bps at their December 2024 meeting?
KXFEDDECISION-24DEC-C25,VFH,calendar,5min,10,-5,etf_leads_kalshi,-0.03433099080822415,-0.7103526214478129,0.47748549574209653,0.771322723891079,0.0004261977434600883,779,384,812,Will the Federal Reserve Cut rates by 25bps at their December 2024 meeting?
KXFEDDECISION-24DEC-C25,VFH,calendar,5min,10,-4,etf_leads_kalshi,0.0008144378215609999,0.012565520493943645,0.9899744290268767,0.9899744290268767,2.431646983769298e-07,780,384,812,Will the Federal Reserve Cut rates by 25bps at their December 2024 meeting?
KXFEDDECISION-24DEC-C25,VFH,calendar,5min,10,-3,etf_leads_kalshi,-0.007216328875577876,-0.1299476176619598,0.8966078702104439,0.9899744290268767,1.9435677448664812e-05,781,385,812,Will the Federal Reserve Cut rates by 25bps at their December 2024 meeting?
KXFEDDECISION-24DEC-C25,VFH,calendar,5min,10,-2,etf_leads_kalshi,-0.04398826056074403,-0.8600487823535267,0.3897621524541459,0.771322723891079,0.00072397739979424,782,386,812,Will the Federal Reserve Cut rates by 25bps at their December 2024 meeting?
KXFEDDECISION-24DEC-C25,VFH,calendar,5min,10,-1,etf_leads_kalshi,0.030414315711756502,0.8580759746738145,0.3908505127697035,0.771322723891079,0.0003620062286761039,783,387,812,Will the Federal Reserve Cut rates by 25bps at their December 2024 meeting?
KXFEDDECISION-24DEC-C25,VFH,calendar,5min,10,0,contemp,0.026436751975931594,0.878783135559633,0.37951887194170875,0.771322723891079,0.00032268254048350986,784,388,812,Will the Federal Reserve Cut rates by 25bps at their December 2024 meeting?
KXFEDDECISION-24DEC-C25,VFH,calendar,5min,10,1,kalshi_leads_etf,-0.03954977491704589,-1.3204141432838488,0.1866967840691206,0.771322723891079,0.0006991711124058053,783,387,812,Will the Federal Reserve Cut rates by 25bps at their December 2024 meeting?
KXFEDDECISION-24DEC-C25,VFH,calendar,5min,10,2,kalshi_leads_etf,0.011788856107941389,0.33102077990723533,0.7406287894684322,0.9720752861773174,6.35515033985401e-05,782,386,812,Will the Federal Reserve Cut rates by 25bps at their December 2024 meeting?
KXFEDDECISION-24DEC-C25,VFH,calendar,5min,10,3,kalshi_leads_etf,-0.0026909580345333833,-0.08142561334775562,0.9351034802324435,0.9899744290268767,3.3270726176315435e-06,781,386,812,Will the Federal Reserve Cut rates by 25bps at their December 2024 meeting?
KXFEDDECISION-24DEC-C25,VFH,calendar,5min,10,4,kalshi_leads_etf,0.0857722458686049,2.3103776168731622,0.020867257186209257,0.10955310022759861,0.0030767381744376543,780,385,812,Will the Federal Reserve Cut rates by 25bps at their December 2024 meeting?
KXFEDDECISION-24DEC-C25,VFH,calendar,5min,10,5,kalshi_leads_etf,-0.10776292984446534,-2.698180022194943,0.006971972675195823,0.04880380872637076,0.005052932237517349,779,385,812,Will the Federal Reserve Cut rates by 25bps at their December 2024 meeting?
KXFEDDECISION-24DEC-C25,VFH,calendar,5min,10,6,kalshi_leads_etf,0.05862193558436952,3.2509751373672637,0.0011500991482008371,0.02415208211221758,0.0015312627100246834,778,385,812,Will the Federal Reserve Cut rates by 25bps at their December 2024 meeting?
KXFEDDECISION-24DEC-C25,VFH,calendar,5min,10,7,kalshi_leads_etf,0.02726140929100989,1.0546529740783166,0.2915840664956135,0.771322723891079,0.0003394629649910996,777,385,812,Will the Federal Reserve Cut rates by 25bps at their December 2024 meeting?
KXFEDDECISION-24DEC-C25,VFH,calendar,5min,10,8,kalshi_leads_etf,-0.012327269698472308,-0.3784479259377271,0.705097871126604,0.9720752861773174,7.006915574669925e-05,776,385,812,Will the Federal Reserve Cut rates by 25bps at their December 2024 meeting?
KXFEDDECISION-24DEC-C25,VFH,calendar,5min,10,9,kalshi_leads_etf,0.02636971627962116,0.5403055038850739,0.5889863633342463,0.8834795450013694,0.00031970515975143776,775,384,812,Will the Federal Reserve Cut rates by 25bps at their December 2024 meeting?
KXFEDDECISION-24DEC-C25,VFH,calendar,5min,10,10,kalshi_leads_etf,0.0021449441840763733,0.04709525146723522,0.9624373119204023,0.9899744290268767,2.1392916669249473e-06,774,384,812,Will the Federal Reserve Cut rates by 25bps at their December 2024 meeting?
KXFEDDECISION-24DEC-C25,VFH,event,5min,10,-10,etf_leads_kalshi,-0.00969240429355362,-0.23346151138512786,0.8154030532930243,0.9012349536396584,3.8631238454822636e-05,779,373,813,Will the Federal Reserve Cut rates by 25bps at their December 2024 meeting?
KXFEDDECISION-24DEC-C25,VFH,event,5min,10,-9,etf_leads_kalshi,-0.05180350367955508,-1.1633046800483218,0.24470590753628862,0.5138824058262061,0.001096897413344844,780,374,813,Will the Federal Reserve Cut rates by 25bps at their December 2024 meeting?
KXFEDDECISION-24DEC-C25,VFH,event,5min,10,-8,etf_leads_kalshi,0.008003057799016364,0.2597630376285013,0.7950465641172149,0.9012349536396584,2.6919150841298034e-05,781,374,813,Will the Federal Reserve Cut rates by 25bps at their December 2024 meeting?
KXFEDDECISION-24DEC-C25,VFH,event,5min,10,-7,etf_leads_kalshi,0.0422629935106232,0.6623314434652936,0.5077588295729073,0.7108623614020702,0.0007492272238580622,782,374,813,Will the Federal Reserve Cut rates by 25bps at their December 2024 meeting?
KXFEDDECISION-24DEC-C25,VFH,event,5min,10,-6,etf_leads_kalshi,0.058389229260894404,0.9725888850923832,0.33075766899497405,0.6064836881853778,0.0014222052651476913,783,374,813,Will the Federal Reserve Cut rates by 25bps at their December 2024 meeting?
KXFEDDECISION-24DEC-C25,VFH,event,5min,10,-5,etf_leads_kalshi,-0.10831125302315499,-2.428753532744112,0.015150827936324966,0.06363347733256486,0.004520453148528225,784,375,813,Will the Federal Reserve Cut rates by 25bps at their December 2024 meeting?
KXFEDDECISION-24DEC-C25,VFH,event,5min,10,-4,etf_leads_kalshi,-0.008868339755535816,-0.2365280059588152,0.8130229780892257,0.9012349536396584,3.334840903845837e-05,785,375,813,Will the Federal Reserve Cut rates by 25bps at their December 2024 meeting?
KXFEDDECISION-24DEC-C25,VFH,event,5min,10,-3,etf_leads_kalshi,0.14269921022077742,3.468886575464566,0.0005226200467332519,0.0036583403271327635,0.00728594805390026,786,376,813,Will the Federal Reserve Cut rates by 25bps at their December 2024 meeting?
KXFEDDECISION-24DEC-C25,VFH,event,5min,10,-2,etf_leads_kalshi,-0.10474335434185472,-2.2843843087159836,0.022348954932148044,0.07822134226251816,0.004324463450760874,787,377,813,Will the Federal Reserve Cut rates by 25bps at their December 2024 meeting?
KXFEDDECISION-24DEC-C25,VFH,event,5min,10,-1,etf_leads_kalshi,-0.012853073657451435,-0.3103638151514162,0.7562843077452934,0.9012349536396584,7.227023792522047e-05,788,378,813,Will the Federal Reserve Cut rates by 25bps at their December 2024 meeting?
KXFEDDECISION-24DEC-C25,VFH,event,5min,10,0,contemp,0.06818060451753001,1.5964234268908817,0.11039428920278439,0.25758667480649694,0.0020707852178145636,789,379,813,Will the Federal Reserve Cut rates by 25bps at their December 2024 meeting?
KXFEDDECISION-24DEC-C25,VFH,event,5min,10,1,kalshi_leads_etf,0.0010831046195205613,0.015869058110923727,0.9873388549440812,0.9873388549440812,5.386602612844626e-07,788,379,813,Will the Federal Reserve Cut rates by 25bps at their December 2024 meeting?
KXFEDDECISION-24DEC-C25,VFH,event,5min,10,2,kalshi_leads_etf,-0.1235658331741648,-2.4357035669498783,0.014862859020907873,0.06363347733256486,0.006168451732767699,787,379,813,Will the Federal Reserve Cut rates by 25bps at their December 2024 meeting?
KXFEDDECISION-24DEC-C25,VFH,event,5min,10,3,kalshi_leads_etf,0.1128053253302811,1.7193941195541937,0.08554263226832272,0.22454940970434714,0.005437629726729121,786,379,813,Will the Federal Reserve Cut rates by 25bps at their December 2024 meeting?
KXFEDDECISION-24DEC-C25,VFH,event,5min,10,4,kalshi_leads_etf,0.024526086242892285,0.8439129187542713,0.3987180686016891,0.6440830338950363,0.0002740634841358336,785,379,813,Will the Federal Reserve Cut rates by 25bps at their December 2024 meeting?
KXFEDDECISION-24DEC-C25,VFH,event,5min,10,5,kalshi_leads_etf,-0.10238899518139517,-4.234406728252204,2.2915586978727668e-05,0.00024061366327664052,0.004320884998988306,784,378,813,Will the Federal Reserve Cut rates by 25bps at their December 2024 meeting?
KXFEDDECISION-24DEC-C25,VFH,event,5min,10,6,kalshi_leads_etf,-0.04009416601525909,-2.2248077558740285,0.02609414651883532,0.07828243955650596,0.0007299960968057961,783,378,813,Will the Federal Reserve Cut rates by 25bps at their December 2024 meeting?
KXFEDDECISION-24DEC-C25,VFH,event,5min,10,7,kalshi_leads_etf,0.07450052740352742,4.319062153133322,1.566936523271579e-05,0.00024061366327664052,0.00246403244629656,782,378,813,Will the Federal Reserve Cut rates by 25bps at their December 2024 meeting?
KXFEDDECISION-24DEC-C25,VFH,event,5min,10,8,kalshi_leads_etf,0.029984417686647464,0.9412785978454635,0.34656210753450156,0.6064836881853778,0.00041585902103769,781,377,813,Will the Federal Reserve Cut rates by 25bps at their December 2024 meeting?
KXFEDDECISION-24DEC-C25,VFH,event,5min,10,9,kalshi_leads_etf,0.0031788402778681448,0.0711151903282064,0.9433060786468074,0.9873388549440812,4.6784091781715276e-06,780,377,813,Will the Federal Reserve Cut rates by 25bps at their December 2024 meeting?
KXFEDDECISION-24DEC-C25,VFH,event,5min,10,10,kalshi_leads_etf,-0.023044687028034517,-0.713867017917226,0.4753094137572882,0.7108623614020702,0.0002480103728224048,779,376,813,Will the Federal Reserve Cut rates by 25bps at their December 2024 meeting?
FEDDECISION-24NOV-H0,VDE,calendar,10min,6,-6,etf_leads_kalshi,0.0063796520188562,0.10894086588893083,0.9132493932262424,0.9798484123828046,1.90040100265243e-05,177,92,186,Will the Federal Reserve Hike rates by 0bps at their November 2024 meeting?
FEDDECISION-24NOV-H0,VDE,calendar,10min,6,-5,etf_leads_kalshi,-0.026435242633964216,-0.2536504930722485,0.7997655841392902,0.9451775085282521,0.00032282418469442575,178,93,186,Will the Federal Reserve Hike rates by 0bps at their November 2024 meeting?
FEDDECISION-24NOV-H0,VDE,calendar,10min,6,-4,etf_leads_kalshi,-0.03841449858356157,-0.3631858654744876,0.7164660455263894,0.9451775085282521,0.0006841802513573025,179,93,186,Will the Federal Reserve Hike rates by 0bps at their November 2024 meeting?
FEDDECISION-24NOV-H0,VDE,calendar,10min,6,-3,etf_leads_kalshi,0.09706778390946531,0.9821272329252001,0.3260371706424223,0.847696643670298,0.00435970725752155,180,94,186,Will the Federal Reserve Hike rates by 0bps at their November 2024 meeting?
FEDDECISION-24NOV-H0,VDE,calendar,10min,6,-2,etf_leads_kalshi,0.0020165796770185217,0.025258955324275797,0.9798484123828046,0.9798484123828046,1.8655031093217644e-06,181,94,186,Will the Federal Reserve Hike rates by 0bps at their November 2024 meeting?
FEDDECISION-24NOV-H0,VDE,calendar,10min,6,-1,etf_leads_kalshi,-0.1645435225618649,-1.5019965159344506,0.13309800862141868,0.4325685280196107,0.012347943919499005,182,95,186,Will the Federal Reserve Hike rates by 0bps at their November 2024 meeting?
FEDDECISION-24NOV-H0,VDE,calendar,10min,6,0,contemp,0.14497671446386556,1.524897783034614,0.12728459493737854,0.4325685280196107,0.009080440050822092,183,95,186,Will the Federal Reserve Hike rates by 0bps at their November 2024 meeting?
FEDDECISION-24NOV-H0,VDE,calendar,10min,6,1,kalshi_leads_etf,-0.1985324922843017,-1.858605816404401,0.0630830320636761,0.4325685280196107,0.01676978057802392,182,95,186,Will the Federal Reserve Hike rates by 0bps at their November 2024 meeting?
FEDDECISION-24NOV-H0,VDE,calendar,10min,6,2,kalshi_leads_etf,0.03021874137446382,0.3571681041211109,0.7209659624085235,0.9451775085282521,0.00042180625558851936,181,94,186,Will the Federal Reserve Hike rates by 0bps at their November 2024 meeting?
FEDDECISION-24NOV-H0,VDE,calendar,10min,6,3,kalshi_leads_etf,-0.07104005681734242,-0.8252836763334659,0.40921055709479126,0.8866228737053811,0.002309422794902427,180,93,186,Will the Federal Reserve Hike rates by 0bps at their November 2024 meeting?
FEDDECISION-24NOV-H0,VDE,calendar,10min,6,4,kalshi_leads_etf,-0.04696710653325392,-0.5532259268184482,0.5801087155750616,0.9451775085282521,0.001012913259536119,179,93,186,Will the Federal Reserve Hike rates by 0bps at their November 2024 meeting?
FEDDECISION-24NOV-H0,VDE,calendar,10min,6,5,kalshi_leads_etf,-0.030380473900488376,-0.3411775854334043,0.7329698962852708,0.9451775085282521,0.00042846317534106504,178,92,186,Will the Federal Reserve Hike rates by 0bps at their November 2024 meeting?
FEDDECISION-24NOV-H0,VDE,calendar,10min,6,6,kalshi_leads_etf,-0.14390097759296477,-1.615788922428336,0.1061399574116809,0.4325685280196107,0.009360490766258112,177,92,186,Will the Federal Reserve Hike rates by 0bps at their November 2024 meeting?
FEDDECISION-24NOV-H0,VDE,event,10min,6,-6,etf_leads_kalshi,-0.0011269128509049568,-0.010641584436856298,0.9915094043261943,0.9915094043261943,5.901968477273201e-07,178,95,186,Will the Federal Reserve Hike rates by 0bps at their November 2024 meeting?
FEDDECISION-24NOV-H0,VDE,event,10min,6,-5,etf_leads_kalshi,0.03186152807667582,0.2885925261847557,0.772893215509705,0.9915094043261943,0.000466338957110346,179,96,186,Will the Federal Reserve Hike rates by 0bps at their November 2024 meeting?
FEDDECISION-24NOV-H0,VDE,event,10min,6,-4,etf_leads_kalshi,-0.0700993137574719,-0.6461765292226264,0.5181650378666098,0.9915094043261943,0.002281423325166898,180,96,186,Will the Federal Reserve Hike rates by 0bps at their November 2024 meeting?
FEDDECISION-24NOV-H0,VDE,event,10min,6,-3,etf_leads_kalshi,0.020765477167275923,0.19656101989244218,0.8441710770611872,0.9915094043261943,0.0001998532214406712,181,97,186,Will the Federal Reserve Hike rates by 0bps at their November 2024 meeting?
FEDDECISION-24NOV-H0,VDE,event,10min,6,-2,etf_leads_kalshi,0.06837308969002329,0.8204362779893506,0.4119674414832408,0.9915094043261943,0.0021026970397680644,182,97,186,Will the Federal Reserve Hike rates by 0bps at their November 2024 meeting?
FEDDECISION-24NOV-H0,VDE,event,10min,6,-1,etf_leads_kalshi,-0.10916139605643317,-1.8028968799149685,0.07140441111442175,0.4641286722437414,0.0053098141270599974,183,98,186,Will the Federal Reserve Hike rates by 0bps at their November 2024 meeting?
FEDDECISION-24NOV-H0,VDE,event,10min,6,0,contemp,-0.08277488398851335,-1.1106915985968668,0.26670111974684496,0.9915094043261943,0.0030901149540444317,184,98,186,Will the Federal Reserve Hike rates by 0bps at their November 2024 meeting?
FEDDECISION-24NOV-H0,VDE,event,10min,6,1,kalshi_leads_etf,-0.22394441457941838,-1.8834937067509678,0.059633491902292494,0.4641286722437414,0.02117789104782275,183,97,186,Will the Federal Reserve Hike rates by 0bps at their November 2024 meeting?
FEDDECISION-24NOV-H0,VDE,event,10min,6,2,kalshi_leads_etf,-0.053795968468097095,-0.4943245803736308,0.6210769683310726,0.9915094043261943,0.0013196268535039524,182,96,186,Will the Federal Reserve Hike rates by 0bps at their November 2024 meeting?
FEDDECISION-24NOV-H0,VDE,event,10min,6,3,kalshi_leads_etf,-0.009474211795806467,-0.1124633324860529,0.910456041692833,0.9915094043261943,4.111463838196716e-05,181,96,186,Will the Federal Reserve Hike rates by 0bps at their November 2024 meeting?
FEDDECISION-24NOV-H0,VDE,event,10min,6,4,kalshi_leads_etf,0.002414264582830422,0.030559677298684133,0.975620699972479,0.9915094043261943,2.7252002278155274e-06,180,96,186,Will the Federal Reserve Hike rates by 0bps at their November 2024 meeting?
FEDDECISION-24NOV-H0,VDE,event,10min,6,5,kalshi_leads_etf,-0.042305034323143614,-0.4631755201097236,0.6432385615952076,0.9915094043261943,0.0008297340851090018,179,95,186,Will the Federal Reserve Hike rates by 0bps at their November 2024 meeting?
FEDDECISION-24NOV-H0,VDE,event,10min,6,6,kalshi_leads_etf,0.05476878515802226,0.5347842778229587,0.5927990360282561,0.9915094043261943,0.0014164704632192437,178,95,186,Will the Federal Reserve Hike rates by 0bps at their November 2024 meeting?
FEDDECISION-24NOV-H0,VNQ,calendar,10min,6,-6,etf_leads_kalshi,0.16830569189238617,1.5577537060881086,0.11929164393012258,0.6397055223553351,0.012966608807810642,179,81,186,Will the Federal Reserve Hike rates by 0bps at their November 2024 meeting?
FEDDECISION-24NOV-H0,VNQ,calendar,10min,6,-5,etf_leads_kalshi,0.09358746885142112,0.9235947488242768,0.35569734888146853,0.6605807907798702,0.003940100803460966,180,82,186,Will the Federal Reserve Hike rates by 0bps at their November 2024 meeting?
FEDDECISION-24NOV-H0,VNQ,calendar,10min,6,-4,etf_leads_kalshi,-0.00601438524935537,-0.09536547222264856,0.9240245402251557,0.9240245402251557,1.6549927224884797e-05,181,83,186,Will the Federal Reserve Hike rates by 0bps at their November 2024 meeting?
FEDDECISION-24NOV-H0,VNQ,calendar,10min,6,-3,etf_leads_kalshi,-0.03681643875902679,-0.48988345972821606,0.6242163679688977,0.811481278359567,0.000614576690759705,182,83,186,Will the Federal Reserve Hike rates by 0bps at their November 2024 meeting?
FEDDECISION-24NOV-H0,VNQ,calendar,10min,6,-2,etf_leads_kalshi,0.0806461411584371,1.0637076630986841,0.2874611519084057,0.6397055223553351,0.0029546495450477606,183,83,186,Will the Federal Reserve Hike rates by 0bps at their November 2024 meeting?
FEDDECISION-24NOV-H0,VNQ,calendar,10min,6,-1,etf_leads_kalshi,-0.05403565695432856,-0.7085886844423261,0.478579760326308,0.6969871505570483,0.001305508588631099,184,83,186,Will the Federal Reserve Hike rates by 0bps at their November 2024 meeting?
FEDDECISION-24NOV-H0,VNQ,calendar,10min,6,0,contemp,0.03177179768324041,0.31552443010778447,0.7523635051191766,0.8150604638791079,0.0004619561985037546,185,83,186,Will the Federal Reserve Hike rates by 0bps at their November 2024 meeting?
FEDDECISION-24NOV-H0,VNQ,calendar,10min,6,1,kalshi_leads_etf,-0.1124328316386187,-1.1743889589563639,0.2402392656605059,0.6397055223553351,0.005862957390364465,184,83,186,Will the Federal Reserve Hike rates by 0bps at their November 2024 meeting?
FEDDECISION-24NOV-H0,VNQ,calendar,10min,6,2,kalshi_leads_etf,0.10518771816882605,1.1788507846110745,0.2384575979765241,0.6397055223553351,0.005095894002011492,183,82,186,Will the Federal Reserve Hike rates by 0bps at their November 2024 meeting?
FEDDECISION-24NOV-H0,VNQ,calendar,10min,6,3,kalshi_leads_etf,-0.062079153871038274,-0.7022399011842189,0.4825295657702642,0.6969871505570483,0.0017423585419088505,182,81,186,Will the Federal Reserve Hike rates by 0bps at their November 2024 meeting?
FEDDECISION-24NOV-H0,VNQ,calendar,10min,6,4,kalshi_leads_etf,-0.06241148330351015,-1.0486639941833744,0.2943327913598356,0.6397055223553351,0.001768144965508922,181,81,186,Will the Federal Reserve Hike rates by 0bps at their November 2024 meeting?
FEDDECISION-24NOV-H0,VNQ,calendar,10min,6,5,kalshi_leads_etf,-0.0365141539391419,-0.3829793403438685,0.7017350824189295,0.8150604638791079,0.0006150346414817154,180,80,186,Will the Federal Reserve Hike rates by 0bps at their November 2024 meeting?
FEDDECISION-24NOV-H0,VNQ,calendar,10min,6,6,kalshi_leads_etf,-0.11451654936163363,-1.0466767235892906,0.29524870262553926,0.6397055223553351,0.00584061684643733,179,80,186,Will the Federal Reserve Hike rates by 0bps at their November 2024 meeting?
FEDDECISION-24NOV-H0,VNQ,event,10min,6,-6,etf_leads_kalshi,0.2763012934537475,2.5802733540871583,0.009872213552764098,0.12833877618593326,0.030944811409705175,179,86,186,Will the Federal Reserve Hike rates by 0bps at their November 2024 meeting?
FEDDECISION-24NOV-H0,VNQ,event,10min,6,-5,etf_leads_kalshi,0.03675397951274198,0.34629485176861474,0.7291211372465105,0.789881232017053,0.000619420521532521,180,87,186,Will the Federal Reserve Hike rates by 0bps at their November 2024 meeting?
FEDDECISION-24NOV-H0,VNQ,event,10min,6,-4,etf_leads_kalshi,0.05299588899505342,0.5963361794494153,0.5509506661325531,0.7513404121465439,0.0012845211317347172,181,88,186,Will the Federal Reserve Hike rates by 0bps at their November 2024 meeting?
FEDDECISION-24NOV-H0,VNQ,event,10min,6,-3,etf_leads_kalshi,-0.137769062109512,-1.7635924859914824,0.07780061369719427,0.4715285503120078,0.008287448482262483,182,88,186,Will the Federal Reserve Hike rates by 0bps at their November 2024 meeting?
FEDDECISION-24NOV-H0,VNQ,event,10min,6,-2,etf_leads_kalshi,0.008475231444026052,0.11143355826715742,0.9112725501161693,0.9112725501161693,3.306670326030936e-05,183,88,186,Will the Federal Reserve Hike rates by 0bps at their November 2024 meeting?
FEDDECISION-24NOV-H0,VNQ,event,10min,6,-1,etf_leads_kalshi,0.04561216985272081,0.5563755302656751,0.5779541631896492,0.7513404121465439,0.0009476101177778862,184,88,186,Will the Federal Reserve Hike rates by 0bps at their November 2024 meeting?
FEDDECISION-24NOV-H0,VNQ,event,10min,6,0,contemp,-0.07543835690462113,-0.7889714850790017,0.43012867280225076,0.7504845393149981,0.0026098424402710707,185,88,186,Will the Federal Reserve Hike rates by 0bps at their November 2024 meeting?
FEDDECISION-24NOV-H0,VNQ,event,10min,6,1,kalshi_leads_etf,0.07053679557944091,0.8744475776143925,0.3818745568891385,0.7504845393149981,0.002245372894419506,184,88,186,Will the Federal Reserve Hike rates by 0bps at their November 2024 meeting?
FEDDECISION-24NOV-H0,VNQ,event,10min,6,2,kalshi_leads_etf,-0.06761712065676484,-0.7358259286823802,0.46183663957846044,0.7504845393149981,0.002112794212634994,183,87,186,Will the Federal Reserve Hike rates by 0bps at their November 2024 meeting?
FEDDECISION-24NOV-H0,VNQ,event,10min,6,3,kalshi_leads_etf,0.12068588530620576,1.603545460507334,0.10881428084123257,0.4715285503120078,0.00654845859084674,182,87,186,Will the Federal Reserve Hike rates by 0bps at their November 2024 meeting?
FEDDECISION-24NOV-H0,VNQ,event,10min,6,4,kalshi_leads_etf,-0.07814867586511903,-0.9416363533972998,0.34637885090918774,0.7504845393149981,0.0027673479638941068,181,87,186,Will the Federal Reserve Hike rates by 0bps at their November 2024 meeting?
FEDDECISION-24NOV-H0,VNQ,event,10min,6,5,kalshi_leads_etf,-0.035809476697759524,-0.4166209739017828,0.6769556656410447,0.789881232017053,0.0005943967958036422,180,86,186,Will the Federal Reserve Hike rates by 0bps at their November 2024 meeting?
FEDDECISION-24NOV-H0,VNQ,event,10min,6,6,kalshi_leads_etf,-0.09995519242768995,-1.111264222329181,0.26645463465059926,0.7504845393149981,0.004509372270621759,179,86,186,Will the Federal Reserve Hike rates by 0bps at their November 2024 meeting?
KXFEDDECISION-24DEC-C25,VIS,calendar,5min,10,-10,etf_leads_kalshi,-0.039875088274056746,-1.1623504675819238,0.2450931345172711,0.8578259708104489,0.0005723719003501992,786,374,812,Will the Federal Reserve Cut rates by 25bps at their December 2024 meeting?
KXFEDDECISION-24DEC-C25,VIS,calendar,5min,10,-9,etf_leads_kalshi,0.08793600014124658,1.3425627719205306,0.1794135917631723,0.7535370854053236,0.0027061285870572105,787,375,812,Will the Federal Reserve Cut rates by 25bps at their December 2024 meeting?
KXFEDDECISION-24DEC-C25,VIS,calendar,5min,10,-8,etf_leads_kalshi,-0.012800936129463045,-0.3976138084700281,0.6909148803150982,0.9028320189688739,5.996731692181623e-05,788,376,812,Will the Federal Reserve Cut rates by 25bps at their December 2024 meeting?
KXFEDDECISION-24DEC-C25,VIS,calendar,5min,10,-7,etf_leads_kalshi,-0.08059254962789611,-1.689465736703645,0.09113021262638381,0.6313804632043893,0.0021990059442603682,789,376,812,Will the Federal Reserve Cut rates by 25bps at their December 2024 meeting?
KXFEDDECISION-24DEC-C25,VIS,calendar,5min,10,-6,etf_leads_kalshi,0.06407196152604054,0.9179864635179525,0.3586259527118917,0.9028320189688739,0.00148527405648613,790,377,812,Will the Federal Reserve Cut rates by 25bps at their December 2024 meeting?
KXFEDDECISION-24DEC-C25,VIS,calendar,5min,10,-5,etf_leads_kalshi,-0.044572683232375176,-0.850709566170609,0.394930707879118,0.9028320189688739,0.0007110921165798256,791,378,812,Will the Federal Reserve Cut rates by 25bps at their December 2024 meeting?
KXFEDDECISION-24DEC-C25,VIS,calendar,5min,10,-4,etf_leads_kalshi,0.020226283157902862,0.6596214757744776,0.5094967691275849,0.9028320189688739,0.00014918776796402078,792,378,812,Will the Federal Reserve Cut rates by 25bps at their December 2024 meeting?
KXFEDDECISION-24DEC-C25,VIS,calendar,5min,10,-3,etf_leads_kalshi,0.016566456913945184,0.3218171118642009,0.747591249987677,0.9028320189688739,0.00010123563986019768,793,379,812,Will the Federal Reserve Cut rates by 25bps at their December 2024 meeting?
KXFEDDECISION-24DEC-C25,VIS,calendar,5min,10,-2,etf_leads_kalshi,0.025713572638942847,0.42761291919561484,0.6689329585265038,0.9028320189688739,0.0002500183034755965,794,379,812,Will the Federal Reserve Cut rates by 25bps at their December 2024 meeting?
KXFEDDECISION-24DEC-C25,VIS,calendar,5min,10,-1,etf_leads_kalshi,-0.01578889886279818,-0.40030491196408435,0.6889319505341098,0.9028320189688739,9.815049197714476e-05,795,380,812,Will the Federal Reserve Cut rates by 25bps at their December 2024 meeting?
KXFEDDECISION-24DEC-C25,VIS,calendar,5min,10,0,contemp,-0.023318958926224313,-0.47862090629324117,0.6322083427081184,0.9028320189688739,0.00024629394884123634,796,381,812,Will the Federal Reserve Cut rates by 25bps at their December 2024 meeting?
KXFEDDECISION-24DEC-C25,VIS,calendar,5min,10,1,kalshi_leads_etf,-0.008999743811530498,-0.23160088874234153,0.8168480171623145,0.9028320189688739,3.726745508692009e-05,795,380,812,Will the Federal Reserve Cut rates by 25bps at their December 2024 meeting?
KXFEDDECISION-24DEC-C25,VIS,calendar,5min,10,2,kalshi_leads_etf,-0.010562659349512657,-0.2543747090351017,0.7992060877550182,0.9028320189688739,5.17165652549334e-05,794,379,812,Will the Federal Reserve Cut rates by 25bps at their December 2024 meeting?
KXFEDDECISION-24DEC-C25,VIS,calendar,5min,10,3,kalshi_leads_etf,-0.021262666530885942,-0.8458061890768053,0.39766087226900515,0.9028320189688739,0.00020583931884510243,793,379,812,Will the Federal Reserve Cut rates by 25bps at their December 2024 meeting?
KXFEDDECISION-24DEC-C25,VIS,calendar,5min,10,4,kalshi_leads_etf,0.05758723420975255,1.7199825247858276,0.08543561816924498,0.6313804632043893,0.0014380785800216511,792,378,812,Will the Federal Reserve Cut rates by 25bps at their December 2024 meeting?
KXFEDDECISION-24DEC-C25,VIS,calendar,5min,10,5,kalshi_leads_etf,0.002254520289773676,0.08307242075149546,0.9337939550813031,0.9337939550813031,2.3475428370112184e-06,791,378,812,Will the Federal Reserve Cut rates by 25bps at their December 2024 meeting?
KXFEDDECISION-24DEC-C25,VIS,calendar,5min,10,6,kalshi_leads_etf,0.0322999679469129,0.5498463087737082,0.5824247929550286,0.9028320189688739,0.00047780621926674094,790,378,812,Will the Federal Reserve Cut rates by 25bps at their December 2024 meeting?
KXFEDDECISION-24DEC-C25,VIS,calendar,5min,10,7,kalshi_leads_etf,0.009090444897341819,0.16980337961479847,0.8651647689814916,0.9084230074305663,3.832023915706362e-05,789,378,812,Will the Federal Reserve Cut rates by 25bps at their December 2024 meeting?
KXFEDDECISION-24DEC-C25,VIS,calendar,5min,10,8,kalshi_leads_etf,-0.055388822200311535,-1.5674669543471476,0.11700558453642418,0.6313804632043893,0.0013742557302555136,788,377,812,Will the Federal Reserve Cut rates by 25bps at their December 2024 meeting?
KXFEDDECISION-24DEC-C25,VIS,calendar,5min,10,9,kalshi_leads_etf,0.022861154012341307,0.5928622171945959,0.553273365481211,0.9028320189688739,0.000241361809253271,787,376,812,Will the Federal Reserve Cut rates by 25bps at their December 2024 meeting?
KXFEDDECISION-24DEC-C25,VIS,calendar,5min,10,10,kalshi_leads_etf,-0.05035515701029085,-1.5536708681791436,0.12026294537226463,0.6313804632043893,0.001167597621610228,786,376,812,Will the Federal Reserve Cut rates by 25bps at their December 2024 meeting?
KXFEDDECISION-24DEC-C25,VIS,event,5min,10,-10,etf_leads_kalshi,-0.008604255085460685,-0.24812187981015787,0.8040401072042738,0.8927852065112586,2.6879342572061482e-05,794,367,813,Will the Federal Reserve Cut rates by 25bps at their December 2024 meeting?
KXFEDDECISION-24DEC-C25,VIS,event,5min,10,-9,etf_leads_kalshi,0.03769466229838337,0.7538904699251108,0.45091499354005093,0.7284011434108515,0.000518693943888926,795,368,813,Will the Federal Reserve Cut rates by 25bps at their December 2024 meeting?
KXFEDDECISION-24DEC-C25,VIS,event,5min,10,-8,etf_leads_kalshi,-0.09356405929257178,-2.8017479323853225,0.005082656930931393,0.053367897774779634,0.002928084545958831,796,369,813,Will the Federal Reserve Cut rates by 25bps at their December 2024 meeting?
KXFEDDECISION-24DEC-C25,VIS,event,5min,10,-7,etf_leads_kalshi,0.06058887803221273,1.1846594448121168,0.2361521233400179,0.4904769419183071,0.0013011231224274722,797,369,813,Will the Federal Reserve Cut rates by 25bps at their December 2024 meeting?
KXFEDDECISION-24DEC-C25,VIS,event,5min,10,-6,etf_leads_kalshi,0.012460135091725668,0.1887718631945889,0.8502716252488176,0.8927852065112586,5.698218698335644e-05,798,370,813,Will the Federal Reserve Cut rates by 25bps at their December 2024 meeting?
KXFEDDECISION-24DEC-C25,VIS,event,5min,10,-5,etf_leads_kalshi,-0.001894388770911672,-0.05133000115738473,0.9590625621415592,0.9590625621415592,1.3164600838333484e-06,799,371,813,Will the Federal Reserve Cut rates by 25bps at their December 2024 meeting?
KXFEDDECISION-24DEC-C25,VIS,event,5min,10,-4,etf_leads_kalshi,-0.03745596018125124,-1.220371093018284,0.22232423045326133,0.4904769419183071,0.0005066906242934266,800,371,813,Will the Federal Reserve Cut rates by 25bps at their December 2024 meeting?
KXFEDDECISION-24DEC-C25,VIS,event,5min,10,-3,etf_leads_kalshi,0.06891413267544745,1.5313862658171753,0.1256739564251564,0.46096972516798035,0.0016874176301213684,801,372,813,Will the Federal Reserve Cut rates by 25bps at their December 2024 meeting?
KXFEDDECISION-24DEC-C25,VIS,event,5min,10,-2,etf_leads_kalshi,-0.0558462288724574,-1.4645373532923904,0.1430471847568551,0.46096972516798035,0.001150712795251474,802,373,813,Will the Federal Reserve Cut rates by 25bps at their December 2024 meeting?
KXFEDDECISION-24DEC-C25,VIS,event,5min,10,-1,etf_leads_kalshi,0.017162828019042047,0.3357332612103771,0.7370720213834545,0.8927852065112586,0.00011595959672972,803,374,813,Will the Federal Reserve Cut rates by 25bps at their December 2024 meeting?
KXFEDDECISION-24DEC-C25,VIS,event,5min,10,0,contemp,0.03186687260347457,1.1337093331463404,0.25691649338577993,0.4904769419183071,0.00045837121037850537,804,375,813,Will the Federal Reserve Cut rates by 25bps at their December 2024 meeting?
KXFEDDECISION-24DEC-C25,VIS,event,5min,10,1,kalshi_leads_etf,-0.008186445507232451,-0.3257909035352007,0.7445825615150159,0.8927852065112586,3.097750792091514e-05,803,375,813,Will the Federal Reserve Cut rates by 25bps at their December 2024 meeting?
KXFEDDECISION-24DEC-C25,VIS,event,5min,10,2,kalshi_leads_etf,-0.053810398907766226,-1.426734022271812,0.15365657505599345,0.46096972516798035,0.0013437947697068076,802,375,813,Will the Federal Reserve Cut rates by 25bps at their December 2024 meeting?
KXFEDDECISION-24DEC-C25,VIS,event,5min,10,3,kalshi_leads_etf,0.07161622467241409,1.22632179666231,0.22007760208342975,0.4904769419183071,0.0022722823186716035,801,375,813,Will the Federal Reserve Cut rates by 25bps at their December 2024 meeting?
KXFEDDECISION-24DEC-C25,VIS,event,5min,10,4,kalshi_leads_etf,-0.011375447921045764,-0.3387804457120341,0.7347751331568024,0.8927852065112586,5.970157877066562e-05,800,375,813,Will the Federal Reserve Cut rates by 25bps at their December 2024 meeting?
KXFEDDECISION-24DEC-C25,VIS,event,5min,10,5,kalshi_leads_etf,0.008890488909243125,0.23809028287461786,0.81181107120691,0.8927852065112586,3.636605865775522e-05,799,374,813,Will the Federal Reserve Cut rates by 25bps at their December 2024 meeting?
KXFEDDECISION-24DEC-C25,VIS,event,5min,10,6,kalshi_leads_etf,-0.0070465602945415755,-0.20112310109573914,0.8406023189916774,0.8927852065112586,2.279981465380665e-05,798,374,813,Will the Federal Reserve Cut rates by 25bps at their December 2024 meeting?
KXFEDDECISION-24DEC-C25,VIS,event,5min,10,7,kalshi_leads_etf,0.10031001089131258,2.8663005611530346,0.004152997448182186,0.053367897774779634,0.004149648680659146,797,374,813,Will the Federal Reserve Cut rates by 25bps at their December 2024 meeting?
KXFEDDECISION-24DEC-C25,VIS,event,5min,10,8,kalshi_leads_etf,-0.06270198266882158,-2.1553773296105416,0.031132318921300556,0.17941885531657062,0.001764594197639302,796,374,813,Will the Federal Reserve Cut rates by 25bps at their December 2024 meeting?
KXFEDDECISION-24DEC-C25,VIS,event,5min,10,9,kalshi_leads_etf,0.0383532098878223,0.9494394365529525,0.34239716089806216,0.5991950315716088,0.0006799601856063431,795,373,813,Will the Federal Reserve Cut rates by 25bps at their December 2024 meeting?
KXFEDDECISION-24DEC-C25,VIS,event,5min,10,10,kalshi_leads_etf,-0.06012780499220627,-2.1180005623369733,0.03417502006029916,0.17941885531657062,0.0016635456961763273,794,373,813,Will the Federal Reserve Cut rates by 25bps at their December 2024 meeting?
KXFEDDECISION-24DEC-H0,VGT,calendar,10min,8,-8,etf_leads_kalshi,-0.03581049518413794,-0.479196869510042,0.6317985810888533,0.933587745615289,0.0005304757860560283,397,201,405,Will the Federal Reserve Hike rates by 0bps at their December 2024 meeting?
KXFEDDECISION-24DEC-H0,VGT,calendar,10min,8,-7,etf_leads_kalshi,-0.0271473359404591,-0.3925072686087832,0.6946834418006842,0.933587745615289,0.0003101032152253991,398,201,405,Will the Federal Reserve Hike rates by 0bps at their December 2024 meeting?
KXFEDDECISION-24DEC-H0,VGT,calendar,10min,8,-6,etf_leads_kalshi,0.15673065591029345,1.7796283630269156,0.07513680127082249,0.6128894143316751,0.009733845360306193,399,202,405,Will the Federal Reserve Hike rates by 0bps at their December 2024 meeting?
KXFEDDECISION-24DEC-H0,VGT,calendar,10min,8,-5,etf_leads_kalshi,-0.004161081007122029,-0.08333176209612496,0.933587745615289,0.933587745615289,7.608406741854701e-06,400,203,405,Will the Federal Reserve Hike rates by 0bps at their December 2024 meeting?
KXFEDDECISION-24DEC-H0,VGT,calendar,10min,8,-4,etf_leads_kalshi,-0.09494016812608197,-1.3522462945367197,0.1762965385043267,0.6128894143316751,0.003960789801089493,401,204,405,Will the Federal Reserve Hike rates by 0bps at their December 2024 meeting?
KXFEDDECISION-24DEC-H0,VGT,calendar,10min,8,-3,etf_leads_kalshi,0.028924140877621414,0.5350375916787833,0.5926238632049872,0.933587745615289,0.00038166660423621934,402,205,405,Will the Federal Reserve Hike rates by 0bps at their December 2024 meeting?
KXFEDDECISION-24DEC-H0,VGT,calendar,10min,8,-2,etf_leads_kalshi,0.017805558016483463,0.30307725505286226,0.7618309872917177,0.933587745615289,0.00014525731913250794,403,205,405,Will the Federal Reserve Hike rates by 0bps at their December 2024 meeting?
KXFEDDECISION-24DEC-H0,VGT,calendar,10min,8,-1,etf_leads_kalshi,-0.048905522071850886,-0.593108214326921,0.5531087334628917,0.933587745615289,0.0010916443389989983,404,205,405,Will the Federal Reserve Hike rates by 0bps at their December 2024 meeting?
KXFEDDECISION-24DEC-H0,VGT,calendar,10min,8,0,contemp,-0.0960915155437586,-2.31546309200139,0.020587602160437087,0.3499892367274305,0.004089897268376053,405,206,405,Will the Federal Reserve Hike rates by 0bps at their December 2024 meeting?
KXFEDDECISION-24DEC-H0,VGT,calendar,10min,8,1,kalshi_leads_etf,-0.014586975266204082,-0.2211234991773244,0.8249962734088215,0.933587745615289,9.757253945152922e-05,404,206,405,Will the Federal Reserve Hike rates by 0bps at their December 2024 meeting?
KXFEDDECISION-24DEC-H0,VGT,calendar,10min,8,2,kalshi_leads_etf,0.08969406742003619,1.3399500262308925,0.18026159245049267,0.6128894143316751,0.0036766014453093465,403,206,405,Will the Federal Reserve Hike rates by 0bps at their December 2024 meeting?
KXFEDDECISION-24DEC-H0,VGT,calendar,10min,8,3,kalshi_leads_etf,-0.05279220252417213,-0.6042293491266126,0.5456911708094635,0.933587745615289,0.001278557800892366,402,206,405,Will the Federal Reserve Hike rates by 0bps at their December 2024 meeting?
KXFEDDECISION-24DEC-H0,VGT,calendar,10min,8,4,kalshi_leads_etf,0.060347245199491736,1.366828430200457,0.17167908927162456,0.6128894143316751,0.0016525607399263675,401,205,405,Will the Federal Reserve Hike rates by 0bps at their December 2024 meeting?
KXFEDDECISION-24DEC-H0,VGT,calendar,10min,8,5,kalshi_leads_etf,-0.04473465182224196,-0.6092504607053173,0.5423584378808216,0.933587745615289,0.0009189484016841609,400,204,405,Will the Federal Reserve Hike rates by 0bps at their December 2024 meeting?
KXFEDDECISION-24DEC-H0,VGT,calendar,10min,8,6,kalshi_leads_etf,0.05753632778882522,0.780526711809344,0.43508091099278123,0.933587745615289,0.0015310543599582616,399,203,405,Will the Federal Reserve Hike rates by 0bps at their December 2024 meeting?
KXFEDDECISION-24DEC-H0,VGT,calendar,10min,8,7,kalshi_leads_etf,0.005947169883056599,0.142589444151876,0.8866144346364624,0.933587745615289,1.6508097319123394e-05,398,203,405,Will the Federal Reserve Hike rates by 0bps at their December 2024 meeting?
KXFEDDECISION-24DEC-H0,VGT,calendar,10min,8,8,kalshi_leads_etf,0.016237417975103762,0.2313570483997452,0.8170374303990557,0.933587745615289,0.0001229638437442171,397,202,405,Will the Federal Reserve Hike rates by 0bps at their December 2024 meeting?
KXFEDDECISION-24DEC-H0,VGT,event,10min,8,-8,etf_leads_kalshi,-0.06478355533301441,-1.4650651009446143,0.14290315706563436,0.48587073402315684,0.001728066425852881,399,207,408,Will the Federal Reserve Hike rates by 0bps at their December 2024 meeting?
KXFEDDECISION-24DEC-H0,VGT,event,10min,8,-7,etf_leads_kalshi,-0.009773270011026323,-0.16918664738112865,0.8656498322343916,0.9267806762908911,4.023028283872687e-05,400,207,408,Will the Federal Reserve Hike rates by 0bps at their December 2024 meeting?
KXFEDDECISION-24DEC-H0,VGT,event,10min,8,-6,etf_leads_kalshi,0.12279422833116714,1.5744088628884831,0.1153929561581321,0.48587073402315684,0.006112672403601471,401,208,408,Will the Federal Reserve Hike rates by 0bps at their December 2024 meeting?
KXFEDDECISION-24DEC-H0,VGT,event,10min,8,-5,etf_leads_kalshi,0.00806151502042064,0.15713721550756166,0.8751367081636602,0.9267806762908911,2.853316856155086e-05,402,209,408,Will the Federal Reserve Hike rates by 0bps at their December 2024 meeting?
KXFEDDECISION-24DEC-H0,VGT,event,10min,8,-4,etf_leads_kalshi,-0.08911751363964159,-1.9406215862786849,0.05230419382392237,0.48587073402315684,0.003479395855087164,403,210,408,Will the Federal Reserve Hike rates by 0bps at their December 2024 meeting?
KXFEDDECISION-24DEC-H0,VGT,event,10min,8,-3,etf_leads_kalshi,-0.004900859933331903,-0.09189599151966393,0.9267806762908911,0.9267806762908911,1.096106075015868e-05,404,211,408,Will the Federal Reserve Hike rates by 0bps at their December 2024 meeting?
KXFEDDECISION-24DEC-H0,VGT,event,10min,8,-2,etf_leads_kalshi,-0.009757173029751251,-0.2525891413609541,0.8005857219242296,0.9267806762908911,4.338142582849258e-05,405,211,408,Will the Federal Reserve Hike rates by 0bps at their December 2024 meeting?
KXFEDDECISION-24DEC-H0,VGT,event,10min,8,-1,etf_leads_kalshi,-0.006207434335145737,-0.09332620477173291,0.9256444145316977,0.9267806762908911,1.7573054136854616e-05,406,211,408,Will the Federal Reserve Hike rates by 0bps at their December 2024 meeting?
KXFEDDECISION-24DEC-H0,VGT,event,10min,8,0,contemp,-0.07617898345109553,-1.5974886908811305,0.11015681658596027,0.48587073402315684,0.0025460312523766238,407,212,408,Will the Federal Reserve Hike rates by 0bps at their December 2024 meeting?
KXFEDDECISION-24DEC-H0,VGT,event,10min,8,1,kalshi_leads_etf,-0.044386468918774756,-0.647090072351269,0.5175736501119581,0.9267806762908911,0.0008937310256387221,406,212,408,Will the Federal Reserve Hike rates by 0bps at their December 2024 meeting?
KXFEDDECISION-24DEC-H0,VGT,event,10min,8,2,kalshi_leads_etf,0.09102089133586215,1.902003097792012,0.05717074961209813,0.48587073402315684,0.0037298134612469003,405,212,408,Will the Federal Reserve Hike rates by 0bps at their December 2024 meeting?
KXFEDDECISION-24DEC-H0,VGT,event,10min,8,3,kalshi_leads_etf,-0.029873349535538968,-0.3974920242405902,0.6910046668801019,0.9267806762908911,0.00040590946208274303,404,212,408,Will the Federal Reserve Hike rates by 0bps at their December 2024 meeting?
KXFEDDECISION-24DEC-H0,VGT,event,10min,8,4,kalshi_leads_etf,-0.008043955689381217,-0.20046099359777092,0.8411200613977918,0.9267806762908911,2.968404334890984e-05,403,211,408,Will the Federal Reserve Hike rates by 0bps at their December 2024 meeting?
KXFEDDECISION-24DEC-H0,VGT,event,10min,8,5,kalshi_leads_etf,-0.02151970861430954,-0.2602586361803027,0.7946642769595665,0.9267806762908911,0.00021288647539086103,402,210,408,Will the Federal Reserve Hike rates by 0bps at their December 2024 meeting?
KXFEDDECISION-24DEC-H0,VGT,event,10min,8,6,kalshi_leads_etf,0.07559549963434235,1.3073492638935673,0.19109412012010996,0.5414333403403115,0.0026315762216104766,401,209,408,Will the Federal Reserve Hike rates by 0bps at their December 2024 meeting?
KXFEDDECISION-24DEC-H0,VGT,event,10min,8,7,kalshi_leads_etf,-0.0111506702826143,-0.25869382208767977,0.7958714866090723,0.9267806762908911,5.7837337323340954e-05,400,209,408,Will the Federal Reserve Hike rates by 0bps at their December 2024 meeting?
KXFEDDECISION-24DEC-H0,VGT,event,10min,8,8,kalshi_leads_etf,0.02277194643515226,0.3068677140628347,0.7589440646100053,0.9267806762908911,0.00024188997450658167,399,208,408,Will the Federal Reserve Hike rates by 0bps at their December 2024 meeting?
