Date,BTC-USD,COIN,CXW,DJT,FXI,GEO,HOOD,ICLN,MSTR,RGR,TAN,XLF
2024-03-27,69455.34375,256.70001220703125,15.649999618530273,66.22000122070312,22.64141273498535,14.210000038146973,20.010000228881836,13.478743553161621,191.91600036621094,44.74272918701172,45.16670227050781,40.47859573364258
2024-03-28,70744.953125,265.1199951171875,15.609999656677246,61.959999084472656,22.88865089416504,14.119999885559082,20.1299991607666,13.469109535217285,170.45599365234375,44.66530990600586,45.14680099487305,40.700843811035156
2024-03-29,69892.828125,,,,,,,,,,,
2024-03-30,69645.3046875,,,,,,,,,,,
2024-03-31,71333.6484375,,,,,,,,,,,
2024-04-01,69702.1484375,252.11000061035156,15.539999961853027,48.65999984741211,23.202455520629883,14.260000228881836,19.40999984741211,13.45947551727295,163.6739959716797,44.326568603515625,44.8482780456543,40.47859573364258
2024-04-02,65446.97265625,245.83999633789062,15.260000228881836,51.599998474121094,23.39263916015625,13.90999984741211,19.200000762939453,13.23788070678711,157.88299560546875,44.33624267578125,43.17654037475586,40.26599884033203
2024-04-03,65980.8125,251.5800018310547,15.380000114440918,48.810001373291016,23.250003814697266,14.0600004196167,19.209999084472656,13.324591636657715,160.61099243164062,44.26850128173828,43.66413116455078,40.246681213378906
2024-04-04,68508.84375,249.61000061035156,15.359999656677246,46.150001525878906,23.126380920410156,14.050000190734863,18.450000762939453,13.314956665039062,161.54200744628906,45.05243682861328,43.504920959472656,39.792518615722656
2024-04-05,67837.640625,240.89999389648438,15.619999885559082,40.59000015258789,23.002763748168945,15.140000343322754,18.399999618530273,13.170439720153809,143.89999389648438,45.12018585205078,42.91781997680664,40.16938018798828
2024-04-06,68896.109375,,,,,,,,,,,
2024-04-07,69362.5546875,,,,,,,,,,,
2024-04-08,71631.359375,256.989990234375,16.09000015258789,37.16999816894531,23.16442108154297,15.930000305175781,18.559999465942383,13.266785621643066,151.2989959716797,46.078338623046875,43.52482223510742,40.34331130981445
2024-04-09,69139.015625,242.9499969482422,15.970000267028809,37.470001220703125,23.383132934570312,15.920000076293945,18.299999237060547,13.681069374084473,144.1020050048828,45.66217041015625,45.29606246948242,40.11139678955078
2024-04-10,70587.8828125,250.99000549316406,15.710000038146973,34.2599983215332,23.269020080566406,15.59000015258789,18.34000015258789,13.305322647094727,156.60000610351562,45.100826263427734,43.75368881225586,39.512290954589844
2024-04-11,70060.609375,263.010009765625,15.720000267028809,32.40999984741211,23.48773193359375,15.680000305175781,19.0,13.37276554107666,155.18099975585938,45.265357971191406,43.46511459350586,39.2320556640625
2024-04-12,67195.8671875,245.75,15.380000114440918,32.59000015258789,22.669940948486328,15.369999885559082,17.969999313354492,13.035554885864258,147.95799255371094,44.249141693115234,41.78343200683594,38.71024703979492
2024-04-13,63821.47265625,,,,,,,,,,,
2024-04-14,65738.7265625,,,,,,,,,,,
2024-04-15,63426.2109375,223.41000366210938,15.199999809265137,26.610000610351562,22.746015548706055,15.199999809265137,17.190000534057617,12.746517181396484,133.58799743652344,44.02653884887695,40.400264739990234,38.51698684692383
2024-04-16,63811.86328125,218.8300018310547,15.119999885559082,22.84000015258789,22.508285522460938,15.180000305175781,17.309999465942383,12.582730293273926,125.40299987792969,43.98782730102539,39.544498443603516,38.25609588623047
2024-04-17,61276.69140625,213.77999877929688,14.869999885559082,26.399999618530273,22.48926544189453,14.989999771118164,17.079999923706055,12.68871021270752,118.80500030517578,44.15235137939453,39.90272521972656,38.352718353271484
2024-04-18,63512.75390625,218.0800018310547,14.699999809265137,33.189998626708984,22.898162841796875,14.770000457763672,17.079999923706055,12.621270179748535,120.81600189208984,44.63627243041992,39.504695892333984,38.487998962402344
2024-04-19,63843.5703125,211.00999450683594,14.729999542236328,36.380001068115234,22.83159828186035,14.569999694824219,16.6299991607666,12.544193267822266,117.41100311279297,45.24599838256836,39.39523696899414,39.01947021484375
2024-04-20,64994.44140625,,,,,,,,,,,
2024-04-21,64926.64453125,,,,,,,,,,,
2024-04-22,66837.6796875,225.86000061035156,14.9399995803833,35.5,23.22147560119629,14.859999656677246,17.190000534057617,12.650172233581543,132.4010009765625,45.24599838256836,39.75346374511719,39.492958068847656
2024-04-23,66407.2734375,236.42999267578125,15.130000114440918,32.56999969482422,23.582820892333984,14.989999771118164,17.6200008392334,12.775423049926758,133.86399841308594,45.381492614746094,40.300758361816406,39.744205474853516
2024-04-24,64276.8984375,224.3699951171875,15.119999885559082,35.66999816894531,24.029756546020508,15.069999694824219,17.309999465942383,12.659808158874512,126.56700134277344,44.92661666870117,40.1116943359375,39.73453903198242
2024-04-25,64481.70703125,223.61000061035156,14.970000267028809,38.4900016784668,24.19141387939453,14.789999961853027,17.1200008392334,12.60200023651123,124.04100036621094,44.74272918701172,39.59425354003906,39.502620697021484
2024-04-26,63755.3203125,236.32000732421875,15.0600004196167,41.540000915527344,24.600311279296875,14.869999885559082,17.8799991607666,12.746517181396484,128.23800659179688,44.975013732910156,40.56943130493164,39.444644927978516
2024-04-27,63419.140625,,,,,,,,,,,
2024-04-28,63113.23046875,,,,,,,,,,,
2024-04-29,63841.12109375,218.16000366210938,15.100000381469727,46.689998626708984,24.828529357910156,15.029999732971191,17.34000015258789,12.939209938049316,129.2969970703125,44.771766662597656,41.41524887084961,39.38666534423828
2024-04-30,60636.85546875,203.92999267578125,14.899999618530273,49.93000030517578,24.23895835876465,14.859999656677246,16.489999771118164,12.746517181396484,106.50299835205078,44.74272918701172,40.131595611572266,39.000144958496094
2024-05-01,58254.01171875,210.08999633789062,14.84000015258789,45.130001068115234,24.419635772705078,14.739999771118164,16.649999618530273,12.765787124633789,102.8270034790039,44.95564651489258,40.101741790771484,39.000144958496094
2024-05-02,59123.43359375,228.85000610351562,15.289999961853027,48.68000030517578,25.81748390197754,14.979999542236328,17.610000610351562,13.025920867919922,112.94200134277344,45.34278106689453,41.285888671875,39.096771240234375
2024-05-03,62889.8359375,223.25,15.260000228881836,47.93000030517578,25.9886531829834,14.649999618530273,17.950000762939453,13.343860626220703,122.3010025024414,45.4105339050293,42.69890213012695,39.18374252319336
2024-05-04,63891.47265625,,,,,,,,,,,
2024-05-05,64031.1328125,,,,,,,,,,,
2024-05-06,63161.94921875,226.92999267578125,15.289999961853027,49.18000030517578,25.969633102416992,14.430000305175781,17.780000686645508,13.401667594909668,126.88099670410156,44.7911262512207,43.0372314453125,39.686222076416016
2024-05-07,62334.81640625,214.33999633789062,15.3100004196167,47.66999816894531,25.59877586364746,13.630000114440918,17.989999771118164,13.449841499328613,125.74500274658203,44.839515686035156,42.848167419433594,39.82150650024414
2024-05-08,61187.94140625,211.1999969482422,15.359999656677246,49.2599983215332,25.50368309020996,13.600000381469727,17.850000381469727,13.343860626220703,123.31199645996094,41.71342849731445,42.271018981933594,39.966453552246094
2024-05-09,63049.9609375,210.4499969482422,15.489999771118164,54.38999938964844,26.055213928222656,13.630000114440918,17.299999237060547,13.440206527709961,126.36399841308594,41.67471694946289,42.98747634887695,40.26599884033203
2024-05-10,60792.77734375,200.9199981689453,15.5600004196167,50.9900016784668,26.407058715820312,13.479999542236328,16.229999542236328,13.334226608276367,118.0479965209961,42.1779899597168,41.853084564208984,40.420616149902344
2024-05-11,60793.7109375,,,,,,,,,,,
2024-05-12,61448.39453125,,,,,,,,,,,
2024-05-13,62901.44921875,199.50999450683594,15.229999542236328,51.650001525878906,26.968101501464844,13.079999923706055,16.889999389648438,13.37276554107666,124.59600067138672,41.606964111328125,42.559593200683594,40.256343841552734
2024-05-14,61552.7890625,203.0500030517578,15.149999618530273,53.400001525878906,26.635278701782227,13.119999885559082,18.020000457763672,13.594359397888184,129.76300048828125,41.73278045654297,43.55467224121094,40.45927047729492
2024-05-15,66267.4921875,219.91000366210938,14.899999618530273,52.5099983215332,26.9395751953125,12.710000038146973,18.520000457763672,13.767782211303711,150.3470001220703,41.68439483642578,43.514869689941406,40.758819580078125
2024-05-16,65231.58203125,199.1699981689453,15.109999656677246,52.150001525878906,27.728836059570312,13.229999542236328,17.899999618530273,13.729243278503418,143.9980010986328,41.70375061035156,43.11684036254883,40.758819580078125
2024-05-17,67051.875,207.60000610351562,15.029999732971191,50.915000915527344,27.890493392944336,13.420000076293945,20.09000015258789,13.642532348632812,158.4499969482422,41.820316314697266,42.4003791809082,41.05838394165039
2024-05-18,66940.8046875,,,,,,,,,,,
2024-05-19,66278.3671875,,,,,,,,,,,
2024-05-20,71448.1953125,225.19000244140625,15.100000381469727,48.380001068115234,27.586200714111328,13.579999923706055,20.84000015258789,13.63289737701416,172.7239990234375,41.1985969543457,42.06205368041992,40.4979248046875
2024-05-21,70136.53125,225.77999877929688,15.539999961853027,44.189998626708984,27.158283233642578,13.84000015258789,20.959999084472656,13.748513221740723,165.54200744628906,41.68431854248047,42.69890213012695,40.758819580078125
2024-05-22,69122.3359375,231.50999450683594,15.640000343322754,44.59000015258789,26.815956115722656,14.199999809265137,19.65999984741211,14.24950885772705,164.6999969482422,42.04375076293945,46.52996063232422,40.52690887451172
2024-05-23,67929.5625,218.86000061035156,15.359999656677246,43.90999984741211,26.273927688598633,13.890000343322754,19.239999771118164,14.037549018859863,154.40699768066406,42.082611083984375,44.917930603027344,39.966453552246094
2024-05-24,68526.1015625,237.64999389648438,15.539999961853027,45.810001373291016,26.226383209228516,13.920000076293945,20.510000228881836,14.37475872039795,168.48399353027344,42.30604553222656,47.26632308959961,40.208030700683594
2024-05-25,69265.9453125,,,,,,,,,,,
2024-05-26,68518.09375,,,,,,,,,,,
2024-05-27,69394.5546875,,,,,,,,,,,
2024-05-28,68296.21875,245.0,15.170000076293945,49.93000030517578,26.207361221313477,13.899999618530273,20.469999313354492,14.528911590576172,167.53500366210938,41.8008918762207,47.3857307434082,39.76353073120117
2024-05-29,67578.09375,236.64999389648438,15.0600004196167,51.119998931884766,25.78896141052246,13.680000305175781,21.084999084472656,14.288045883178711,161.8699951171875,41.65517807006836,47.36582946777344,39.444644927978516
2024-05-30,68364.9921875,234.75999450683594,15.600000381469727,51.84000015258789,25.81748390197754,14.140000343322754,21.84000015258789,14.490371704101562,154.10000610351562,42.13117599487305,48.758941650390625,39.65723419189453
2024-05-31,67491.4140625,225.9199981689453,16.049999237060547,49.09000015258789,25.323007583618164,14.539999961853027,20.899999618530273,14.422931671142578,152.44900512695312,43.170616149902344,48.042484283447266,40.23701858520508
2024-06-01,67706.9375,,,,,,,,,,,
2024-06-02,67751.6015625,,,,,,,,,,,
2024-06-03,68804.78125,231.38999938964844,16.43000030517578,46.7400016784668,25.44662857055664,14.970000267028809,21.280000686645508,14.528911590576172,162.74099731445312,43.08318328857422,47.89322280883789,39.985782623291016
2024-06-04,70567.765625,244.1999969482422,16.3700008392334,45.4900016784668,25.64632225036621,15.09000015258789,20.780000686645508,14.394026756286621,163.8769989013672,41.898033142089844,47.17676544189453,39.80217361450195
2024-06-05,71082.8203125,251.39999389648438,15.800000190734863,46.75,25.865032196044922,14.229999542236328,21.56999969482422,14.509641647338867,169.468994140625,41.868892669677734,48.291255950927734,39.91814041137695
2024-06-06,70757.1640625,257.0799865722656,15.579999923706055,46.02000045776367,25.855525970458984,13.930000305175781,22.969999313354492,14.365123748779297,165.66299438476562,41.61631774902344,47.27627182006836,39.89881134033203
2024-06-07,69342.5859375,244.16000366210938,15.420000076293945,44.59000015258789,25.19938850402832,13.789999961853027,22.18000030517578,13.99901008605957,159.6199951171875,41.8008918762207,45.71399688720703,40.08240509033203
2024-06-08,69305.7734375,,,,,,,,,,,
2024-06-09,69647.9921875,,,,,,,,,,,
2024-06-10,69512.28125,249.80999755859375,14.789999961853027,42.09000015258789,25.437118530273438,13.680000305175781,23.420000076293945,14.239873886108398,159.99200439453125,41.626033782958984,47.02750015258789,39.92780303955078
2024-06-11,67332.03125,244.1999969482422,11.859999656677246,39.310001373291016,25.251096725463867,13.4399995803833,23.219999313354492,14.284482955932617,155.5489959716797,41.868892669677734,47.59469985961914,39.473636627197266
2024-06-12,68241.1875,254.9600067138672,11.40999984741211,40.93000030517578,25.19386100769043,12.800000190734863,23.700000762939453,14.420248985290527,160.36700439453125,41.713462829589844,48.05243682861328,39.43498611450195
2024-06-13,66756.3984375,247.63999938964844,11.739999771118164,39.93000030517578,25.174781799316406,13.109999656677246,23.309999465942383,14.226297378540039,148.38800048828125,41.40260314941406,46.88819122314453,39.40599060058594
2024-06-14,66011.09375,244.5,11.609999656677246,37.04999923706055,24.96491241455078,13.050000190734863,22.420000076293945,13.906279563903809,149.5540008544922,41.11117172241211,45.574684143066406,39.280372619628906
2024-06-15,66191.0,,,,,,,,,,,
2024-06-16,66639.046875,,,,,,,,,,,
2024-06-17,66490.296875,245.10000610351562,11.550000190734863,34.720001220703125,25.27971649169922,13.100000381469727,22.25,13.692933082580566,150.7259979248047,41.509456634521484,44.70896530151367,39.62824249267578
2024-06-18,65140.74609375,235.9499969482422,11.3100004196167,31.309999465942383,25.33695411682129,12.850000381469727,21.860000610351562,13.712327003479004,146.9429931640625,41.25688934326172,44.88808059692383,39.87948226928711
2024-06-19,64960.296875,,,,,,,,,,,
2024-06-20,64828.65625,235.02999877929688,11.329999923706055,26.75,25.642215728759766,12.670000076293945,21.729999542236328,13.528074264526367,146.5399932861328,41.324886322021484,43.55467224121094,40.09206771850586
2024-06-21,64096.19921875,225.86000061035156,11.369999885559082,27.65999984741211,25.20340347290039,12.5600004196167,22.290000915527344,13.489283561706543,148.37600708007812,39.65401840209961,43.017330169677734,39.93746566772461
2024-06-22,64252.578125,,,,,,,,,,,
2024-06-23,63180.796875,,,,,,,,,,,
2024-06-24,60277.4140625,212.30999755859375,11.4399995803833,33.52000045776367,25.489585876464844,12.84000015258789,21.3700008392334,13.62505054473877,137.21499633789062,40.85859680175781,42.7486572265625,40.347835540771484
2024-06-25,61804.640625,221.7100067138672,12.199999809265137,36.369998931884766,25.289257049560547,13.329999923706055,22.139999389648438,13.37291431427002,149.57400512695312,40.55744934082031,41.44510269165039,40.04708480834961
2024-06-26,60811.27734375,214.5800018310547,12.050000190734863,39.25,25.298797607421875,13.260000228881836,22.309999465942383,13.295332908630371,145.7729949951172,40.139732360839844,41.04706954956055,39.794857025146484
2024-06-27,61604.80078125,224.0,12.239999771118164,36.72999954223633,24.697805404663086,13.510000228881836,22.59000015258789,13.353519439697266,152.5399932861328,40.654598236083984,41.853084564208984,39.74634552001953
2024-06-28,60320.13671875,222.22999572753906,12.979999542236328,32.75,24.793201446533203,14.359999656677246,22.709999084472656,12.917128562927246,137.7480010986328,40.460304260253906,40.012184143066406,39.882164001464844
2024-06-29,60887.37890625,,,,,,,,,,,
2024-06-30,62678.29296875,,,,,,,,,,,
2024-07-01,62851.98046875,233.3699951171875,13.539999961853027,33.08000183105469,24.879056930541992,15.029999732971191,22.790000915527344,12.907432556152344,136.5970001220703,40.23687744140625,39.046958923339844,39.969478607177734
2024-07-02,62029.015625,227.50999450683594,13.5600004196167,31.729999542236328,25.212942123413086,15.289999961853027,22.459999084472656,12.8589448928833,132.0189971923828,40.091163635253906,38.78823471069336,40.43514633178711
2024-07-03,60173.921875,224.94000244140625,13.300000190734863,31.100000381469727,25.661296844482422,14.989999771118164,22.889999389648438,13.178961753845215,130.20899963378906,40.120304107666016,40.3405647277832,40.309024810791016
2024-07-04,56977.703125,,,,,,,,,,,
2024-07-05,56662.375,223.67999267578125,13.25,29.170000076293945,25.22247886657715,14.829999923706055,22.68000030517578,13.198357582092285,128.1719970703125,39.994022369384766,39.813167572021484,40.29932403564453
2024-07-06,58303.5390625,,,,,,,,,,,
2024-07-07,55849.109375,,,,,,,,,,,
2024-07-08,56705.09765625,220.55999755859375,13.279999732971191,30.31999969482422,25.02215003967285,15.0600004196167,22.09000015258789,13.285635948181152,129.05799865722656,39.91630554199219,40.251007080078125,40.192604064941406
2024-07-09,58009.2265625,219.97000122070312,13.220000267028809,29.899999618530273,25.27971649169922,14.970000267028809,22.600000381469727,13.285635948181152,130.177001953125,39.73173522949219,40.52962875366211,40.503055572509766
2024-07-10,57742.49609375,219.55999755859375,13.149999618530273,28.799999237060547,25.165241241455078,15.109999656677246,22.31999969482422,13.440796852111816,130.57200622558594,39.95516586303711,41.186378479003906,40.65827560424805
2024-07-11,57344.9140625,214.6300048828125,13.210000038146973,29.860000610351562,25.6994571685791,15.569999694824219,22.040000915527344,13.809304237365723,135.8560028076172,40.81002426147461,43.057132720947266,40.978416442871094
2024-07-12,57899.46484375,218.02000427246094,13.34000015258789,30.889999389648438,25.966562271118164,15.9399995803833,22.280000686645508,13.974162101745605,139.67599487304688,40.178592681884766,44.28108215332031,41.11423873901367
2024-07-13,59231.953125,,,,,,,,,,,
2024-07-14,60787.79296875,,,,,,,,,,,
2024-07-15,64870.15234375,242.85000610351562,14.40999984741211,40.58000183105469,25.384653091430664,17.43000030517578,23.940000534057617,13.431098937988281,161.1280059814453,42.34489822387695,41.683921813964844,41.71571731567383
2024-07-16,65097.1484375,251.49000549316406,15.029999732971191,36.88999938964844,25.384653091430664,17.959999084472656,24.6299991607666,13.663840293884277,166.42999267578125,43.549476623535156,43.25614929199219,42.191078186035156
2024-07-17,64118.79296875,249.10000610351562,14.699999809265137,36.439998626708984,25.041229248046875,17.219999313354492,24.18000030517578,13.382610321044922,159.0,43.481475830078125,42.03219985961914,42.511226654052734
2024-07-18,63974.06640625,233.24000549316406,14.329999923706055,37.380001068115234,24.812280654907227,16.709999084472656,22.829999923706055,13.334122657775879,155.51600646972656,42.966617584228516,41.52470779418945,41.99705505371094
2024-07-19,66710.15625,257.7900085449219,14.4399995803833,34.9900016784668,24.63102912902832,16.34000015258789,23.40999984741211,13.25654411315918,177.85000610351562,42.04375076293945,41.19633483886719,41.570194244384766
2024-07-20,67163.6484375,,,,,,,,,,,
2024-07-21,68154.5234375,,,,,,,,,,,
2024-07-22,67585.25,265.1499938964844,14.539999961853027,34.70000076293945,25.146163940429688,16.200000762939453,23.420000076293945,13.411704063415527,180.00900268554688,42.22832107543945,41.41524887084961,41.80302810668945
2024-07-23,65927.671875,257.6300048828125,14.84000015258789,32.90999984741211,24.793201446533203,16.450000762939453,22.8700008392334,13.314727783203125,172.177001953125,42.50032424926758,41.23613357543945,41.880638122558594
2024-07-24,65372.1328125,245.05999755859375,14.119999885559082,30.6200008392334,24.516557693481445,15.609999656677246,21.40999984741211,13.498981475830078,167.2689971923828,42.519752502441406,41.594364166259766,41.30826187133789
2024-07-25,65777.2265625,231.52000427246094,14.329999923706055,31.049999237060547,24.2208309173584,15.369999885559082,21.18000030517578,13.50868034362793,160.64700317382812,43.55918884277344,41.872989654541016,41.46348190307617
2024-07-26,67912.0625,242.92999267578125,14.619999885559082,31.450000762939453,24.344844818115234,15.680000305175781,21.200000762939453,13.683235168457031,175.27099609375,43.88947677612305,42.479984283447266,42.11346435546875
2024-07-27,67813.3359375,,,,,,,,,,,
2024-07-28,68255.8671875,,,,,,,,,,,
2024-07-29,66819.9140625,234.1999969482422,14.229999542236328,30.149999618530273,24.38300132751465,15.0600004196167,21.18000030517578,13.566864013671875,168.48500061035156,44.21004867553711,41.45505142211914,42.05526351928711
2024-07-30,66201.015625,224.4600067138672,14.0600004196167,28.780000686645508,24.163593292236328,14.470000267028809,20.399999618530273,13.50868034362793,160.40699768066406,44.62776565551758,40.77839660644531,42.54032516479492
2024-07-31,64619.25,224.36000061035156,13.9399995803833,28.739999771118164,24.49747657775879,14.5,20.56999969482422,13.722024917602539,161.44400024414062,43.821475982666016,41.9227409362793,42.433616638183594
2024-08-01,65357.5,212.63999938964844,13.4399995803833,27.200000762939453,24.154054641723633,13.770000457763672,20.239999771118164,13.55716609954834,151.18099975585938,42.034034729003906,41.20628356933594,41.832130432128906
2024-08-02,61415.06640625,204.44000244140625,12.989999771118164,29.209999084472656,24.039583206176758,13.239999771118164,17.8799991607666,13.518376350402832,144.7989959716797,42.10203552246094,39.99228286743164,40.80379104614258
2024-08-03,60680.09375,,,,,,,,,,,
2024-08-04,58116.9765625,,,,,,,,,,,
2024-08-05,53991.45703125,189.47000122070312,12.199999809265137,26.979999542236328,23.877408981323242,12.529999732971191,16.420000076293945,13.07228946685791,130.89999389648438,40.06201934814453,38.927547454833984,39.6202278137207
2024-08-06,56034.31640625,194.1699981689453,12.1899995803833,27.110000610351562,23.6389217376709,12.829999923706055,17.209999084472656,13.140172958374023,136.92100524902344,39.314022064208984,38.98725128173828,40.26051712036133
2024-08-07,55027.4609375,178.91000366210938,12.260000228881836,25.719999313354492,23.743854522705078,12.119999885559082,17.1200008392334,13.266240119934082,124.68499755859375,39.38201904296875,39.265872955322266,40.309024810791016
2024-08-08,61710.13671875,192.32000732421875,12.670000076293945,26.34000015258789,24.31622314453125,12.460000038146973,17.729999542236328,13.489283561706543,135.99000549316406,40.334022521972656,40.002235412597656,40.959014892578125
2024-08-09,60880.11328125,196.2899932861328,12.4399995803833,26.209999084472656,24.2780704498291,12.220000267028809,17.920000076293945,13.431098937988281,135.3699951171875,40.37288284301758,39.19622039794922,41.133636474609375
2024-08-10,60945.8125,,,,,,,,,,,
2024-08-11,58719.484375,,,,,,,,,,,
2024-08-12,59354.515625,191.74000549316406,12.609999656677246,24.8799991607666,24.468856811523438,12.6899995803833,18.540000915527344,13.402006149291992,131.4600067138672,39.96487808227539,39.066856384277344,40.920204162597656
2024-08-13,60609.56640625,197.94000244140625,12.430000305175781,23.979999542236328,24.611949920654297,12.3100004196167,18.40999984741211,13.731722831726074,135.3800048828125,40.36316680908203,40.4599723815918,41.25975036621094
2024-08-14,58737.26953125,195.9600067138672,12.890000343322754,23.969999313354492,24.154054641723633,13.079999923706055,18.649999618530273,13.634748458862305,130.3699951171875,39.95516586303711,39.87287521362305,41.764217376708984
2024-08-15,57560.09765625,197.1199951171875,12.779999732971191,23.56999969482422,24.650110244750977,13.109999656677246,19.549999237060547,13.76081371307373,131.92999267578125,40.70663833618164,40.90776062011719,42.152278900146484
2024-08-16,58894.10546875,205.30999755859375,12.720000267028809,23.059999465942383,25.146163940429688,13.020000457763672,19.979999542236328,13.74142074584961,133.0399932861328,40.853031158447266,40.49977493286133,42.46271896362305
2024-08-17,59478.97265625,,,,,,,,,,,
2024-08-18,58483.96484375,,,,,,,,,,,
2024-08-19,59493.453125,204.4600067138672,12.869999885559082,22.239999771118164,25.375112533569336,13.220000267028809,20.280000686645508,13.935370445251465,135.35000610351562,41.12629699707031,41.395347595214844,42.6955451965332
2024-08-20,59012.79296875,197.25,13.050000190734863,21.415000915527344,24.80274200439453,13.420000076293945,19.829999923706055,13.7802095413208,133.69000244140625,40.77494812011719,40.539581298828125,42.55973434448242
2024-08-21,61175.19140625,206.22999572753906,13.420000076293945,24.200000762939453,25.06031036376953,13.729999542236328,20.18000030517578,13.838397026062012,141.4199981689453,41.31172561645508,40.92766189575195,42.491817474365234
2024-08-22,60381.9140625,198.42999267578125,13.449999809265137,22.700000762939453,24.869516372680664,13.699999809265137,19.889999389648438,13.62505054473877,133.80999755859375,40.69688415527344,39.88282775878906,42.73435592651367
2024-08-23,64094.35546875,211.39999389648438,13.819999694824219,22.809999465942383,25.260637283325195,14.220000267028809,21.1200008392334,14.012951850891113,150.00999450683594,40.97990417480469,41.96254348754883,43.10300827026367
2024-08-24,64178.9921875,,,,,,,,,,,
2024-08-25,64333.54296875,,,,,,,,,,,
2024-08-26,62880.66015625,204.0,13.579999923706055,21.719999313354492,25.06031036376953,13.649999618530273,20.959999084472656,13.974162101745605,146.89999389648438,41.36051940917969,41.474952697753906,43.23882293701172
2024-08-27,59504.1328125,198.3000030517578,13.59000015258789,20.989999771118164,25.33695411682129,13.300000190734863,21.360000610351562,13.915976524353027,140.00999450683594,41.243408203125,41.32569122314453,43.46195602416992
2024-08-28,59027.625,190.1999969482422,13.789999961853027,20.100000381469727,24.936294555664062,13.5600004196167,20.31999969482422,13.838397026062012,132.08999633789062,40.755435943603516,40.718692779541016,43.56866455078125
2024-08-29,59388.1796875,188.27999877929688,13.630000114440918,19.84000015258789,25.117544174194336,13.550000190734863,20.170000076293945,13.751118659973145,132.55999755859375,41.05797576904297,40.57938003540039,43.956729888916016
2024-08-30,59119.4765625,183.36000061035156,13.779999732971191,19.5,25.241558074951172,13.869999885559082,20.1200008392334,13.857791900634766,132.4199981689453,41.106773376464844,41.07691955566406,44.37388229370117
2024-08-31,58969.8984375,,,,,,,,,,,
2024-09-01,57325.48828125,,,,,,,,,,,
2024-09-02,59112.48046875,,,,,,,,,,,
2024-09-03,57431.0234375,169.1300048828125,13.239999771118164,18.079999923706055,24.80274200439453,13.210000038146973,19.3700008392334,13.489283561706543,122.31999969482422,40.54072952270508,39.62410354614258,44.044036865234375
2024-09-04,57971.5390625,163.22000122070312,13.119999885559082,16.979999542236328,24.783660888671875,13.069999694824219,19.110000610351562,13.663840293884277,124.8499984741211,40.423614501953125,40.08184051513672,44.0925407409668
2024-09-05,56160.48828125,159.6999969482422,13.199999809265137,17.399999618530273,24.659650802612305,13.229999542236328,19.670000076293945,13.751118659973145,119.56999969482422,40.24794387817383,39.793270111083984,43.60747528076172
2024-09-06,53948.75390625,147.35000610351562,13.0600004196167,17.100000381469727,24.32576560974121,13.130000114440918,18.940000534057617,13.469889640808105,114.30000305175781,40.04299545288086,38.77828598022461,42.967193603515625
2024-09-07,54139.6875,,,,,,,,,,,
2024-09-08,54841.56640625,,,,,,,,,,,
2024-09-09,57019.53515625,155.0500030517578,13.210000038146973,18.040000915527344,24.344844818115234,13.449999809265137,19.65999984741211,13.450493812561035,124.81999969482422,39.545265197753906,37.98221969604492,43.60747528076172
2024-09-10,57648.7109375,158.4600067138672,13.149999618530273,18.6299991607666,24.287607192993164,13.470000267028809,19.700000762939453,13.460192680358887,129.63999938964844,39.87709045410156,37.91256332397461,43.16121292114258
2024-09-11,57343.171875,157.14999389648438,12.800000190734863,16.68000030517578,24.535634994506836,12.550000190734863,20.639999389648438,13.935370445251465,129.27999877929688,39.6818962097168,40.290809631347656,42.95748519897461
2024-09-12,58127.01171875,162.88999938964844,12.800000190734863,16.075000762939453,24.526094436645508,12.609999656677246,21.639999389648438,13.838397026062012,130.77000427246094,39.984439849853516,39.843021392822266,43.05450439453125
2024-09-13,60571.30078125,163.0500030517578,13.15999984741211,17.969999313354492,24.669189453125,12.960000038146973,22.06999969482422,14.012951850891113,141.47000122070312,40.50168991088867,40.380367279052734,43.18061447143555
2024-09-14,60005.12109375,,,,,,,,,,,
2024-09-15,59182.8359375,,,,,,,,,,,
2024-09-16,58192.5078125,161.5,13.34000015258789,17.280000686645508,24.812280654907227,13.119999885559082,22.209999084472656,14.109926223754883,134.52999877929688,40.61880111694336,40.37041473388672,43.743289947509766
2024-09-17,60308.5390625,162.4499969482422,13.359999656677246,16.139999389648438,25.127086639404297,12.84000015258789,22.639999389648438,14.21660041809082,131.27000427246094,40.423614501953125,41.25603485107422,43.97612762451172
2024-09-18,61649.6796875,162.63999938964844,12.880000114440918,15.619999885559082,24.983991622924805,12.510000228881836,22.950000762939453,14.168111801147461,132.6699981689453,40.462650299072266,41.24608612060547,43.84030532836914
2024-09-19,62940.45703125,168.24000549316406,12.729999542236328,14.699999809265137,25.880704879760742,12.489999771118164,22.809999465942383,14.090531349182129,144.66000366210938,41.34100341796875,40.9376106262207,44.325374603271484
2024-09-20,63192.9765625,170.08999633789062,12.369999885559082,13.550000190734863,25.899784088134766,12.369999885559082,22.729999542236328,13.935370445251465,144.77999877929688,40.70663833618164,40.4599723815918,44.296260833740234
2024-09-21,63394.83984375,,,,,,,,,,,
2024-09-22,63648.7109375,,,,,,,,,,,
2024-09-23,63329.80078125,170.22000122070312,12.9399995803833,12.149999618530273,26.405380249023438,12.619999885559082,22.700000762939453,14.042044639587402,149.97000122070312,41.204376220703125,40.73859405517578,44.24271774291992
2024-09-24,64301.96875,171.67999267578125,13.039999961853027,12.789999961853027,29.0001277923584,12.680000305175781,22.770000457763672,14.168111801147461,153.8800048828125,41.40932083129883,41.305789947509766,43.872737884521484
2024-09-25,63143.14453125,167.0800018310547,12.65999984741211,14.130000114440918,28.198808670043945,12.430000305175781,22.389999389648438,14.012951850891113,151.94000244140625,41.0286979675293,40.380367279052734,43.60984420776367
2024-09-26,65181.01953125,179.92999267578125,12.65999984741211,13.979999542236328,30.450136184692383,12.710000038146973,22.43000030517578,14.245692253112793,165.97999572753906,41.145816802978516,41.733673095703125,43.83378601074219
2024-09-27,65790.6640625,191.22999572753906,12.619999885559082,14.75,30.688621520996094,12.710000038146973,23.889999389648438,14.323273658752441,176.22000122070312,40.77494812011719,42.78845977783203,43.96036148071289
2024-09-28,65887.6484375,,,,,,,,,,,
2024-09-29,65635.3046875,,,,,,,,,,,
2024-09-30,63329.5,178.1699981689453,12.649999618530273,16.06999969482422,30.31658363342285,12.850000381469727,23.420000076293945,14.245692253112793,168.60000610351562,40.67736053466797,42.897918701171875,44.125877380371094
2024-10-01,60837.0078125,165.00999450683594,12.430000305175781,16.15999984741211,31.575794219970703,12.829999923706055,22.329999923706055,14.061439514160156,162.69000244140625,40.579769134521484,42.4600830078125,43.892208099365234
2024-10-02,60632.78515625,164.47000122070312,12.520000457763672,15.8100004196167,33.8462028503418,13.039999961853027,22.6299991607666,13.935370445251465,164.63999938964844,40.04299545288086,42.24116516113281,43.94089126586914
2024-10-03,60759.40234375,163.10000610351562,12.510000228881836,16.170000076293945,32.91132736206055,13.319999694824219,22.43000030517578,13.7802095413208,163.41000366210938,39.75020980834961,41.435150146484375,43.70720672607422
2024-10-04,62067.4765625,170.91000366210938,12.609999656677246,16.5,34.065608978271484,13.40999984741211,22.889999389648438,13.731722831726074,176.50999450683594,39.857566833496094,41.9227409362793,44.447181701660156
2024-10-05,62089.94921875,,,,,,,,,,,
2024-10-06,62818.953125,,,,,,,,,,,
2024-10-07,62236.66015625,168.9199981689453,12.720000267028809,18.389999389648438,35.000484466552734,13.720000267028809,23.31999969482422,13.722024917602539,186.08999633789062,40.521209716796875,42.67900085449219,43.90194320678711
2024-10-08,62131.96875,167.69000244140625,12.720000267028809,21.799999237060547,31.795204162597656,13.75,25.610000610351562,13.537772178649902,192.1999969482422,40.06251525878906,40.3405647277832,44.155086517333984
2024-10-09,60582.1015625,166.97000122070312,12.720000267028809,20.56999969482422,31.280073165893555,13.619999885559082,25.649999618530273,13.498981475830078,188.91000366210938,40.218666076660156,39.85297393798828,44.56401824951172
2024-10-10,60274.5,164.27000427246094,12.880000114440918,24.1200008392334,31.69027328491211,13.859999656677246,25.5,13.169264793395996,183.33999633789062,40.150352478027344,38.380252838134766,44.427711486816406
2024-10-11,62445.08984375,176.3800048828125,13.0600004196167,25.280000686645508,31.833364486694336,13.920000076293945,26.270000457763672,13.295332908630371,212.58999633789062,40.33578109741211,39.126564025878906,45.28452682495117
2024-10-12,63193.0234375,,,,,,,,,,,
2024-10-13,62851.375,,,,,,,,,,,
2024-10-14,66046.125,196.35000610351562,13.720000267028809,29.950000762939453,31.232378005981445,14.75,27.0,13.23714828491211,201.6699981689453,40.345542907714844,38.68872833251953,45.5668830871582
2024-10-15,67041.109375,196.33999633789062,13.789999961853027,27.059999465942383,29.667896270751953,14.989999771118164,26.799999237060547,12.97531509399414,194.30999755859375,40.30649948120117,37.32546615600586,45.66424560546875
2024-10-16,67612.71875,210.47999572753906,13.899999618530273,31.260000228881836,30.192567825317383,15.1899995803833,26.93000030517578,13.140172958374023,194.08999633789062,41.13606262207031,37.56428909301758,46.228965759277344
2024-10-17,67399.8359375,204.1999969482422,13.9399995803833,29.899999618530273,29.429407119750977,15.149999618530273,26.31999969482422,13.004406929016113,193.4199981689453,41.18484878540039,36.8378791809082,46.35554122924805
2024-10-18,68418.7890625,220.2100067138672,13.869999885559082,29.579999923706055,30.688621520996094,15.199999809265137,26.829999923706055,13.033499717712402,215.86000061035156,41.45811080932617,37.15630340576172,46.36527633666992
2024-10-19,68362.734375,,,,,,,,,,,
2024-10-20,69001.703125,,,,,,,,,,,
2024-10-21,67367.8515625,213.72000122070312,13.680000305175781,31.299999237060547,30.278423309326172,15.149999618530273,26.969999313354492,12.946221351623535,219.0500030517578,40.511451721191406,36.71847152709961,45.99529266357422
2024-10-22,67361.40625,210.72000122070312,13.819999694824219,34.38999938964844,30.51691246032715,15.550000190734863,27.40999984741211,12.917128562927246,219.6999969482422,39.652618408203125,37.09659957885742,45.90766143798828
2024-10-23,66432.1953125,198.92999267578125,13.579999923706055,35.90999984741211,30.450136184692383,15.289999961853027,26.700000762939453,12.694086074829102,213.9499969482422,39.64285659790039,36.85778045654297,45.86872100830078
2024-10-24,68161.0546875,209.16000366210938,13.670000076293945,34.95000076293945,30.268882751464844,15.25,27.219999313354492,12.723177909851074,235.88999938964844,39.57454299926758,37.02694320678711,45.90766143798828
2024-10-25,66642.4140625,205.0399932861328,13.6899995803833,38.95000076293945,30.25934410095215,15.1899995803833,27.059999465942383,12.761968612670898,234.33999633789062,39.691650390625,38.758384704589844,45.401363372802734
2024-10-26,67014.6953125,,,,,,,,,,,
2024-10-27,67929.296875,,,,,,,,,,,
2024-10-28,69907.7578125,216.10000610351562,14.449999809265137,47.36000061035156,30.784019470214844,16.239999771118164,27.8799991607666,12.888035774230957,255.33999633789062,40.04299545288086,39.68381118774414,45.96607971191406
2024-10-29,72720.4921875,219.66000366210938,14.600000381469727,51.5099983215332,30.56460952758789,16.280000686645508,28.030000686645508,12.664992332458496,258.239990234375,40.16011047363281,38.26084518432617,45.683719635009766
2024-10-30,72339.5390625,211.74000549316406,14.319999694824219,40.029998779296875,30.173486709594727,15.90999984741211,28.209999084472656,12.713479995727539,247.30999755859375,39.79901123046875,38.68872833251953,45.88819122314453
2024-10-31,70215.1875,179.25,13.8100004196167,35.34000015258789,30.10671043395996,15.180000305175781,23.489999771118164,12.703783988952637,244.5,38.37413024902344,39.634056091308594,45.255313873291016
2024-11-01,69482.46875,182.8800048828125,13.3100004196167,30.559999465942383,30.2211856842041,14.449999809265137,23.969999313354492,12.752270698547363,229.7100067138672,39.04753494262695,39.59425354003906,45.411102294921875
2024-11-02,69289.2734375,,,,,,,,,,,
2024-11-03,68741.1171875,,,,,,,,,,,
2024-11-04,67811.5078125,186.27000427246094,13.1899995803833,34.34000015258789,30.402437210083008,14.180000305175781,24.31999969482422,13.043197631835938,222.99000549316406,39.476951599121094,40.877906799316406,45.06058120727539
2024-11-05,69359.5625,193.9600067138672,13.630000114440918,33.939998626708984,31.136978149414062,15.130000114440918,24.959999084472656,13.09168529510498,227.8000030517578,40.755435943603516,41.584415435791016,45.4792594909668
2024-11-06,75639.078125,254.30999755859375,17.579999923706055,35.95500183105469,30.2211856842041,21.5,29.860000610351562,12.131627082824707,257.80999755859375,39.6818962097168,37.06674575805664,48.24442672729492
