k,direction,coef,t_stat,p_value,r_squared,n_obs,n_days,x_ticker,y_ticker,bar_freq
-10,y_leads_x,-0.0179040707367711,-12.688361864203952,6.86057142128086e-37,0.7898968168268802,45,2,KXECKH276,KXECDJT312,600s
-9,y_leads_x,-0.004440712764923891,-0.8311796967263713,0.4058721227339299,0.7898968168268802,45,2,KXECKH276,KXECDJT312,600s
-8,y_leads_x,-0.022138757287191602,-2.690427877000951,0.007136045817370997,0.7898968168268802,45,2,KXECKH276,KXECDJT312,600s
-7,y_leads_x,-0.03501795802768884,-3.1796041900824505,0.0014747634143447547,0.7898968168268802,45,2,KXECKH276,KXECDJT312,600s
-6,y_leads_x,-0.020859127108919337,-3.3807038100399533,0.0007230043307246295,0.7898968168268802,45,2,KXECKH276,KXECDJT312,600s
-5,y_leads_x,-0.0251376087651818,-11.251145889502427,2.2860263135629764e-29,0.7898968168268802,45,2,KXECKH276,KXECDJT312,600s
-4,y_leads_x,-0.006667525460059767,-0.4753253709352665,0.6345550782725752,0.7898968168268802,45,2,KXECKH276,KXECDJT312,600s
-3,y_leads_x,-0.003563422262706817,-0.4029776988155601,0.6869646305128294,0.7898968168268802,45,2,KXECKH276,KXECDJT312,600s
-2,y_leads_x,-0.0016172627979680698,-0.1420503121837356,0.8870402652052991,0.7898968168268802,45,2,KXECKH276,KXECDJT312,600s
-1,y_leads_x,0.05230520175221303,3.211381570128736,0.0013209840646868677,0.7898968168268802,45,2,KXECKH276,KXECDJT312,600s
0,contemporaneous,0.03534642133167844,2.767241311254817,0.005653289211928675,0.7898968168268802,45,2,KXECKH276,KXECDJT312,600s
1,x_leads_y,0.022484462220127784,12.5794503981692,2.7392898812839515e-36,0.7898968168268802,45,2,KXECKH276,KXECDJT312,600s
2,x_leads_y,0.04389907111389642,37.59372245158954,2.72229451384519e-309,0.7898968168268802,45,2,KXECKH276,KXECDJT312,600s
3,x_leads_y,0.028917119786835425,1.212790303507841,0.22521000359405274,0.7898968168268802,45,2,KXECKH276,KXECDJT312,600s
4,x_leads_y,0.09269391946372062,3.3067331383616647,0.0009439076756493438,0.7898968168268802,45,2,KXECKH276,KXECDJT312,600s
5,x_leads_y,0.03806828913959614,1.1678308027327835,0.24287502057642052,0.7898968168268802,45,2,KXECKH276,KXECDJT312,600s
6,x_leads_y,0.037096557640363764,1.6903177405693015,0.0909671828725016,0.7898968168268802,45,2,KXECKH276,KXECDJT312,600s
7,x_leads_y,0.021028433656764014,0.55986967317902,0.5755683357686694,0.7898968168268802,45,2,KXECKH276,KXECDJT312,600s
8,x_leads_y,0.010736670661723752,0.14497721378151168,0.8847288624675297,0.7898968168268802,45,2,KXECKH276,KXECDJT312,600s
9,x_leads_y,-0.009237277810631207,-1.2273315805701723,0.21969799055310912,0.7898968168268802,45,2,KXECKH276,KXECDJT312,600s
10,x_leads_y,0.034246603159255096,0.48682948993168634,0.6263791700594254,0.7898968168268802,45,2,KXECKH276,KXECDJT312,600s
-10,y_leads_x,0.016463745999509186,1.7122053269294628,0.08685883611750887,0.7697379858183544,52,2,KXECKH276,KXECDJT281,600s
-9,y_leads_x,0.014248388078240417,1.055530460665158,0.2911827858469349,0.7697379858183544,52,2,KXECKH276,KXECDJT281,600s
-8,y_leads_x,0.02349291038382001,1.6541562948579867,0.09809576038796623,0.7697379858183544,52,2,KXECKH276,KXECDJT281,600s
-7,y_leads_x,-0.007525003552982233,-2.6340749297073005,0.008436686735516561,0.7697379858183544,52,2,KXECKH276,KXECDJT281,600s
-6,y_leads_x,-0.03844995731035291,-1.7105047477376067,0.08717257624411699,0.7697379858183544,52,2,KXECKH276,KXECDJT281,600s
-5,y_leads_x,-0.0020479592850174352,-5.848108075035267,4.971954909024841e-09,0.7697379858183544,52,2,KXECKH276,KXECDJT281,600s
-4,y_leads_x,0.04525320309136017,1.1224984067097983,0.2616505846139615,0.7697379858183544,52,2,KXECKH276,KXECDJT281,600s
-3,y_leads_x,0.027648989137886406,0.7217376826648084,0.47045576951012935,0.7697379858183544,52,2,KXECKH276,KXECDJT281,600s
-2,y_leads_x,-0.02434317783534519,-10.414546522397805,2.128093450245006e-25,0.7697379858183544,52,2,KXECKH276,KXECDJT281,600s
-1,y_leads_x,-0.016256222719232986,-0.5346239862773546,0.5929098938737487,0.7697379858183544,52,2,KXECKH276,KXECDJT281,600s
0,contemporaneous,0.008022017459918068,0.8331223092428429,0.404775752782784,0.7697379858183544,52,2,KXECKH276,KXECDJT281,600s
1,x_leads_y,0.09844063845260712,1.6179246523568929,0.10567883673843924,0.7697379858183544,52,2,KXECKH276,KXECDJT281,600s
2,x_leads_y,-0.0032466062462723293,-0.1406272178993343,0.8881644451320082,0.7697379858183544,52,2,KXECKH276,KXECDJT281,600s
3,x_leads_y,-0.002443738143016806,-0.13358124524196607,0.8937337153866893,0.7697379858183544,52,2,KXECKH276,KXECDJT281,600s
4,x_leads_y,-0.0036412435212886396,-0.06495598772611823,0.948209042914426,0.7697379858183544,52,2,KXECKH276,KXECDJT281,600s
5,x_leads_y,-0.033605185151314734,-0.692648466527205,0.488530186752658,0.7697379858183544,52,2,KXECKH276,KXECDJT281,600s
6,x_leads_y,0.07607886596237201,1.4648743003157947,0.14295521564401772,0.7697379858183544,52,2,KXECKH276,KXECDJT281,600s
7,x_leads_y,0.028050646337105873,0.4014499074598018,0.6880889115218589,0.7697379858183544,52,2,KXECKH276,KXECDJT281,600s
8,x_leads_y,0.10780135660679119,1.231563667702432,0.2181121198720265,0.7697379858183544,52,2,KXECKH276,KXECDJT281,600s
9,x_leads_y,0.046927416967472345,0.8739614414917731,0.38213925250730885,0.7697379858183544,52,2,KXECKH276,KXECDJT281,600s
10,x_leads_y,0.0012848643819583366,13.36585763972759,9.572527864043887e-41,0.7697379858183544,52,2,KXECKH276,KXECDJT281,600s
-10,y_leads_x,0.05250958555136095,0.2975438482800228,0.7660513368221047,0.8236755486391503,35,7,KXECDJT316,KXFEDDECISION-24DEC-C25,600s
-9,y_leads_x,-0.03310726073600651,-0.3389981339521114,0.7346111359135788,0.8236755486391503,35,7,KXECDJT316,KXFEDDECISION-24DEC-C25,600s
-8,y_leads_x,-0.2549198195683584,-0.7067606620191804,0.4797152245735725,0.8236755486391503,35,7,KXECDJT316,KXFEDDECISION-24DEC-C25,600s
-7,y_leads_x,-0.21691150338822712,-1.0548959039452885,0.2914729358076902,0.8236755486391503,35,7,KXECDJT316,KXFEDDECISION-24DEC-C25,600s
-6,y_leads_x,-0.04895890596086948,-0.9653250548955488,0.3343820262845738,0.8236755486391503,35,7,KXECDJT316,KXFEDDECISION-24DEC-C25,600s
-5,y_leads_x,-0.1516670376230752,-2.5493287991214193,0.010793048895686561,0.8236755486391503,35,7,KXECDJT316,KXFEDDECISION-24DEC-C25,600s
-4,y_leads_x,-0.2204302297169859,-1.3689594058224515,0.1710119644821736,0.8236755486391503,35,7,KXECDJT316,KXFEDDECISION-24DEC-C25,600s
-3,y_leads_x,0.015408694045157587,0.13848515919519397,0.889856997849275,0.8236755486391503,35,7,KXECDJT316,KXFEDDECISION-24DEC-C25,600s
-2,y_leads_x,0.0393187879751797,1.5381089679630084,0.12402197363942505,0.8236755486391503,35,7,KXECDJT316,KXFEDDECISION-24DEC-C25,600s
-1,y_leads_x,-0.05762180439910907,-2.3875957478381618,0.016958984548723268,0.8236755486391503,35,7,KXECDJT316,KXFEDDECISION-24DEC-C25,600s
0,contemporaneous,0.022437134909028374,0.5312866573165956,0.5952201500155485,0.8236755486391503,35,7,KXECDJT316,KXFEDDECISION-24DEC-C25,600s
1,x_leads_y,-0.0019500142572226502,-0.038708950930538784,0.9691224369487937,0.8236755486391503,35,7,KXECDJT316,KXFEDDECISION-24DEC-C25,600s
2,x_leads_y,0.06181516789677306,1.101238305363104,0.27079295428538075,0.8236755486391503,35,7,KXECDJT316,KXFEDDECISION-24DEC-C25,600s
3,x_leads_y,-0.002133755148888806,-0.048007844559160115,0.9617099907632911,0.8236755486391503,35,7,KXECDJT316,KXFEDDECISION-24DEC-C25,600s
4,x_leads_y,-0.005084914127915709,-0.09159835687944522,0.9270171569834754,0.8236755486391503,35,7,KXECDJT316,KXFEDDECISION-24DEC-C25,600s
5,x_leads_y,0.011658743227238231,0.3270265102526882,0.7436478343671835,0.8236755486391503,35,7,KXECDJT316,KXFEDDECISION-24DEC-C25,600s
6,x_leads_y,0.04260630433630736,0.9119232644964939,0.3618091137761956,0.8236755486391503,35,7,KXECDJT316,KXFEDDECISION-24DEC-C25,600s
7,x_leads_y,-0.008487389480636988,-0.1167616251601899,0.9070489543697592,0.8236755486391503,35,7,KXECDJT316,KXFEDDECISION-24DEC-C25,600s
8,x_leads_y,-0.048164947382202936,-0.664389784098782,0.5064408696382587,0.8236755486391503,35,7,KXECDJT316,KXFEDDECISION-24DEC-C25,600s
9,x_leads_y,-0.02419115409025879,-0.6063285106180064,0.5442966299686492,0.8236755486391503,35,7,KXECDJT316,KXFEDDECISION-24DEC-C25,600s
10,x_leads_y,-0.048412918916409454,-0.714158745552394,0.47512902359764975,0.8236755486391503,35,7,KXECDJT316,KXFEDDECISION-24DEC-C25,600s
-10,y_leads_x,-0.009909126594061117,-1.1944328566713704,0.23230869063926451,0.7536801557418786,47,12,KX538APPROVEMIN-24NOV30-T37,KXFEDDECISION-24DEC-C25,600s
-9,y_leads_x,-0.01223470965296045,-1.4675416805216484,0.1422287594920468,0.7536801557418786,47,12,KX538APPROVEMIN-24NOV30-T37,KXFEDDECISION-24DEC-C25,600s
-8,y_leads_x,-0.02121569594269804,-1.5760356451069633,0.11501758868310322,0.7536801557418786,47,12,KX538APPROVEMIN-24NOV30-T37,KXFEDDECISION-24DEC-C25,600s
-7,y_leads_x,-0.03588948842630526,-2.012790853593035,0.04413663654318764,0.7536801557418786,47,12,KX538APPROVEMIN-24NOV30-T37,KXFEDDECISION-24DEC-C25,600s
-6,y_leads_x,-0.03336265780242118,-1.6717904078511812,0.09456565896463762,0.7536801557418786,47,12,KX538APPROVEMIN-24NOV30-T37,KXFEDDECISION-24DEC-C25,600s
-5,y_leads_x,-0.02612842174019578,-1.5154585282878341,0.12965632514076128,0.7536801557418786,47,12,KX538APPROVEMIN-24NOV30-T37,KXFEDDECISION-24DEC-C25,600s
-4,y_leads_x,-0.02322251345868019,-1.1453073056913703,0.2520818807092178,0.7536801557418786,47,12,KX538APPROVEMIN-24NOV30-T37,KXFEDDECISION-24DEC-C25,600s
-3,y_leads_x,-0.016094094177111756,-0.660745343448557,0.508775639545715,0.7536801557418786,47,12,KX538APPROVEMIN-24NOV30-T37,KXFEDDECISION-24DEC-C25,600s
-2,y_leads_x,-0.011907766197449498,-0.3919865907713558,0.6950681216034414,0.7536801557418786,47,12,KX538APPROVEMIN-24NOV30-T37,KXFEDDECISION-24DEC-C25,600s
-1,y_leads_x,-0.0015736621845307184,-0.03947386432702893,0.968512590517098,0.7536801557418786,47,12,KX538APPROVEMIN-24NOV30-T37,KXFEDDECISION-24DEC-C25,600s
0,contemporaneous,-0.003997005245450133,-0.09871734385906662,0.9213626977217497,0.7536801557418786,47,12,KX538APPROVEMIN-24NOV30-T37,KXFEDDECISION-24DEC-C25,600s
1,x_leads_y,-0.0031579778542293927,-0.09860009818517633,0.9214557920615419,0.7536801557418786,47,12,KX538APPROVEMIN-24NOV30-T37,KXFEDDECISION-24DEC-C25,600s
2,x_leads_y,0.002121891151463193,0.06660066650551962,0.9468996151309929,0.7536801557418786,47,12,KX538APPROVEMIN-24NOV30-T37,KXFEDDECISION-24DEC-C25,600s
3,x_leads_y,0.0010145236677702246,0.031930123176711914,0.974527776060784,0.7536801557418786,47,12,KX538APPROVEMIN-24NOV30-T37,KXFEDDECISION-24DEC-C25,600s
4,x_leads_y,0.0074627314234515,0.24296290361585973,0.8080341351026532,0.7536801557418786,47,12,KX538APPROVEMIN-24NOV30-T37,KXFEDDECISION-24DEC-C25,600s
5,x_leads_y,0.0055671980533792045,0.25861165879812137,0.795934886784617,0.7536801557418786,47,12,KX538APPROVEMIN-24NOV30-T37,KXFEDDECISION-24DEC-C25,600s
6,x_leads_y,0.008577668387374535,0.4844720158810216,0.6280509198753241,0.7536801557418786,47,12,KX538APPROVEMIN-24NOV30-T37,KXFEDDECISION-24DEC-C25,600s
7,x_leads_y,0.008736922757355794,0.6849253013519757,0.4933910591732219,0.7536801557418786,47,12,KX538APPROVEMIN-24NOV30-T37,KXFEDDECISION-24DEC-C25,600s
8,x_leads_y,0.010582389795630606,1.0245800748796763,0.3055613700521468,0.7536801557418786,47,12,KX538APPROVEMIN-24NOV30-T37,KXFEDDECISION-24DEC-C25,600s
9,x_leads_y,-0.0026448569905929108,-0.4700450239683484,0.6383228505019991,0.7536801557418786,47,12,KX538APPROVEMIN-24NOV30-T37,KXFEDDECISION-24DEC-C25,600s
10,x_leads_y,-0.0019594726380455763,-0.48082017208060573,0.6306443121724923,0.7536801557418786,47,12,KX538APPROVEMIN-24NOV30-T37,KXFEDDECISION-24DEC-C25,600s
-10,y_leads_x,0.004804133372518449,1.8692414727439506,0.061589226708099847,0.5582852690618061,99,11,KXECDJT281,KXFEDDECISION-24DEC-H0,600s
-9,y_leads_x,-0.005047636353469558,-1.9637723933130202,0.0495564929447754,0.5582852690618061,99,11,KXECDJT281,KXFEDDECISION-24DEC-H0,600s
-8,y_leads_x,-0.02513824044926485,-10.55812133476541,4.6589250617351805e-26,0.5582852690618061,99,11,KXECDJT281,KXFEDDECISION-24DEC-H0,600s
-7,y_leads_x,-0.030956777697206735,-4.571424735562868,4.844192816038428e-06,0.5582852690618061,99,11,KXECDJT281,KXFEDDECISION-24DEC-H0,600s
-6,y_leads_x,-0.000867119316800877,-0.13517255575509518,0.8924754452542483,0.5582852690618061,99,11,KXECDJT281,KXFEDDECISION-24DEC-H0,600s
-5,y_leads_x,0.014097361341247523,2.3616455779418994,0.018194026958376918,0.5582852690618061,99,11,KXECDJT281,KXFEDDECISION-24DEC-H0,600s
-4,y_leads_x,0.029694259462038516,3.9558400444206643,7.626618011053103e-05,0.5582852690618061,99,11,KXECDJT281,KXFEDDECISION-24DEC-H0,600s
-3,y_leads_x,-0.004875329149553816,-1.7189083252371395,0.08563106600400713,0.5582852690618061,99,11,KXECDJT281,KXFEDDECISION-24DEC-H0,600s
-2,y_leads_x,-0.04352981209294166,-6.153050883114238,7.60064060007407e-10,0.5582852690618061,99,11,KXECDJT281,KXFEDDECISION-24DEC-H0,600s
-1,y_leads_x,-0.02859464710226168,-3.385732628813501,0.0007098851243276937,0.5582852690618061,99,11,KXECDJT281,KXFEDDECISION-24DEC-H0,600s
0,contemporaneous,0.01330436637113068,3.2758393117231592,0.0010534848146926588,0.5582852690618061,99,11,KXECDJT281,KXFEDDECISION-24DEC-H0,600s
1,x_leads_y,0.02440429155184413,2.5606488754787224,0.010447688920160115,0.5582852690618061,99,11,KXECDJT281,KXFEDDECISION-24DEC-H0,600s
2,x_leads_y,0.017907005543514536,5.123138241366374,3.0049187054941074e-07,0.5582852690618061,99,11,KXECDJT281,KXFEDDECISION-24DEC-H0,600s
3,x_leads_y,-0.022780160629010133,-3.4536743828800844,0.0005530046427492268,0.5582852690618061,99,11,KXECDJT281,KXFEDDECISION-24DEC-H0,600s
4,x_leads_y,-0.018157848046087593,-2.4089018301038463,0.01600060129484314,0.5582852690618061,99,11,KXECDJT281,KXFEDDECISION-24DEC-H0,600s
5,x_leads_y,-0.0027103970026771318,-1.5087940236146975,0.13135142851090098,0.5582852690618061,99,11,KXECDJT281,KXFEDDECISION-24DEC-H0,600s
6,x_leads_y,0.015546705059416225,3.119736426048151,0.0018101293108375282,0.5582852690618061,99,11,KXECDJT281,KXFEDDECISION-24DEC-H0,600s
7,x_leads_y,0.010090527844515458,3.285719362418985,0.0010172230181342303,0.5582852690618061,99,11,KXECDJT281,KXFEDDECISION-24DEC-H0,600s
8,x_leads_y,0.008756075651969114,2.8923709160422857,0.0038234626137748644,0.5582852690618061,99,11,KXECDJT281,KXFEDDECISION-24DEC-H0,600s
9,x_leads_y,-0.0093799867844139,-1.626228538875654,0.1039010472125399,0.5582852690618061,99,11,KXECDJT281,KXFEDDECISION-24DEC-H0,600s
10,x_leads_y,-0.006080043413677804,-1.1450220256036998,0.25220003355081666,0.5582852690618061,99,11,KXECDJT281,KXFEDDECISION-24DEC-H0,600s
-10,y_leads_x,0.02763427274192467,2.3811220022601276,0.01725999450479123,0.8758863318490143,36,2,KXECKH287,KXECDJT281,600s
-9,y_leads_x,-0.028747802315870655,-16.37663658689891,2.808501450807305e-60,0.8758863318490143,36,2,KXECKH287,KXECDJT281,600s
-8,y_leads_x,-0.016715658117399092,-0.8646741314484605,0.38721767164281484,0.8758863318490143,36,2,KXECKH287,KXECDJT281,600s
-7,y_leads_x,-0.05566205714510444,-1.1480400902301857,0.2509520141602466,0.8758863318490143,36,2,KXECKH287,KXECDJT281,600s
-6,y_leads_x,-0.03918038982723633,-0.7099401814981525,0.47774123165113136,0.8758863318490143,36,2,KXECKH287,KXECDJT281,600s
-5,y_leads_x,-0.048296344743846475,-1.0226687964018286,0.306464469627693,0.8758863318490143,36,2,KXECKH287,KXECDJT281,600s
-4,y_leads_x,-0.03499326133964127,-1.1021875227201698,0.27038015528471937,0.8758863318490143,36,2,KXECKH287,KXECDJT281,600s
-3,y_leads_x,-0.04485931265111248,-1.5780933360393334,0.11454416892515058,0.8758863318490143,36,2,KXECKH287,KXECDJT281,600s
-2,y_leads_x,-0.06844375205375766,-1.5079726400741331,0.13156152958252093,0.8758863318490143,36,2,KXECKH287,KXECDJT281,600s
-1,y_leads_x,-0.06498810706978492,-1.2053459872369103,0.22806976343119345,0.8758863318490143,36,2,KXECKH287,KXECDJT281,600s
0,contemporaneous,-0.06274469808890057,-1.2397235174824621,0.21507767552991208,0.8758863318490143,36,2,KXECKH287,KXECDJT281,600s
1,x_leads_y,-0.04562027878389143,-1.7620788833660657,0.07805597054135724,0.8758863318490143,36,2,KXECKH287,KXECDJT281,600s
2,x_leads_y,-0.02255627568115123,-0.9258025821747544,0.35454858502460884,0.8758863318490143,36,2,KXECKH287,KXECDJT281,600s
3,x_leads_y,0.029406609787327842,3.6901023416467273,0.0002241638508480705,0.8758863318490143,36,2,KXECKH287,KXECDJT281,600s
4,x_leads_y,0.01705160417310756,6.514828850685091,7.277258489601448e-11,0.8758863318490143,36,2,KXECKH287,KXECDJT281,600s
5,x_leads_y,0.0008251025527069231,0.8804601098918163,0.3786101056310238,0.8758863318490143,36,2,KXECKH287,KXECDJT281,600s
6,x_leads_y,-0.02440204735005274,-0.8640762236057439,0.387546019324703,0.8758863318490143,36,2,KXECKH287,KXECDJT281,600s
7,x_leads_y,-0.10140475250453401,-1.4223711905911307,0.15491852198995484,0.8758863318490143,36,2,KXECKH287,KXECDJT281,600s
8,x_leads_y,-0.022429840106242077,-0.287616875623215,0.7736400256147783,0.8758863318490143,36,2,KXECKH287,KXECDJT281,600s
9,x_leads_y,-0.14079340120329617,-1.419982538515853,0.1556127646476148,0.8758863318490143,36,2,KXECKH287,KXECDJT281,600s
10,x_leads_y,-0.06026837509365125,-0.9986742033982633,0.31795254111216953,0.8758863318490143,36,2,KXECKH287,KXECDJT281,600s
-10,y_leads_x,-0.003500736056152925,-0.3385088133677325,0.7349797866002179,0.878981925058866,33,8,RATECUT-24SEP18,FEDDECISION-24SEP-C25,600s
-9,y_leads_x,-0.00863657881482234,-0.3481292947519002,0.7277430847111532,0.878981925058866,33,8,RATECUT-24SEP18,FEDDECISION-24SEP-C25,600s
-8,y_leads_x,0.006810544597641636,0.27216525723970486,0.7854949545114707,0.878981925058866,33,8,RATECUT-24SEP18,FEDDECISION-24SEP-C25,600s
-7,y_leads_x,0.025345607071725017,0.6804305410527197,0.49623188833022336,0.878981925058866,33,8,RATECUT-24SEP18,FEDDECISION-24SEP-C25,600s
-6,y_leads_x,0.040190389273395785,0.6404469164726437,0.5218820895832244,0.878981925058866,33,8,RATECUT-24SEP18,FEDDECISION-24SEP-C25,600s
-5,y_leads_x,0.06225531350964137,0.8042199644642684,0.4212699507331916,0.878981925058866,33,8,RATECUT-24SEP18,FEDDECISION-24SEP-C25,600s
-4,y_leads_x,0.06412653416780341,0.7239362916655921,0.4691048482370639,0.878981925058866,33,8,RATECUT-24SEP18,FEDDECISION-24SEP-C25,600s
-3,y_leads_x,0.05016070491080878,0.5599271716287577,0.5755291143296163,0.878981925058866,33,8,RATECUT-24SEP18,FEDDECISION-24SEP-C25,600s
-2,y_leads_x,0.05291355632941271,0.5656278977514222,0.5716467590433052,0.878981925058866,33,8,RATECUT-24SEP18,FEDDECISION-24SEP-C25,600s
-1,y_leads_x,0.06491054780705809,0.62754876237682,0.5302995829112525,0.878981925058866,33,8,RATECUT-24SEP18,FEDDECISION-24SEP-C25,600s
0,contemporaneous,0.06084478681105931,0.6484575910840199,0.5166890317112838,0.878981925058866,33,8,RATECUT-24SEP18,FEDDECISION-24SEP-C25,600s
1,x_leads_y,0.0573766693331376,0.707117059900588,0.4794937350879699,0.878981925058866,33,8,RATECUT-24SEP18,FEDDECISION-24SEP-C25,600s
2,x_leads_y,0.06583755656477074,0.9152368243422826,0.3600673166410596,0.878981925058866,33,8,RATECUT-24SEP18,FEDDECISION-24SEP-C25,600s
3,x_leads_y,0.04013763948684255,0.7485607567026583,0.4541219925210904,0.878981925058866,33,8,RATECUT-24SEP18,FEDDECISION-24SEP-C25,600s
4,x_leads_y,0.04155953147323139,0.8948256498282712,0.3708802965703558,0.878981925058866,33,8,RATECUT-24SEP18,FEDDECISION-24SEP-C25,600s
5,x_leads_y,0.05367167572789375,1.0647900481320278,0.28697094964423076,0.878981925058866,33,8,RATECUT-24SEP18,FEDDECISION-24SEP-C25,600s
6,x_leads_y,0.03901440191467794,0.7563369354564556,0.449447208438546,0.878981925058866,33,8,RATECUT-24SEP18,FEDDECISION-24SEP-C25,600s
7,x_leads_y,0.03121880732926074,0.6834602789034369,0.4943160414317205,0.878981925058866,33,8,RATECUT-24SEP18,FEDDECISION-24SEP-C25,600s
8,x_leads_y,0.017484969626719644,0.45503037175933647,0.6490873888025995,0.878981925058866,33,8,RATECUT-24SEP18,FEDDECISION-24SEP-C25,600s
9,x_leads_y,0.006163614703146858,0.21357118294623373,0.8308814735658145,0.878981925058866,33,8,RATECUT-24SEP18,FEDDECISION-24SEP-C25,600s
10,x_leads_y,-0.008771361658632813,-0.7448090390626789,0.45638716972578475,0.878981925058866,33,8,RATECUT-24SEP18,FEDDECISION-24SEP-C25,600s
