k,direction,coef,t_stat,p_value,r_squared,n_obs,n_days,ticker,bar_freq
-10,y_leads_x,-0.00028867524658403396,-0.45920328208417194,0.6460881938944879,0.7865091929658257,68,4,KXECKH276,600s
-9,y_leads_x,-0.004100154619391425,-1.53647603040801,0.12442167214929735,0.7865091929658257,68,4,KXECKH276,600s
-8,y_leads_x,-0.0025500075947962574,-0.5483450466916018,0.5834550019532159,0.7865091929658257,68,4,KXECKH276,600s
-7,y_leads_x,0.004355088974812918,0.5191891327596431,0.6036288565235599,0.7865091929658257,68,4,KXECKH276,600s
-6,y_leads_x,0.003650921324024817,0.3552067240176452,0.7224347277297156,0.7865091929658257,68,4,KXECKH276,600s
-5,y_leads_x,-0.008425624706199886,-0.6361811245596704,0.5246583744206504,0.7865091929658257,68,4,KXECKH276,600s
-4,y_leads_x,-0.01363482377093372,-1.3611787048444077,0.17345722213414017,0.7865091929658257,68,4,KXECKH276,600s
-3,y_leads_x,-0.011164582795532299,-1.828360705013359,0.06749543469623114,0.7865091929658257,68,4,KXECKH276,600s
-2,y_leads_x,-0.017408777391064542,-2.8886012477898935,0.0038695943155235913,0.7865091929658257,68,4,KXECKH276,600s
-1,y_leads_x,-0.03793652474059269,-7.131659936632062,9.916563454902139e-13,0.7865091929658257,68,4,KXECKH276,600s
1,x_leads_y,-0.04067856136759073,-11.167136014425687,5.905437818406669e-29,0.7865091929658257,68,4,KXECKH276,600s
2,x_leads_y,-0.019000850134806964,-5.075039823285669,3.8741485494754704e-07,0.7865091929658257,68,4,KXECKH276,600s
3,x_leads_y,-0.015588057495224352,-1.823272778607592,0.06826208702980692,0.7865091929658257,68,4,KXECKH276,600s
4,x_leads_y,-0.020958625535644065,-2.411818293033898,0.015873190130121284,0.7865091929658257,68,4,KXECKH276,600s
5,x_leads_y,-0.01811478063737053,-1.5706577188239557,0.11626217523153375,0.7865091929658257,68,4,KXECKH276,600s
6,x_leads_y,-0.0043380170756890275,-0.34855964589912414,0.7274199277340279,0.7865091929658257,68,4,KXECKH276,600s
7,x_leads_y,-0.0013793548789258463,-0.10572559425590752,0.9158000728781744,0.7865091929658257,68,4,KXECKH276,600s
8,x_leads_y,-0.007283594472246408,-0.8350416301246817,0.40369426934663544,0.7865091929658257,68,4,KXECKH276,600s
9,x_leads_y,-0.008556200044375073,-19.394875354100282,8.525925583426745e-84,0.7865091929658257,68,4,KXECKH276,600s
10,x_leads_y,-0.0034666026214368872,-1.102904536455447,0.27006862399699905,0.7865091929658257,68,4,KXECKH276,600s
-10,y_leads_x,-0.00043195362104946083,-4.731462455416349,2.2290804951191187e-06,0.9965775136229267,49,10,RATECUT-24SEP18,600s
-9,y_leads_x,-0.0012512834281738646,-8.39955049618775,4.4819095687447865e-17,0.9965775136229267,49,10,RATECUT-24SEP18,600s
-8,y_leads_x,-0.0019802433440174946,-9.846290834311686,7.112032548385387e-23,0.9965775136229267,49,10,RATECUT-24SEP18,600s
-7,y_leads_x,-0.003159411375770843,-15.045217349538465,3.7111272706647283e-51,0.9965775136229267,49,10,RATECUT-24SEP18,600s
-6,y_leads_x,-0.004054255934283388,-12.617085409083613,1.6999723067163545e-36,0.9965775136229267,49,10,RATECUT-24SEP18,600s
-5,y_leads_x,-0.004861370896817453,-12.570115671609845,3.0827255118660424e-36,0.9965775136229267,49,10,RATECUT-24SEP18,600s
-4,y_leads_x,-0.005825534491780698,-28.638394943215513,2.2360905326240774e-180,0.9965775136229267,49,10,RATECUT-24SEP18,600s
-3,y_leads_x,-0.006653873103198421,-52.83301297992775,0.0,0.9965775136229267,49,10,RATECUT-24SEP18,600s
-2,y_leads_x,-0.007627811889356426,-33.210007093685995,7.719577780857435e-242,0.9965775136229267,49,10,RATECUT-24SEP18,600s
-1,y_leads_x,-0.00826637942644718,-40.79296314024134,0.0,0.9965775136229267,49,10,RATECUT-24SEP18,600s
1,x_leads_y,-0.008403942889946768,-43.7051307573362,0.0,0.9965775136229267,49,10,RATECUT-24SEP18,600s
2,x_leads_y,-0.008452184230258128,-40.69758279260037,0.0,0.9965775136229267,49,10,RATECUT-24SEP18,600s
3,x_leads_y,-0.008557272451778234,-35.79525060873212,1.3092539278628334e-280,0.9965775136229267,49,10,RATECUT-24SEP18,600s
4,x_leads_y,-0.00809941765276518,-19.446735147175048,3.1058775529764195e-84,0.9965775136229267,49,10,RATECUT-24SEP18,600s
5,x_leads_y,-0.007137468938601271,-11.767881794352071,5.714127189146719e-32,0.9965775136229267,49,10,RATECUT-24SEP18,600s
6,x_leads_y,-0.006415110152256861,-10.556662395835708,4.731882685319542e-26,0.9965775136229267,49,10,RATECUT-24SEP18,600s
7,x_leads_y,-0.005285465827588173,-11.141913066019285,7.841654546656488e-29,0.9965775136229267,49,10,RATECUT-24SEP18,600s
8,x_leads_y,-0.0037408432982562914,-9.120051577035099,7.508858582837468e-20,0.9965775136229267,49,10,RATECUT-24SEP18,600s
9,x_leads_y,-0.002108463547709921,-6.202663826347047,5.551534457868595e-10,0.9965775136229267,49,10,RATECUT-24SEP18,600s
10,x_leads_y,-0.0009925892447182813,-4.36213337437354,1.2880030735511672e-05,0.9965775136229267,49,10,RATECUT-24SEP18,600s
-10,y_leads_x,-0.00046428213523563877,-4.076001356839411,4.581675138402888e-05,0.9913137975419367,55,11,RATECUT-24SEP18,600s
-9,y_leads_x,-0.0012231551383754557,-8.354616588327717,6.564558301901464e-17,0.9913137975419367,55,11,RATECUT-24SEP18,600s
-8,y_leads_x,-0.0020812140418899608,-8.198104703458263,2.4420661110229585e-16,0.9913137975419367,55,11,RATECUT-24SEP18,600s
-7,y_leads_x,-0.002963200603341343,-7.476131518590853,7.65423562039465e-14,0.9913137975419367,55,11,RATECUT-24SEP18,600s
-6,y_leads_x,-0.0035488322057265283,-4.107116772723084,4.006287144216256e-05,0.9913137975419367,55,11,RATECUT-24SEP18,600s
-5,y_leads_x,-0.004178133282011366,-3.666764218252285,0.0002456390943594244,0.9913137975419367,55,11,RATECUT-24SEP18,600s
-4,y_leads_x,-0.005004479284837346,-4.7263228206051,2.2862209270293883e-06,0.9913137975419367,55,11,RATECUT-24SEP18,600s
-3,y_leads_x,-0.005870471016681388,-5.665111258494219,1.4692916938060533e-08,0.9913137975419367,55,11,RATECUT-24SEP18,600s
-2,y_leads_x,-0.00701607581261136,-8.07736207899865,6.61828157534904e-16,0.9913137975419367,55,11,RATECUT-24SEP18,600s
-1,y_leads_x,-0.007690824591173896,-15.940511106929968,3.316302852774374e-57,0.9913137975419367,55,11,RATECUT-24SEP18,600s
1,x_leads_y,-0.0077778645367993565,-54.16829483160168,0.0,0.9913137975419367,55,11,RATECUT-24SEP18,600s
2,x_leads_y,-0.0072845388882166705,-15.72393017009231,1.0368740668756292e-55,0.9913137975419367,55,11,RATECUT-24SEP18,600s
3,x_leads_y,-0.006416687995751647,-6.079773892332048,1.2035213836955154e-09,0.9913137975419367,55,11,RATECUT-24SEP18,600s
4,x_leads_y,-0.005287959411944349,-3.5318513675830023,0.00041266122866942106,0.9913137975419367,55,11,RATECUT-24SEP18,600s
5,x_leads_y,-0.0038540775227332924,-2.055591398870261,0.03982191755428967,0.9913137975419367,55,11,RATECUT-24SEP18,600s
6,x_leads_y,-0.0028726084033299884,-1.40844491597084,0.15899936706443418,0.9913137975419367,55,11,RATECUT-24SEP18,600s
7,x_leads_y,-0.0021035803932613257,-1.133408950496629,0.25704255712493573,0.9913137975419367,55,11,RATECUT-24SEP18,600s
8,x_leads_y,-0.0013971141044516017,-1.017450145968559,0.3089393371338933,0.9913137975419367,55,11,RATECUT-24SEP18,600s
9,x_leads_y,-0.0007400490635767966,-0.9387693207956246,0.34784919357316,0.9913137975419367,55,11,RATECUT-24SEP18,600s
10,x_leads_y,-0.0004048607910341251,-0.9504310777582847,0.3418932590512844,0.9913137975419367,55,11,RATECUT-24SEP18,600s
-10,y_leads_x,-0.00030967796400707074,-0.48431057067544486,0.628165475096158,0.7865158295840214,67,4,KXECKH276,600s
-9,y_leads_x,-0.004151286791640876,-1.5362304646306577,0.12448186676112152,0.7865158295840214,67,4,KXECKH276,600s
-8,y_leads_x,-0.0025831936408478064,-0.5490524916277966,0.5829694271934726,0.7865158295840214,67,4,KXECKH276,600s
-7,y_leads_x,0.0043787690276363075,0.516117437926112,0.6057723894541962,0.7865158295840214,67,4,KXECKH276,600s
-6,y_leads_x,0.0036690330182745628,0.3528332344377401,0.7242134666438631,0.7865158295840214,67,4,KXECKH276,600s
-5,y_leads_x,-0.008503346613881942,-0.6344684376989623,0.5257751584880781,0.7865158295840214,67,4,KXECKH276,600s
-4,y_leads_x,-0.013748622196105058,-1.3561202982117038,0.17506089550442383,0.7865158295840214,67,4,KXECKH276,600s
-3,y_leads_x,-0.011253425287850862,-1.821535916896388,0.06852543211556252,0.7865158295840214,67,4,KXECKH276,600s
-2,y_leads_x,-0.01754395363335735,-2.8785778366760115,0.003994726880181386,0.7865158295840214,67,4,KXECKH276,600s
-1,y_leads_x,-0.03822584833686934,-7.105148602863394,1.2019314307681644e-12,0.7865158295840214,67,4,KXECKH276,600s
1,x_leads_y,-0.040985714308975796,-11.131860697368252,8.778368430969724e-29,0.7865158295840214,67,4,KXECKH276,600s
2,x_leads_y,-0.019147516530260065,-5.054043750861179,4.3255245292103694e-07,0.7865158295840214,67,4,KXECKH276,600s
3,x_leads_y,-0.015715987674327234,-1.8168429355134514,0.06924116643170425,0.7865158295840214,67,4,KXECKH276,600s
4,x_leads_y,-0.021130356352592562,-2.403813451462329,0.016225050581846888,0.7865158295840214,67,4,KXECKH276,600s
5,x_leads_y,-0.018264254172808927,-1.5657412901096612,0.1174091956848107,0.7865158295840214,67,4,KXECKH276,600s
6,x_leads_y,-0.004386289006451469,-0.34826330851816795,0.7276424466183111,0.7865158295840214,67,4,KXECKH276,600s
7,x_leads_y,-0.001413061940341763,-0.10693139166565378,0.914843409013526,0.7865158295840214,67,4,KXECKH276,600s
8,x_leads_y,-0.007365207851232404,-0.8325250423344001,0.4051126490604675,0.7865158295840214,67,4,KXECKH276,600s
9,x_leads_y,-0.008639541097612747,-18.828645938800456,4.398644860421304e-79,0.7865158295840214,67,4,KXECKH276,600s
10,x_leads_y,-0.0035033018982855166,-1.106244910609004,0.26862052897826705,0.7865158295840214,67,4,KXECKH276,600s
-10,y_leads_x,-0.0003150609782541069,-0.4594106930280513,0.6459392709154701,0.7865107275636494,65,3,KXECKH276,600s
-9,y_leads_x,-0.004217671458170369,-1.4547790804738518,0.14573043140596606,0.7865107275636494,65,3,KXECKH276,600s
-8,y_leads_x,-0.0026271034687264418,-0.5203922564571456,0.6027902061050929,0.7865107275636494,65,3,KXECKH276,600s
-7,y_leads_x,0.004441831186247684,0.48788257754822884,0.6256330157890483,0.7865107275636494,65,3,KXECKH276,600s
-6,y_leads_x,0.0037213888277045984,0.3334627095198983,0.7387850336635962,0.7865107275636494,65,3,KXECKH276,600s
-5,y_leads_x,-0.008639009050356854,-0.6006490774775982,0.5480737425829709,0.7865107275636494,65,3,KXECKH276,600s
-4,y_leads_x,-0.013967297921107643,-1.2835876142511236,0.19928628574273055,0.7865107275636494,65,3,KXECKH276,600s
-3,y_leads_x,-0.011433071015856696,-1.7240705531544498,0.08469510724450298,0.7865107275636494,65,3,KXECKH276,600s
-2,y_leads_x,-0.017819177162606115,-2.7243705482936784,0.006442418040619749,0.7865107275636494,65,3,KXECKH276,600s
-1,y_leads_x,-0.03881896654773892,-6.723621137136761,1.772629807356086e-11,0.7865107275636494,65,3,KXECKH276,600s
1,x_leads_y,-0.04162169392608647,-10.53905376459554,5.707020920790671e-26,0.7865107275636494,65,3,KXECKH276,600s
2,x_leads_y,-0.01944596596631517,-4.78008877126678,1.752178102035895e-06,0.7865107275636494,65,3,KXECKH276,600s
3,x_leads_y,-0.015961169786343533,-1.719547261659112,0.08551476967071252,0.7865107275636494,65,3,KXECKH276,600s
4,x_leads_y,-0.021461930053510783,-2.275538000386206,0.022873675787153304,0.7865107275636494,65,3,KXECKH276,600s
5,x_leads_y,-0.01855475982830713,-1.4821711541989646,0.1382947598066371,0.7865107275636494,65,3,KXECKH276,600s
6,x_leads_y,-0.0044623173537730685,-0.33010869636987683,0.7413178324676988,0.7865107275636494,65,3,KXECKH276,600s
7,x_leads_y,-0.0014448724009094843,-0.10184088671214137,0.9188829714448512,0.7865107275636494,65,3,KXECKH276,600s
8,x_leads_y,-0.007488115762231563,-0.7882816644940471,0.43053197019804024,0.7865107275636494,65,3,KXECKH276,600s
9,x_leads_y,-0.00878265787403072,-17.62768915714067,1.5101424106282685e-69,0.7865107275636494,65,3,KXECKH276,600s
10,x_leads_y,-0.0035661496297084566,-1.052235714202507,0.2926914176287859,0.7865107275636494,65,3,KXECKH276,600s
-10,y_leads_x,-0.0007300812694334702,-1.6827425282893784,0.09242494502101903,0.8239856252790646,58,3,KXECKH276,600s
-9,y_leads_x,-0.0052728558602506016,-23.75423570484516,9.93399798678466e-125,0.8239856252790646,58,3,KXECKH276,600s
-8,y_leads_x,-0.0066442914244125365,-2.101443959423582,0.03560201250327727,0.8239856252790646,58,3,KXECKH276,600s
-7,y_leads_x,-0.0023240563979764687,-0.7034388984990771,0.48178227233850557,0.8239856252790646,58,3,KXECKH276,600s
-6,y_leads_x,-0.0026907728575193057,-4.170132339639718,3.044228079112937e-05,0.8239856252790646,58,3,KXECKH276,600s
-5,y_leads_x,-0.012576735197533872,-2.1006897524616126,0.03566820946572578,0.8239856252790646,58,3,KXECKH276,600s
-4,y_leads_x,-0.019654156942424533,-11.592894007741942,4.47743935153747e-31,0.8239856252790646,58,3,KXECKH276,600s
-3,y_leads_x,-0.020413007537417815,-2.0184985523338823,0.04353936478309416,0.8239856252790646,58,3,KXECKH276,600s
-2,y_leads_x,-0.028114707511135914,-3.3404807995608365,0.0008363346343072862,0.8239856252790646,58,3,KXECKH276,600s
-1,y_leads_x,-0.044619619973418075,-4.239977388283626,2.235423035202018e-05,0.8239856252790646,58,3,KXECKH276,600s
1,x_leads_y,-0.04932845197873146,-3.457915598612671,0.0005443718973591041,0.8239856252790646,58,3,KXECKH276,600s
2,x_leads_y,-0.030274035097440664,-2.23246130721748,0.0255844897797402,0.8239856252790646,58,3,KXECKH276,600s
3,x_leads_y,-0.026520691310350022,-3.805368337173162,0.00014159331910714742,0.8239856252790646,58,3,KXECKH276,600s
4,x_leads_y,-0.030319003400227355,-6.573977010505281,4.898879866123679e-11,0.8239856252790646,58,3,KXECKH276,600s
5,x_leads_y,-0.027004167743015867,-6.580004880107962,4.7043282811930854e-11,0.8239856252790646,58,3,KXECKH276,600s
6,x_leads_y,-0.010637800855871698,-34.53672808397214,2.255258458381241e-261,0.8239856252790646,58,3,KXECKH276,600s
7,x_leads_y,-0.0023628131504443376,-0.32393918629872154,0.7459840758436291,0.8239856252790646,58,3,KXECKH276,600s
8,x_leads_y,-0.0037646383559094628,-0.4625293907059598,0.6437017307048905,0.8239856252790646,58,3,KXECKH276,600s
9,x_leads_y,-0.002888584114845719,-1.20413618372518,0.2285369465843825,0.8239856252790646,58,3,KXECKH276,600s
10,x_leads_y,-0.0032614308798088786,-0.3038038930722667,0.7612773006046881,0.8239856252790646,58,3,KXECKH276,600s
-10,y_leads_x,0.006425088940910877,2.358959563554761,0.018326252569942372,0.5946105444942101,76,2,KXECDJT316,600s
-9,y_leads_x,0.013777717754432135,2.077743674679577,0.037732974105648444,0.5946105444942101,76,2,KXECDJT316,600s
-8,y_leads_x,0.028163584322367874,1.4834063668472246,0.1379664768567998,0.5946105444942101,76,2,KXECDJT316,600s
-7,y_leads_x,0.025105530489272457,0.9888704438114903,0.32272653298460796,0.5946105444942101,76,2,KXECDJT316,600s
-6,y_leads_x,0.03599594611122619,99.77988541477048,0.0,0.5946105444942101,76,2,KXECDJT316,600s
-5,y_leads_x,0.02633722615568538,11.39535940470236,4.4100641167453705e-30,0.5946105444942101,76,2,KXECDJT316,600s
-4,y_leads_x,0.0036450248876179637,0.48703567268900727,0.6262330512690526,0.5946105444942101,76,2,KXECDJT316,600s
-3,y_leads_x,-0.013110984715444085,-1.1798311233039747,0.2380673882959582,0.5946105444942101,76,2,KXECDJT316,600s
-2,y_leads_x,-0.04297852365018131,-1.8100227150914796,0.07029226467987137,0.5946105444942101,76,2,KXECDJT316,600s
-1,y_leads_x,-0.0498340145349931,-4.219401221979434,2.4495201387621292e-05,0.5946105444942101,76,2,KXECDJT316,600s
1,x_leads_y,-0.04983984126718073,-18.390691923142278,1.559766481708152e-75,0.5946105444942101,76,2,KXECDJT316,600s
2,x_leads_y,-0.04254567399905092,-155.9322177115093,0.0,0.5946105444942101,76,2,KXECDJT316,600s
3,x_leads_y,-0.01149395178374187,-1.2311217656859479,0.2182773260709142,0.5946105444942101,76,2,KXECDJT316,600s
4,x_leads_y,0.003562517689631179,0.39800543249948644,0.6906261813026643,0.5946105444942101,76,2,KXECDJT316,600s
5,x_leads_y,0.027686343391567263,4.5585308067479895,5.15127093373243e-06,0.5946105444942101,76,2,KXECDJT316,600s
6,x_leads_y,0.03612088660204617,30.35082526178033,2.450259765282906e-202,0.5946105444942101,76,2,KXECDJT316,600s
7,x_leads_y,0.02601285352556284,9.545205877834984,1.3583752812233218e-21,0.5946105444942101,76,2,KXECDJT316,600s
8,x_leads_y,0.028312365986412544,5.001980261081706,5.674440163800995e-07,0.5946105444942101,76,2,KXECDJT316,600s
9,x_leads_y,0.014287199399430895,2.078312713186625,0.037680566264963654,0.5946105444942101,76,2,KXECDJT316,600s
10,x_leads_y,0.006611170487431755,1.1218134175822638,0.26194178005859314,0.5946105444942101,76,2,KXECDJT316,600s
-10,y_leads_x,0.0053829214679952135,2.860569211772553,0.004228812367819528,0.5924438231492373,98,7,KXECDJT316,600s
-9,y_leads_x,0.01195641165272811,2.7274650879577234,0.006382301099962182,0.5924438231492373,98,7,KXECDJT316,600s
-8,y_leads_x,0.024013540769812138,1.9451629546904656,0.051755368893567924,0.5924438231492373,98,7,KXECDJT316,600s
-7,y_leads_x,0.021551044928842675,1.2910390512401553,0.19669013657547296,0.5924438231492373,98,7,KXECDJT316,600s
-6,y_leads_x,0.030769356813151547,129.43120911256491,0.0,0.5924438231492373,98,7,KXECDJT316,600s
-5,y_leads_x,0.02274774795682309,14.71146257013258,5.441841272652559e-49,0.5924438231492373,98,7,KXECDJT316,600s
-4,y_leads_x,0.0024740605049488624,0.4709117763367279,0.6377037380164863,0.5924438231492373,98,7,KXECDJT316,600s
-3,y_leads_x,-0.011795754834036765,-1.6092454224718755,0.1075626878516366,0.5924438231492373,98,7,KXECDJT316,600s
-2,y_leads_x,-0.038026298933107654,-2.3929423160071073,0.016713868587626867,0.5924438231492373,98,7,KXECDJT316,600s
-1,y_leads_x,-0.044440975720706474,-5.598308293180947,2.1645358034355433e-08,0.5924438231492373,98,7,KXECDJT316,600s
1,x_leads_y,-0.0445347361668948,-26.082462347055205,5.765107601617392e-150,0.5924438231492373,98,7,KXECDJT316,600s
2,x_leads_y,-0.037241000404554116,-99.28907666370492,0.0,0.5924438231492373,98,7,KXECDJT316,600s
3,x_leads_y,-0.010901170116273591,-1.8714164289571356,0.06128738348342314,0.5924438231492373,98,7,KXECDJT316,600s
4,x_leads_y,0.0031623967499220394,0.5197649004092734,0.6032274460032163,0.5924438231492373,98,7,KXECDJT316,600s
5,x_leads_y,0.02355365393535303,6.179083690944228,6.447471252474372e-10,0.5924438231492373,98,7,KXECDJT316,600s
6,x_leads_y,0.031181594997883914,31.695680843156826,1.7818705615474697e-220,0.5924438231492373,98,7,KXECDJT316,600s
7,x_leads_y,0.022379809015760255,12.29944740845388,9.119588791660964e-35,0.5924438231492373,98,7,KXECDJT316,600s
8,x_leads_y,0.023844388670784596,6.5540924254571085,5.598128831122276e-11,0.5924438231492373,98,7,KXECDJT316,600s
9,x_leads_y,0.012721041643725426,2.8047820147666216,0.005035061901399555,0.5924438231492373,98,7,KXECDJT316,600s
10,x_leads_y,0.005190331372131093,1.320138406675979,0.18678881180599016,0.5924438231492373,98,7,KXECDJT316,600s
-10,y_leads_x,0.005319405952486112,2.89681368200118,0.0037697356576332983,0.5930906538100723,100,8,KXECDJT316,600s
-9,y_leads_x,0.011897240040382416,2.7580439967643957,0.0058148371006598336,0.5930906538100723,100,8,KXECDJT316,600s
-8,y_leads_x,0.023744116714487486,1.952806166898021,0.05084256753217785,0.5930906538100723,100,8,KXECDJT316,600s
-7,y_leads_x,0.02141565919146306,1.3031905734147273,0.19250970757892127,0.5930906538100723,100,8,KXECDJT316,600s
-6,y_leads_x,0.03051365840062989,131.17100644812123,0.0,0.5930906538100723,100,8,KXECDJT316,600s
-5,y_leads_x,0.02256123587929039,14.77571142754016,2.101266589088269e-49,0.5930906538100723,100,8,KXECDJT316,600s
-4,y_leads_x,0.002463518690210286,0.47570093853876483,0.634287452200285,0.5930906538100723,100,8,KXECDJT316,600s
-3,y_leads_x,-0.011712783308229028,-1.6263320835523465,0.10387903014386943,0.5930906538100723,100,8,KXECDJT316,600s
-2,y_leads_x,-0.03764672130194272,-2.404024636107137,0.01621568044110719,0.5930906538100723,100,8,KXECDJT316,600s
-1,y_leads_x,-0.044189410206789355,-5.723904669362485,1.0410317996538443e-08,0.5930906538100723,100,8,KXECDJT316,600s
1,x_leads_y,-0.044190614544274066,-25.814920230634588,6.029815678124317e-147,0.5930906538100723,100,8,KXECDJT316,600s
2,x_leads_y,-0.03691250501283347,-98.42989890783419,0.0,0.5930906538100723,100,8,KXECDJT316,600s
3,x_leads_y,-0.010824898346148158,-1.8826869138660467,0.05974280991094973,0.5930906538100723,100,8,KXECDJT316,600s
4,x_leads_y,0.003147208563095748,0.5260540463534381,0.5988506560302683,0.5930906538100723,100,8,KXECDJT316,600s
5,x_leads_y,0.023380559734028097,6.269857391299798,3.6137892602145123e-10,0.5930906538100723,100,8,KXECDJT316,600s
6,x_leads_y,0.030903822669462896,31.733614372151948,5.34417165097217e-221,0.5930906538100723,100,8,KXECDJT316,600s
7,x_leads_y,0.02221143163902051,12.282601419337286,1.1232734049458494e-34,0.5930906538100723,100,8,KXECDJT316,600s
8,x_leads_y,0.023637627176264546,6.61100533205012,3.817187365233683e-11,0.5930906538100723,100,8,KXECDJT316,600s
9,x_leads_y,0.012622443077607117,2.8204391010941117,0.004795797540498362,0.5930906538100723,100,8,KXECDJT316,600s
10,x_leads_y,0.0051307307478664355,1.3319741644250636,0.18286867832323062,0.5930906538100723,100,8,KXECDJT316,600s
-10,y_leads_x,0.005192932651288213,2.7757566538828846,0.00550734121711339,0.5929244877576664,101,8,KXECDJT316,600s
-9,y_leads_x,0.011800785873069668,2.776879992516311,0.0054883439005243935,0.5929244877576664,101,8,KXECDJT316,600s
-8,y_leads_x,0.02359613621475618,1.9519754700185932,0.05094111701014844,0.5929244877576664,101,8,KXECDJT316,600s
-7,y_leads_x,0.021408781186007565,1.3131327258623016,0.18913822808399228,0.5929244877576664,101,8,KXECDJT316,600s
-6,y_leads_x,0.030283588193730334,97.9395867634976,0.0,0.5929244877576664,101,8,KXECDJT316,600s
-5,y_leads_x,0.02248176837561353,15.052845167101868,3.3070016340636943e-51,0.5929244877576664,101,8,KXECDJT316,600s
-4,y_leads_x,0.0024296246279443268,0.4716113956953796,0.6372041912081639,0.5929244877576664,101,8,KXECDJT316,600s
-3,y_leads_x,-0.011713543713085715,-1.6450836508951607,0.09995256164180343,0.5929244877576664,101,8,KXECDJT316,600s
-2,y_leads_x,-0.03760302564578645,-2.4248306585860906,0.015315528936902823,0.5929244877576664,101,8,KXECDJT316,600s
-1,y_leads_x,-0.0441068225422428,-5.773549152253085,7.761895013707268e-09,0.5929244877576664,101,8,KXECDJT316,600s
1,x_leads_y,-0.04422051180928422,-23.00376920540094,4.273472484234652e-117,0.5929244877576664,101,8,KXECDJT316,600s
2,x_leads_y,-0.03682756984813235,-86.48873535428119,0.0,0.5929244877576664,101,8,KXECDJT316,600s
3,x_leads_y,-0.01085585806581002,-1.8873972781821033,0.05910691094667732,0.5929244877576664,101,8,KXECDJT316,600s
4,x_leads_y,0.0031181374322902717,0.5241580607912242,0.6001686081982567,0.5929244877576664,101,8,KXECDJT316,600s
5,x_leads_y,0.023249270319907367,6.246391319465114,4.2004404632237953e-10,0.5929244877576664,101,8,KXECDJT316,600s
6,x_leads_y,0.030774881836793912,32.4939918412523,1.2964271955840372e-231,0.5929244877576664,101,8,KXECDJT316,600s
7,x_leads_y,0.022143555049930378,12.046515052401679,2.023245278841607e-33,0.5929244877576664,101,8,KXECDJT316,600s
8,x_leads_y,0.02351569359807058,6.607654422398265,3.904568182261291e-11,0.5929244877576664,101,8,KXECDJT316,600s
9,x_leads_y,0.012574792050197667,2.812378806342001,0.0049176551368503045,0.5929244877576664,101,8,KXECDJT316,600s
10,x_leads_y,0.005096467690720506,1.3328599665616847,0.18257776229636336,0.5929244877576664,101,8,KXECDJT316,600s
-10,y_leads_x,-0.018203356514067452,-3.030719906121573,0.002439714542508318,0.9842849463723033,66,17,KX538APPROVEMIN-24NOV30-T37,600s
-9,y_leads_x,-0.02960577718115126,-2.4798101618886452,0.013145234810898755,0.9842849463723033,66,17,KX538APPROVEMIN-24NOV30-T37,600s
-8,y_leads_x,-0.05206996231772528,-2.2576451562151787,0.02396779100087124,0.9842849463723033,66,17,KX538APPROVEMIN-24NOV30-T37,600s
-7,y_leads_x,-0.06916113327647376,-1.9448497285975554,0.05179306697095854,0.9842849463723033,66,17,KX538APPROVEMIN-24NOV30-T37,600s
-6,y_leads_x,-0.07456616359399126,-1.9897146995212684,0.04662237249772776,0.9842849463723033,66,17,KX538APPROVEMIN-24NOV30-T37,600s
-5,y_leads_x,-0.07507647644484704,-2.416036928241798,0.01569046994924927,0.9842849463723033,66,17,KX538APPROVEMIN-24NOV30-T37,600s
-4,y_leads_x,-0.08329152956869212,-2.9535736831148194,0.003141176104587404,0.9842849463723033,66,17,KX538APPROVEMIN-24NOV30-T37,600s
-3,y_leads_x,-0.08729904643092108,-4.662290919270532,3.1270871752845944e-06,0.9842849463723033,66,17,KX538APPROVEMIN-24NOV30-T37,600s
-2,y_leads_x,-0.10471287452926471,-7.876861554025443,3.3570652856056807e-15,0.9842849463723033,66,17,KX538APPROVEMIN-24NOV30-T37,600s
-1,y_leads_x,-0.12223989470886809,-21.99713840591324,3.0672951600566836e-107,0.9842849463723033,66,17,KX538APPROVEMIN-24NOV30-T37,600s
1,x_leads_y,-0.10925503082517601,-18.97323784887176,2.83871228746739e-80,0.9842849463723033,66,17,KX538APPROVEMIN-24NOV30-T37,600s
2,x_leads_y,-0.09985431420800675,-7.996025243883409,1.2850004736981603e-15,0.9842849463723033,66,17,KX538APPROVEMIN-24NOV30-T37,600s
3,x_leads_y,-0.08257978005445431,-4.247164830858376,2.164926874057829e-05,0.9842849463723033,66,17,KX538APPROVEMIN-24NOV30-T37,600s
4,x_leads_y,-0.07017574675518998,-3.717746096009,0.00020100814154519237,0.9842849463723033,66,17,KX538APPROVEMIN-24NOV30-T37,600s
5,x_leads_y,-0.04661993726595449,-2.475140985661867,0.013318358904854144,0.9842849463723033,66,17,KX538APPROVEMIN-24NOV30-T37,600s
6,x_leads_y,-0.029620620672370434,-1.5114170629117964,0.130682224742686,0.9842849463723033,66,17,KX538APPROVEMIN-24NOV30-T37,600s
7,x_leads_y,-0.01716095872818557,-1.128761833381157,0.2589983171332755,0.9842849463723033,66,17,KX538APPROVEMIN-24NOV30-T37,600s
8,x_leads_y,-0.007575096221709532,-0.662453317998519,0.5076807429380708,0.9842849463723033,66,17,KX538APPROVEMIN-24NOV30-T37,600s
9,x_leads_y,0.002427414461119214,0.2642339646339046,0.7915996408200543,0.9842849463723033,66,17,KX538APPROVEMIN-24NOV30-T37,600s
10,x_leads_y,0.0014305607206388674,0.2606818769029572,0.7943378430965827,0.9842849463723033,66,17,KX538APPROVEMIN-24NOV30-T37,600s
-10,y_leads_x,-0.0061511457807836775,-2.133678462631962,0.032869110252919644,0.8238078290373925,280,14,KXECDJT281,600s
-9,y_leads_x,-0.018133762753476997,-2.1062560153726206,0.035182119773946266,0.8238078290373925,280,14,KXECDJT281,600s
-8,y_leads_x,-0.025998409548812815,-2.4641787874913677,0.013732759159294339,0.8238078290373925,280,14,KXECDJT281,600s
-7,y_leads_x,-0.01858297823172391,-3.1526653920681955,0.0016178714116831976,0.8238078290373925,280,14,KXECDJT281,600s
-6,y_leads_x,-0.03220286962885866,-7.5970485420355445,3.0296091714552635e-14,0.8238078290373925,280,14,KXECDJT281,600s
-5,y_leads_x,-0.04034151674014375,-4.941563916931905,7.749840126465906e-07,0.8238078290373925,280,14,KXECDJT281,600s
-4,y_leads_x,-0.04108970096756932,-4.017229396432768,5.88863949002868e-05,0.8238078290373925,280,14,KXECDJT281,600s
-3,y_leads_x,-0.053789743577060775,-8.133082681640428,4.1850896967265276e-16,0.8238078290373925,280,14,KXECDJT281,600s
-2,y_leads_x,-0.05680888133750024,-12.683271180316941,7.321144499188641e-37,0.8238078290373925,280,14,KXECDJT281,600s
-1,y_leads_x,-0.07562634140327643,-26.573992401191468,1.3566492691681982e-155,0.8238078290373925,280,14,KXECDJT281,600s
1,x_leads_y,-0.07556382716843893,-28.45004504377483,4.866827452339336e-178,0.8238078290373925,280,14,KXECDJT281,600s
2,x_leads_y,-0.05611807123241447,-17.671707040853693,6.926872956566757e-70,0.8238078290373925,280,14,KXECDJT281,600s
3,x_leads_y,-0.052249597490621184,-30.239148479708476,7.246611106380716e-201,0.8238078290373925,280,14,KXECDJT281,600s
4,x_leads_y,-0.03895933997176946,-17.54386781757588,6.626014991799368e-69,0.8238078290373925,280,14,KXECDJT281,600s
5,x_leads_y,-0.038438574546640306,-15.410854795493123,1.3836936738776132e-53,0.8238078290373925,280,14,KXECDJT281,600s
6,x_leads_y,-0.03054926585130301,-10.043841286765266,9.779016178205308e-24,0.8238078290373925,280,14,KXECDJT281,600s
7,x_leads_y,-0.016349560185046682,-5.429295566291577,5.6576919245880504e-08,0.8238078290373925,280,14,KXECDJT281,600s
8,x_leads_y,-0.02358500969157952,-30.645361429063772,3.0468429249063386e-206,0.8238078290373925,280,14,KXECDJT281,600s
9,x_leads_y,-0.01611656189212982,-24.536135255808293,6.081541521275122e-133,0.8238078290373925,280,14,KXECDJT281,600s
10,x_leads_y,-0.005115236753200297,-5.164287469902303,2.413565300601287e-07,0.8238078290373925,280,14,KXECDJT281,600s
-10,y_leads_x,-0.004791074492517743,-1.1889564175242444,0.23445681746257463,0.8254099592692402,53,5,KXECKH287,600s
-9,y_leads_x,-0.008426291099474953,-0.8796884818122569,0.3790280907913839,0.8254099592692402,53,5,KXECKH287,600s
-8,y_leads_x,-0.008507226442322997,-0.9104085406506728,0.362607095266011,0.8254099592692402,53,5,KXECKH287,600s
-7,y_leads_x,-0.007357889003755955,-0.9988815077616271,0.31785209532882563,0.8254099592692402,53,5,KXECKH287,600s
-6,y_leads_x,-0.005281120819068006,-0.9130072921498891,0.3612387063494411,0.8254099592692402,53,5,KXECKH287,600s
-5,y_leads_x,-0.0013934246685544521,-0.3817357926130351,0.7026573483263249,0.8254099592692402,53,5,KXECKH287,600s
-4,y_leads_x,-0.0012662124594926601,-0.32829762502971727,0.7426866397116973,0.8254099592692402,53,5,KXECKH287,600s
-3,y_leads_x,-0.006892837644354126,-1.4968183636490755,0.13444052667844897,0.8254099592692402,53,5,KXECKH287,600s
-2,y_leads_x,-0.017852769373765655,-4.023881353123302,5.724676560775546e-05,0.8254099592692402,53,5,KXECKH287,600s
-1,y_leads_x,-0.03248455759438987,-8.567482565515132,1.0577186924455066e-17,0.8254099592692402,53,5,KXECKH287,600s
1,x_leads_y,-0.03576232764141139,-16.47164992959023,5.864871148191261e-61,0.8254099592692402,53,5,KXECKH287,600s
2,x_leads_y,-0.024827839053575593,-5.344838470013003,9.049772058428933e-08,0.8254099592692402,53,5,KXECKH287,600s
3,x_leads_y,-0.017986585018650435,-2.8566338427117604,0.004281594454995123,0.8254099592692402,53,5,KXECKH287,600s
4,x_leads_y,-0.014259870944399115,-1.7950320856910698,0.0726485880038799,0.8254099592692402,53,5,KXECKH287,600s
5,x_leads_y,-0.015002831695635568,-1.800207187561649,0.07182792934407052,0.8254099592692402,53,5,KXECKH287,600s
6,x_leads_y,-0.01843426861256678,-9.379847504198283,6.606821428145974e-21,0.8254099592692402,53,5,KXECKH287,600s
7,x_leads_y,-0.01883978620169812,-7.744800446882074,9.573207468753192e-15,0.8254099592692402,53,5,KXECKH287,600s
8,x_leads_y,-0.015463878312577702,-3.3905091702494987,0.000697629205264284,0.8254099592692402,53,5,KXECKH287,600s
9,x_leads_y,-0.010379807493373751,-2.3061055181450327,0.021104737056323347,0.8254099592692402,53,5,KXECKH287,600s
10,x_leads_y,-0.006004237474093313,-2.503812379996723,0.0122863167713945,0.8254099592692402,53,5,KXECKH287,600s
-10,y_leads_x,-0.004754668802810202,-1.2019711835578977,0.22937469293426782,0.8260709014795962,54,6,KXECKH287,600s
-9,y_leads_x,-0.008362262677534895,-0.8893178842062538,0.3738322625972348,0.8260709014795962,54,6,KXECKH287,600s
-8,y_leads_x,-0.008442583021183284,-0.9203742164121488,0.3573772376478408,0.8260709014795962,54,6,KXECKH287,600s
-7,y_leads_x,-0.007301978993508351,-1.0098156420387348,0.3125836245697582,0.8260709014795962,54,6,KXECKH287,600s
-6,y_leads_x,-0.005240991439709117,-0.9230014148269065,0.3560064679213424,0.8260709014795962,54,6,KXECKH287,600s
-5,y_leads_x,-0.001382836524664464,-0.38591441678654037,0.6995600531131153,0.8260709014795962,54,6,KXECKH287,600s
-4,y_leads_x,-0.0012565909564297803,-0.33189129483642804,0.7399713438992637,0.8260709014795962,54,6,KXECKH287,600s
-3,y_leads_x,-0.006840461395795056,-1.5132031028292365,0.130228076333807,0.8260709014795962,54,6,KXECKH287,600s
-2,y_leads_x,-0.017717112459380874,-4.067928278297241,4.7432975100702686e-05,0.8260709014795962,54,6,KXECKH287,600s
-1,y_leads_x,-0.03223771886835543,-8.661265465749084,4.665556117817908e-18,0.8260709014795962,54,6,KXECKH287,600s
1,x_leads_y,-0.03549058229381412,-16.651954831318545,2.9287699737649e-62,0.8260709014795962,54,6,KXECKH287,600s
2,x_leads_y,-0.02463918103832128,-5.403345090734692,6.540944613223814e-08,0.8260709014795962,54,6,KXECKH287,600s
3,x_leads_y,-0.017849911286252712,-2.887903635749323,0.0038781866532577786,0.8260709014795962,54,6,KXECKH287,600s
4,x_leads_y,-0.01415151520130169,-1.8146811849127147,0.06957291813275067,0.8260709014795962,54,6,KXECKH287,600s
5,x_leads_y,-0.014888830455141566,-1.8199129354030814,0.06877226470915954,0.8260709014795962,54,6,KXECKH287,600s
6,x_leads_y,-0.018294193090021067,-9.482522857894132,2.4820816205031905e-21,0.8260709014795962,54,6,KXECKH287,600s
7,x_leads_y,-0.018696629293641926,-7.829577957906062,4.8951038745242485e-15,0.8260709014795962,54,6,KXECKH287,600s
8,x_leads_y,-0.015346373741024376,-3.4276229642754137,0.000608890478001379,0.8260709014795962,54,6,KXECKH287,600s
9,x_leads_y,-0.010300934987546834,-2.331349020198746,0.019734963352412406,0.8260709014795962,54,6,KXECKH287,600s
10,x_leads_y,-0.005958613385644348,-2.5312200560372293,0.011366651146177227,0.8260709014795962,54,6,KXECKH287,600s
-10,y_leads_x,-0.007367050505863507,-6.844146612448258,7.693309972150164e-12,0.9188780869485625,42,3,KXECKH287,600s
-9,y_leads_x,-0.01606651773360594,-11.804347685077744,3.7065422728117327e-32,0.9188780869485625,42,3,KXECKH287,600s
-8,y_leads_x,-0.01790522272357738,-61.15925424398982,0.0,0.9188780869485625,42,3,KXECKH287,600s
-7,y_leads_x,-0.01600283963695482,-5.703321486344939,1.1749507982333799e-08,0.9188780869485625,42,3,KXECKH287,600s
-6,y_leads_x,-0.01377182542682207,-1.7049678436137323,0.08820042187336813,0.9188780869485625,42,3,KXECKH287,600s
-5,y_leads_x,-0.007529723729707948,-0.6929446711463478,0.4883442743519302,0.9188780869485625,42,3,KXECKH287,600s
-4,y_leads_x,-0.005911546223182927,-0.5520104700229045,0.580941179940378,0.9188780869485625,42,3,KXECKH287,600s
-3,y_leads_x,-0.011256358326743151,-1.678037358173337,0.09333980621826386,0.9188780869485625,42,3,KXECKH287,600s
-2,y_leads_x,-0.023483519213191688,-7.530625201406835,5.0497944351938476e-14,0.9188780869485625,42,3,KXECKH287,600s
-1,y_leads_x,-0.04013797575334965,-205.14546830477326,0.0,0.9188780869485625,42,3,KXECKH287,600s
1,x_leads_y,-0.04449502521479846,-15.525292525444199,2.3393487862552814e-54,0.9188780869485625,42,3,KXECKH287,600s
2,x_leads_y,-0.03157110082457219,-4.928123977579947,8.302293192413506e-07,0.9188780869485625,42,3,KXECKH287,600s
3,x_leads_y,-0.02336223788245723,-2.0755790060262367,0.03793290478727534,0.9188780869485625,42,3,KXECKH287,600s
4,x_leads_y,-0.019648831071726804,-1.2063749004970359,0.22767296937366366,0.9188780869485625,42,3,KXECKH287,600s
5,x_leads_y,-0.021766651474974096,-1.1377083992456871,0.25524226501527836,0.9188780869485625,42,3,KXECKH287,600s
6,x_leads_y,-0.027984078085550965,-2.167192054939288,0.03022021294972194,0.9188780869485625,42,3,KXECKH287,600s
7,x_leads_y,-0.02951305345072338,-3.7671371561610267,0.00016513028964284921,0.9188780869485625,42,3,KXECKH287,600s
8,x_leads_y,-0.025816055724741997,-5.128512778068017,2.920400791282211e-07,0.9188780869485625,42,3,KXECKH287,600s
9,x_leads_y,-0.01863744194274398,-3.438659006745684,0.0005846031033038127,0.9188780869485625,42,3,KXECKH287,600s
10,x_leads_y,-0.012027070566277987,-1.851488761618122,0.06409927005335365,0.9188780869485625,42,3,KXECKH287,600s
-10,y_leads_x,-0.0069533200638614056,-1.687940295608128,0.0914226904299902,0.821000380646207,197,4,KXECDJT281,600s
-9,y_leads_x,-0.022343735573978864,-1.8015429262963873,0.07161734776945403,0.821000380646207,197,4,KXECDJT281,600s
-8,y_leads_x,-0.031692268758450916,-2.131180845517041,0.033074246393036855,0.821000380646207,197,4,KXECDJT281,600s
-7,y_leads_x,-0.020974029548728547,-2.6401767683455946,0.008286279437588827,0.821000380646207,197,4,KXECDJT281,600s
-6,y_leads_x,-0.03736465749961045,-7.301134958061905,2.8535034472189197e-13,0.821000380646207,197,4,KXECDJT281,600s
-5,y_leads_x,-0.047418602965845935,-4.411929352886781,1.0245354609781735e-05,0.821000380646207,197,4,KXECDJT281,600s
-4,y_leads_x,-0.04656335369156809,-3.143423047640418,0.0016698431467037946,0.821000380646207,197,4,KXECDJT281,600s
-3,y_leads_x,-0.06018979540711432,-6.332553278423229,2.4113697806594786e-10,0.821000380646207,197,4,KXECDJT281,600s
-2,y_leads_x,-0.06228868229510547,-9.767268643419362,1.5559008228089388e-22,0.821000380646207,197,4,KXECDJT281,600s
-1,y_leads_x,-0.08522567470996485,-20.323838736294473,7.91393959211492e-92,0.821000380646207,197,4,KXECDJT281,600s
1,x_leads_y,-0.08511555840538323,-21.90568452485499,2.2930937415508866e-106,0.821000380646207,197,4,KXECDJT281,600s
2,x_leads_y,-0.06121922050655372,-17.130069069370116,8.85495311841486e-66,0.821000380646207,197,4,KXECDJT281,600s
3,x_leads_y,-0.058477287882599885,-78.16850034293408,0.0,0.821000380646207,197,4,KXECDJT281,600s
4,x_leads_y,-0.044223483212749506,-17.043477199388136,3.907903996837057e-65,0.821000380646207,197,4,KXECDJT281,600s
5,x_leads_y,-0.04522603848605508,-13.05167384303124,6.216637664972828e-39,0.821000380646207,197,4,KXECDJT281,600s
6,x_leads_y,-0.0355011672993396,-7.686319572328613,1.5142798562766778e-14,0.821000380646207,197,4,KXECDJT281,600s
7,x_leads_y,-0.01836340734223727,-4.297944974033496,1.7238894334019493e-05,0.821000380646207,197,4,KXECDJT281,600s
8,x_leads_y,-0.029087817624123272,-121.02547920549667,0.0,0.821000380646207,197,4,KXECDJT281,600s
9,x_leads_y,-0.020313533299344058,-45.80536910510222,0.0,0.821000380646207,197,4,KXECDJT281,600s
10,x_leads_y,-0.005737071336434668,-3.5002831024086594,0.0004647642856509557,0.821000380646207,197,4,KXECDJT281,600s
-10,y_leads_x,-0.005856909437880829,-10.973418475267096,5.129560990636566e-28,0.6405227395086872,284,20,KXECDJT312,600s
-9,y_leads_x,-0.012892980686472648,-5.025957824016534,5.009259802069421e-07,0.6405227395086872,284,20,KXECDJT312,600s
-8,y_leads_x,-0.02651696504961175,-7.888906004530326,3.0484701274290124e-15,0.6405227395086872,284,20,KXECDJT312,600s
-7,y_leads_x,-0.03580767392336596,-31.569120845437855,9.80084086207727e-219,0.6405227395086872,284,20,KXECDJT312,600s
-6,y_leads_x,-0.027131353855809125,-12.638928979739871,1.2879637272696514e-36,0.6405227395086872,284,20,KXECDJT312,600s
-5,y_leads_x,-0.025703478957212537,-6.3654131154949996,1.94764800767603e-10,0.6405227395086872,284,20,KXECDJT312,600s
-4,y_leads_x,-0.02593282328008088,-3.863623917515274,0.00011171717913856047,0.6405227395086872,284,20,KXECDJT312,600s
-3,y_leads_x,-0.022597393828041257,-2.8356818668856913,0.004572797124590447,0.6405227395086872,284,20,KXECDJT312,600s
-2,y_leads_x,-0.030880707753740633,-6.500287549312722,8.016662923128507e-11,0.6405227395086872,284,20,KXECDJT312,600s
-1,y_leads_x,-0.06771933009060405,-289.91838122713517,0.0,0.6405227395086872,284,20,KXECDJT312,600s
1,x_leads_y,-0.06777065394730286,-173.9451431582863,0.0,0.6405227395086872,284,20,KXECDJT312,600s
2,x_leads_y,-0.03094117550582013,-6.068654819970677,1.2898603686766631e-09,0.6405227395086872,284,20,KXECDJT312,600s
3,x_leads_y,-0.022235550742985253,-2.799498335957612,0.005118208035769907,0.6405227395086872,284,20,KXECDJT312,600s
4,x_leads_y,-0.02531412500820385,-4.0038493789098695,6.232005136259857e-05,0.6405227395086872,284,20,KXECDJT312,600s
5,x_leads_y,-0.02534872907575622,-11.707570269128706,1.1657246189804512e-31,0.6405227395086872,284,20,KXECDJT312,600s
6,x_leads_y,-0.027058648295802283,-50.1107436716441,0.0,0.6405227395086872,284,20,KXECDJT312,600s
7,x_leads_y,-0.03589636508006664,-53.9061326316796,0.0,0.6405227395086872,284,20,KXECDJT312,600s
8,x_leads_y,-0.027078390681857037,-19.272723035271902,9.101867666495068e-83,0.6405227395086872,284,20,KXECDJT312,600s
9,x_leads_y,-0.013768701772490075,-10.882210085437002,1.4012371833816926e-27,0.6405227395086872,284,20,KXECDJT312,600s
10,x_leads_y,-0.006440538532673821,-6.705673290477844,2.004798180751197e-11,0.6405227395086872,284,20,KXECDJT312,600s
-10,y_leads_x,-0.009769348951532732,-6.230341704959362,4.6541889097787436e-10,0.8304081996335084,106,8,KXECDJT306,600s
-9,y_leads_x,-0.027043840848410862,-1.3950664339347807,0.16299580702591188,0.8304081996335084,106,8,KXECDJT306,600s
-8,y_leads_x,-0.02975845609912399,-2.956707306978841,0.003109431285414493,0.8304081996335084,106,8,KXECDJT306,600s
-7,y_leads_x,-0.05005762826666732,-2.1186641877549803,0.03411885692722316,0.8304081996335084,106,8,KXECDJT306,600s
-6,y_leads_x,-0.04430472262937675,-1.5538168156212973,0.12022811829184502,0.8304081996335084,106,8,KXECDJT306,600s
-5,y_leads_x,-0.07993798391964696,-1.7959717900847434,0.07249900364970338,0.8304081996335084,106,8,KXECDJT306,600s
-4,y_leads_x,-0.08831879746278788,-1.883506340653363,0.059631781367023025,0.8304081996335084,106,8,KXECDJT306,600s
-3,y_leads_x,-0.09177633795805969,-3.6695606477967364,0.0002429676918792473,0.8304081996335084,106,8,KXECDJT306,600s
-2,y_leads_x,-0.10681325408983597,-5.31931826635864,1.04156794201885e-07,0.8304081996335084,106,8,KXECDJT306,600s
-1,y_leads_x,-0.1057426984404932,-18.122916006628355,2.1015581975594713e-73,0.8304081996335084,106,8,KXECDJT306,600s
1,x_leads_y,-0.10033132303824868,-18.226474576122463,3.181824379168976e-74,0.8304081996335084,106,8,KXECDJT306,600s
2,x_leads_y,-0.09804819834176168,-36.74325827052368,1.489741798944476e-295,0.8304081996335084,106,8,KXECDJT306,600s
3,x_leads_y,-0.08005792575842138,-26.57696058018155,1.2536079345434392e-155,0.8304081996335084,106,8,KXECDJT306,600s
4,x_leads_y,-0.07022219270918462,-15.855716170117285,1.2835597574602437e-56,0.8304081996335084,106,8,KXECDJT306,600s
5,x_leads_y,-0.06202027683804745,-14.531443714823768,7.658906177862263e-48,0.8304081996335084,106,8,KXECDJT306,600s
6,x_leads_y,-0.028775594373056025,-4.337905593798196,1.4384691397232711e-05,0.8304081996335084,106,8,KXECDJT306,600s
7,x_leads_y,-0.03891998876525762,-4.786560517666522,1.6966379590319375e-06,0.8304081996335084,106,8,KXECDJT306,600s
8,x_leads_y,-0.0205025223191522,-2.486315165572353,0.012907359979660372,0.8304081996335084,106,8,KXECDJT306,600s
9,x_leads_y,-0.019885945040902502,-3.348036257316975,0.0008138636300028821,0.8304081996335084,106,8,KXECDJT306,600s
10,x_leads_y,-0.005801190537902925,-3.220764587515459,0.0012784911830847957,0.8304081996335084,106,8,KXECDJT306,600s
-10,y_leads_x,-0.009769348951532732,-6.230341704959362,4.6541889097787436e-10,0.8304081996335084,106,8,KXECDJT306,600s
-9,y_leads_x,-0.027043840848410862,-1.3950664339347807,0.16299580702591188,0.8304081996335084,106,8,KXECDJT306,600s
-8,y_leads_x,-0.02975845609912399,-2.956707306978841,0.003109431285414493,0.8304081996335084,106,8,KXECDJT306,600s
-7,y_leads_x,-0.05005762826666732,-2.1186641877549803,0.03411885692722316,0.8304081996335084,106,8,KXECDJT306,600s
-6,y_leads_x,-0.04430472262937675,-1.5538168156212973,0.12022811829184502,0.8304081996335084,106,8,KXECDJT306,600s
-5,y_leads_x,-0.07993798391964696,-1.7959717900847434,0.07249900364970338,0.8304081996335084,106,8,KXECDJT306,600s
-4,y_leads_x,-0.08831879746278788,-1.883506340653363,0.059631781367023025,0.8304081996335084,106,8,KXECDJT306,600s
-3,y_leads_x,-0.09177633795805969,-3.6695606477967364,0.0002429676918792473,0.8304081996335084,106,8,KXECDJT306,600s
-2,y_leads_x,-0.10681325408983597,-5.31931826635864,1.04156794201885e-07,0.8304081996335084,106,8,KXECDJT306,600s
-1,y_leads_x,-0.1057426984404932,-18.122916006628355,2.1015581975594713e-73,0.8304081996335084,106,8,KXECDJT306,600s
1,x_leads_y,-0.10033132303824868,-18.226474576122463,3.181824379168976e-74,0.8304081996335084,106,8,KXECDJT306,600s
2,x_leads_y,-0.09804819834176168,-36.74325827052368,1.489741798944476e-295,0.8304081996335084,106,8,KXECDJT306,600s
3,x_leads_y,-0.08005792575842138,-26.57696058018155,1.2536079345434392e-155,0.8304081996335084,106,8,KXECDJT306,600s
4,x_leads_y,-0.07022219270918462,-15.855716170117285,1.2835597574602437e-56,0.8304081996335084,106,8,KXECDJT306,600s
5,x_leads_y,-0.06202027683804745,-14.531443714823768,7.658906177862263e-48,0.8304081996335084,106,8,KXECDJT306,600s
6,x_leads_y,-0.028775594373056025,-4.337905593798196,1.4384691397232711e-05,0.8304081996335084,106,8,KXECDJT306,600s
7,x_leads_y,-0.03891998876525762,-4.786560517666522,1.6966379590319375e-06,0.8304081996335084,106,8,KXECDJT306,600s
8,x_leads_y,-0.0205025223191522,-2.486315165572353,0.012907359979660372,0.8304081996335084,106,8,KXECDJT306,600s
9,x_leads_y,-0.019885945040902502,-3.348036257316975,0.0008138636300028821,0.8304081996335084,106,8,KXECDJT306,600s
10,x_leads_y,-0.005801190537902925,-3.220764587515459,0.0012784911830847957,0.8304081996335084,106,8,KXECDJT306,600s
-10,y_leads_x,0.00535539431956152,2.8754294115693564,0.004034783516756772,0.5924449125162802,99,8,KXECDJT316,600s
-9,y_leads_x,0.011895269033379945,2.7416338331077132,0.006113445017565399,0.5924449125162802,99,8,KXECDJT316,600s
-8,y_leads_x,0.023890740482808117,1.9552677653081885,0.0505514738041925,0.5924449125162802,99,8,KXECDJT316,600s
-7,y_leads_x,0.021440837336890034,1.2977457927403426,0.194374702311911,0.5924449125162802,99,8,KXECDJT316,600s
-6,y_leads_x,0.030612008678455198,130.10358355436168,0.0,0.5924449125162802,99,8,KXECDJT316,600s
-5,y_leads_x,0.022631420672789067,14.787886266574823,1.7537529136145114e-49,0.5924449125162802,99,8,KXECDJT316,600s
-4,y_leads_x,0.0024614086705946874,0.4733580877401011,0.6359577264237437,0.5924449125162802,99,8,KXECDJT316,600s
-3,y_leads_x,-0.011735433780472272,-1.6176051952057013,0.10574770876759368,0.5924449125162802,99,8,KXECDJT316,600s
-2,y_leads_x,-0.037831840295481194,-2.405373268829875,0.016155954464546634,0.5924449125162802,99,8,KXECDJT316,600s
-1,y_leads_x,-0.044213713751072206,-5.6273906098813065,1.8295611264471637e-08,0.5924449125162802,99,8,KXECDJT316,600s
1,x_leads_y,-0.04430699472570688,-26.217956569699034,1.6587101124645452e-151,0.5924449125162802,99,8,KXECDJT316,600s
2,x_leads_y,-0.037050557621383,-99.8048675457591,0.0,0.5924449125162802,99,8,KXECDJT316,600s
3,x_leads_y,-0.01084542378416085,-1.881138138161946,0.059953130199646196,0.5924449125162802,99,8,KXECDJT316,600s
4,x_leads_y,0.0031462249062013674,0.5224649959831316,0.601346612179875,0.5924449125162802,99,8,KXECDJT316,600s
5,x_leads_y,0.023433205414621322,6.211183042999676,5.258717356483441e-10,0.5924449125162802,99,8,KXECDJT316,600s
6,x_leads_y,0.03102213876226725,31.860334838620343,9.467565771480572e-223,0.5924449125162802,99,8,KXECDJT316,600s
7,x_leads_y,0.02226536329546543,12.363341071689536,4.126424859309291e-35,0.5924449125162802,99,8,KXECDJT316,600s
8,x_leads_y,0.023722453392673152,6.588139887943841,4.453709353460422e-11,0.5924449125162802,99,8,KXECDJT316,600s
9,x_leads_y,0.012655988864553267,2.8193524089924185,0.004812065484513726,0.5924449125162802,99,8,KXECDJT316,600s
10,x_leads_y,0.0051637890896641565,1.3269963146761647,0.18450990175576854,0.5924449125162802,99,8,KXECDJT316,600s
-10,y_leads_x,-0.006041437618982932,-4.075735639573713,4.586910624548603e-05,0.9843035525387149,47,7,FEDDECISION-24NOV-H0,600s
-9,y_leads_x,-0.01076449455444537,-4.855176323911523,1.2027966991363921e-06,0.9843035525387149,47,7,FEDDECISION-24NOV-H0,600s
-8,y_leads_x,-0.015513994787448455,-6.887321464895841,5.685265432043074e-12,0.9843035525387149,47,7,FEDDECISION-24NOV-H0,600s
-7,y_leads_x,-0.018254162742332537,-7.7505634682690445,9.148567893700744e-15,0.9843035525387149,47,7,FEDDECISION-24NOV-H0,600s
-6,y_leads_x,-0.022009144699794297,-10.571391482176157,4.044485534707442e-26,0.9843035525387149,47,7,FEDDECISION-24NOV-H0,600s
-5,y_leads_x,-0.024500332054694884,-10.167142578034536,2.779428043188845e-24,0.9843035525387149,47,7,FEDDECISION-24NOV-H0,600s
-4,y_leads_x,-0.03186686494309264,-16.695486880546778,1.4136131255031398e-62,0.9843035525387149,47,7,FEDDECISION-24NOV-H0,600s
-3,y_leads_x,-0.03478614923669142,-14.503644543170422,1.1488447802210082e-47,0.9843035525387149,47,7,FEDDECISION-24NOV-H0,600s
-2,y_leads_x,-0.03523993713077272,-12.526948036843915,5.3169628257866294e-36,0.9843035525387149,47,7,FEDDECISION-24NOV-H0,600s
-1,y_leads_x,-0.03604762217034311,-20.2755422493136,2.114486766780252e-91,0.9843035525387149,47,7,FEDDECISION-24NOV-H0,600s
1,x_leads_y,-0.03577637820254477,-36.02949355360671,2.8894479419189344e-284,0.9843035525387149,47,7,FEDDECISION-24NOV-H0,600s
2,x_leads_y,-0.03363073690204995,-13.451322395143608,3.024151500908309e-41,0.9843035525387149,47,7,FEDDECISION-24NOV-H0,600s
3,x_leads_y,-0.032319029116368865,-7.993422096309154,1.3124382522791663e-15,0.9843035525387149,47,7,FEDDECISION-24NOV-H0,600s
4,x_leads_y,-0.030974829947750294,-6.780932612917256,1.1940256511838529e-11,0.9843035525387149,47,7,FEDDECISION-24NOV-H0,600s
5,x_leads_y,-0.02876784891499702,-5.247799517060831,1.5392667042855708e-07,0.9843035525387149,47,7,FEDDECISION-24NOV-H0,600s
6,x_leads_y,-0.02755374639990933,-3.789468573135362,0.0001509699084767557,0.9843035525387149,47,7,FEDDECISION-24NOV-H0,600s
7,x_leads_y,-0.022868278585946932,-2.8809136150526973,0.00396524301859227,0.9843035525387149,47,7,FEDDECISION-24NOV-H0,600s
8,x_leads_y,-0.0206797717698555,-2.5200900542406615,0.011732481344778459,0.9843035525387149,47,7,FEDDECISION-24NOV-H0,600s
9,x_leads_y,-0.01844637425214507,-2.256357311231223,0.024048262831339665,0.9843035525387149,47,7,FEDDECISION-24NOV-H0,600s
10,x_leads_y,-0.015496734173928006,-2.184954580326187,0.028892176986395426,0.9843035525387149,47,7,FEDDECISION-24NOV-H0,600s
-10,y_leads_x,-0.01997263492971978,-2.548119541293367,0.010830535123959963,0.9838868314353306,51,10,KX538APPROVEMIN-24NOV30-T37,600s
-9,y_leads_x,-0.03178276632514409,-2.219583778245215,0.02644703443915323,0.9838868314353306,51,10,KX538APPROVEMIN-24NOV30-T37,600s
-8,y_leads_x,-0.05680256123278707,-1.9969630414993902,0.04582919798883357,0.9838868314353306,51,10,KX538APPROVEMIN-24NOV30-T37,600s
-7,y_leads_x,-0.0762752918318509,-1.6865754853257053,0.09168500905921684,0.9838868314353306,51,10,KX538APPROVEMIN-24NOV30-T37,600s
-6,y_leads_x,-0.08105285105901125,-1.7108303970571268,0.0871124264524037,0.9838868314353306,51,10,KX538APPROVEMIN-24NOV30-T37,600s
-5,y_leads_x,-0.08224221014410525,-2.112833376237442,0.03461503187619009,0.9838868314353306,51,10,KX538APPROVEMIN-24NOV30-T37,600s
-4,y_leads_x,-0.09211324289308305,-2.6232699018746004,0.008709024998086047,0.9838868314353306,51,10,KX538APPROVEMIN-24NOV30-T37,600s
-3,y_leads_x,-0.09597354474414427,-4.15575611542211,3.242135264219524e-05,0.9838868314353306,51,10,KX538APPROVEMIN-24NOV30-T37,600s
-2,y_leads_x,-0.11538451827059161,-7.107467544691575,1.1819151774862968e-12,0.9838868314353306,51,10,KX538APPROVEMIN-24NOV30-T37,600s
-1,y_leads_x,-0.13530286974312963,-20.074652847715047,1.2293852487752348e-89,0.9838868314353306,51,10,KX538APPROVEMIN-24NOV30-T37,600s
1,x_leads_y,-0.11860003016450402,-14.330448310177458,1.412061170659583e-46,0.9838868314353306,51,10,KX538APPROVEMIN-24NOV30-T37,600s
2,x_leads_y,-0.10695432462333022,-5.729605303661022,1.0066458323056132e-08,0.9838868314353306,51,10,KX538APPROVEMIN-24NOV30-T37,600s
3,x_leads_y,-0.08709661892546433,-3.1297681646635946,0.0017494431214439227,0.9838868314353306,51,10,KX538APPROVEMIN-24NOV30-T37,600s
4,x_leads_y,-0.0738379066626875,-2.802667101581097,0.005068195348896155,0.9838868314353306,51,10,KX538APPROVEMIN-24NOV30-T37,600s
5,x_leads_y,-0.04842550693837805,-1.9010829979522212,0.057291142197006595,0.9838868314353306,51,10,KX538APPROVEMIN-24NOV30-T37,600s
6,x_leads_y,-0.029517503285108132,-1.0978776647971629,0.2722579121268086,0.9838868314353306,51,10,KX538APPROVEMIN-24NOV30-T37,600s
7,x_leads_y,-0.0160467245009471,-0.7564759356855029,0.4493638950819112,0.9838868314353306,51,10,KX538APPROVEMIN-24NOV30-T37,600s
8,x_leads_y,-0.005369430330923894,-0.3061612304111817,0.7594818895568555,0.9838868314353306,51,10,KX538APPROVEMIN-24NOV30-T37,600s
9,x_leads_y,0.005427708578235389,0.3697245607120338,0.7115877297419932,0.9838868314353306,51,10,KX538APPROVEMIN-24NOV30-T37,600s
10,x_leads_y,0.003371888587709567,0.39125910957735666,0.6956057203990178,0.9838868314353306,51,10,KX538APPROVEMIN-24NOV30-T37,600s
-10,y_leads_x,-0.004007386853333656,-3.733342261893265,0.00018895554822855626,0.6998715225010594,1091,23,KXFEDDECISION-24DEC-C25,600s
-9,y_leads_x,-0.004030022780181308,-2.573937955977535,0.010054830219232381,0.6998715225010594,1091,23,KXFEDDECISION-24DEC-C25,600s
-8,y_leads_x,-0.006164372066455818,-3.252803252327716,0.0011427258955050595,0.6998715225010594,1091,23,KXFEDDECISION-24DEC-C25,600s
-7,y_leads_x,-0.0031970680513952764,-1.5625735690168783,0.11815292915385096,0.6998715225010594,1091,23,KXFEDDECISION-24DEC-C25,600s
-6,y_leads_x,-0.003306815244209882,-1.164714448028028,0.24413459868400555,0.6998715225010594,1091,23,KXFEDDECISION-24DEC-C25,600s
-5,y_leads_x,-0.009659458966018709,-2.74408553944367,0.006067972407113786,0.6998715225010594,1091,23,KXFEDDECISION-24DEC-C25,600s
-4,y_leads_x,-0.012603687799187222,-3.0202740019179926,0.002525461023447556,0.6998715225010594,1091,23,KXFEDDECISION-24DEC-C25,600s
-3,y_leads_x,-0.01775936907572584,-4.190603557834413,2.782133982092684e-05,0.6998715225010594,1091,23,KXFEDDECISION-24DEC-C25,600s
-2,y_leads_x,-0.02285399844981274,-6.415771021628404,1.401119086709294e-10,0.6998715225010594,1091,23,KXFEDDECISION-24DEC-C25,600s
-1,y_leads_x,-0.029032100316004106,-9.40367806138395,5.268832781148464e-21,0.6998715225010594,1091,23,KXFEDDECISION-24DEC-C25,600s
1,x_leads_y,-0.02925848576183766,-10.074415122460396,7.168601898849708e-24,0.6998715225010594,1091,23,KXFEDDECISION-24DEC-C25,600s
2,x_leads_y,-0.023062746959677034,-5.983640004147925,2.1820530679248662e-09,0.6998715225010594,1091,23,KXFEDDECISION-24DEC-C25,600s
3,x_leads_y,-0.017822463704847757,-4.547681594379353,5.424011331302497e-06,0.6998715225010594,1091,23,KXFEDDECISION-24DEC-C25,600s
4,x_leads_y,-0.012500333722132632,-3.3765492460024964,0.000734012308990308,0.6998715225010594,1091,23,KXFEDDECISION-24DEC-C25,600s
5,x_leads_y,-0.009527223409168548,-3.299569617737862,0.000968332064383209,0.6998715225010594,1091,23,KXFEDDECISION-24DEC-C25,600s
6,x_leads_y,-0.0036478251575226793,-1.3440547611975069,0.1789306794482639,0.6998715225010594,1091,23,KXFEDDECISION-24DEC-C25,600s
7,x_leads_y,-0.003110503981813781,-1.4636644084277597,0.1432856647418944,0.6998715225010594,1091,23,KXFEDDECISION-24DEC-C25,600s
8,x_leads_y,-0.006078948015485773,-4.459428246696335,8.217857851315565e-06,0.6998715225010594,1091,23,KXFEDDECISION-24DEC-C25,600s
9,x_leads_y,-0.003590366254214579,-4.238026627988791,2.2549303006226525e-05,0.6998715225010594,1091,23,KXFEDDECISION-24DEC-C25,600s
10,x_leads_y,-0.0033118684874812363,-2.1937472378577065,0.02825358582114314,0.6998715225010594,1091,23,KXFEDDECISION-24DEC-C25,600s
-10,y_leads_x,-0.003385201731870183,-4.176652690752657,2.958301871432397e-05,0.6559291305922577,1680,39,KXFEDDECISION-24DEC-C25,600s
-9,y_leads_x,-0.0032906505157456107,-3.0884305073349334,0.0020121674740402554,0.6559291305922577,1680,39,KXFEDDECISION-24DEC-C25,600s
-8,y_leads_x,-0.005056032731037845,-3.8461097661278134,0.00012000801741912362,0.6559291305922577,1680,39,KXFEDDECISION-24DEC-C25,600s
-7,y_leads_x,-0.002275415590267767,-1.8896624282710002,0.05880312206471519,0.6559291305922577,1680,39,KXFEDDECISION-24DEC-C25,600s
-6,y_leads_x,-0.0019814144248896017,-1.1012500311015243,0.27078785232130265,0.6559291305922577,1680,39,KXFEDDECISION-24DEC-C25,600s
-5,y_leads_x,-0.007135592010523155,-2.961956832010544,0.0030569063883252325,0.6559291305922577,1680,39,KXFEDDECISION-24DEC-C25,600s
-4,y_leads_x,-0.009277129549295018,-3.1049889585597783,0.00190286127740397,0.6559291305922577,1680,39,KXFEDDECISION-24DEC-C25,600s
-3,y_leads_x,-0.013404998819677109,-4.056749782272703,4.976034161509687e-05,0.6559291305922577,1680,39,KXFEDDECISION-24DEC-C25,600s
-2,y_leads_x,-0.017733877173659204,-6.33150353128165,2.427836129432088e-10,0.6559291305922577,1680,39,KXFEDDECISION-24DEC-C25,600s
-1,y_leads_x,-0.02316652896970802,-9.51431904864232,1.8290685371974407e-21,0.6559291305922577,1680,39,KXFEDDECISION-24DEC-C25,600s
1,x_leads_y,-0.02328933165995621,-10.037550246747097,1.042305315107075e-23,0.6559291305922577,1680,39,KXFEDDECISION-24DEC-C25,600s
2,x_leads_y,-0.01779855640415964,-5.839282168311212,5.242621311993762e-09,0.6559291305922577,1680,39,KXFEDDECISION-24DEC-C25,600s
3,x_leads_y,-0.013359763679138482,-4.430857378386047,9.385915407387134e-06,0.6559291305922577,1680,39,KXFEDDECISION-24DEC-C25,600s
4,x_leads_y,-0.00909412055111184,-3.4264627449895895,0.0006114976397891057,0.6559291305922577,1680,39,KXFEDDECISION-24DEC-C25,600s
5,x_leads_y,-0.00693833649700355,-3.5187496099193614,0.0004335857195485898,0.6559291305922577,1680,39,KXFEDDECISION-24DEC-C25,600s
6,x_leads_y,-0.0021864824099246437,-1.189823318717657,0.23411584233407834,0.6559291305922577,1680,39,KXFEDDECISION-24DEC-C25,600s
7,x_leads_y,-0.002167708566365315,-1.4528444881039622,0.1462669366790282,0.6559291305922577,1680,39,KXFEDDECISION-24DEC-C25,600s
8,x_leads_y,-0.004981412597951837,-5.525445710012499,3.2865019564747875e-08,0.6559291305922577,1680,39,KXFEDDECISION-24DEC-C25,600s
9,x_leads_y,-0.0029860144477477212,-4.525846306771024,6.015428696446672e-06,0.6559291305922577,1680,39,KXFEDDECISION-24DEC-C25,600s
10,x_leads_y,-0.002871547487005183,-2.2224408260802537,0.026253528867331996,0.6559291305922577,1680,39,KXFEDDECISION-24DEC-C25,600s
-10,y_leads_x,-0.018807271401529373,-2.1044692242751024,0.03533753646366323,0.9863784411517176,42,8,KX538APPROVEMIN-24NOV30-T37,600s
-9,y_leads_x,-0.02768503986165079,-1.7688489812652373,0.07691908017167035,0.9863784411517176,42,8,KX538APPROVEMIN-24NOV30-T37,600s
-8,y_leads_x,-0.0484911489439898,-1.5879057650969124,0.11230764966990812,0.9863784411517176,42,8,KX538APPROVEMIN-24NOV30-T37,600s
-7,y_leads_x,-0.06141902743385386,-1.287633485174724,0.19787357738107614,0.9863784411517176,42,8,KX538APPROVEMIN-24NOV30-T37,600s
-6,y_leads_x,-0.06738930547163964,-1.3150577612946677,0.18849049075481594,0.9863784411517176,42,8,KX538APPROVEMIN-24NOV30-T37,600s
-5,y_leads_x,-0.07389033062009329,-1.7084543626967963,0.08755206755050937,0.9863784411517176,42,8,KX538APPROVEMIN-24NOV30-T37,600s
-4,y_leads_x,-0.08778282270712418,-2.201569631661944,0.027695723043878195,0.9863784411517176,42,8,KX538APPROVEMIN-24NOV30-T37,600s
-3,y_leads_x,-0.0973605040463577,-3.675873056686201,0.0002370373759746945,0.9863784411517176,42,8,KX538APPROVEMIN-24NOV30-T37,600s
-2,y_leads_x,-0.11910038956212597,-6.737244952732365,1.614179320667647e-11,0.9863784411517176,42,8,KX538APPROVEMIN-24NOV30-T37,600s
-1,y_leads_x,-0.1445000234810224,-20.406158022243588,1.4742813446832477e-92,0.9863784411517176,42,8,KX538APPROVEMIN-24NOV30-T37,600s
1,x_leads_y,-0.13504606181803092,-12.476532693734146,1.0025826536808998e-35,0.9863784411517176,42,8,KX538APPROVEMIN-24NOV30-T37,600s
2,x_leads_y,-0.12933137481758766,-5.583887826769137,2.3520043887072733e-08,0.9863784411517176,42,8,KX538APPROVEMIN-24NOV30-T37,600s
3,x_leads_y,-0.1174037941568135,-3.542252662407505,0.00039672527751320334,0.9863784411517176,42,8,KX538APPROVEMIN-24NOV30-T37,600s
4,x_leads_y,-0.10571059093647957,-3.73588128140106,0.0001870589102238659,0.9863784411517176,42,8,KX538APPROVEMIN-24NOV30-T37,600s
5,x_leads_y,-0.07681074846726892,-2.874584593507829,0.004045593796650978,0.9863784411517176,42,8,KX538APPROVEMIN-24NOV30-T37,600s
6,x_leads_y,-0.056388399578105715,-1.9019640288231268,0.057175857400064554,0.9863784411517176,42,8,KX538APPROVEMIN-24NOV30-T37,600s
7,x_leads_y,-0.037924636050251696,-1.561173796904137,0.11848274972732577,0.9863784411517176,42,8,KX538APPROVEMIN-24NOV30-T37,600s
8,x_leads_y,-0.022832883725258237,-1.0132182251803181,0.31095593706994085,0.9863784411517176,42,8,KX538APPROVEMIN-24NOV30-T37,600s
9,x_leads_y,-0.004055829695757377,-0.18852260489757067,0.8504669970569799,0.9863784411517176,42,8,KX538APPROVEMIN-24NOV30-T37,600s
10,x_leads_y,-0.0008625149850641604,-0.06451160039338598,0.9485628705750766,0.9863784411517176,42,8,KX538APPROVEMIN-24NOV30-T37,600s
-10,y_leads_x,-0.0035421100032589697,-2.1906319901982494,0.02847843423699214,0.7054301663524735,957,20,KXFEDDECISION-24DEC-C25,600s
-9,y_leads_x,-0.004211057183478781,-2.356670842175725,0.018439583482381505,0.7054301663524735,957,20,KXFEDDECISION-24DEC-C25,600s
-8,y_leads_x,-0.008116548380618066,-4.453711640103869,8.439843433203626e-06,0.7054301663524735,957,20,KXFEDDECISION-24DEC-C25,600s
-7,y_leads_x,-0.005425480101245216,-2.2528831207489426,0.02426651940581501,0.7054301663524735,957,20,KXFEDDECISION-24DEC-C25,600s
-6,y_leads_x,-0.007063593613714764,-2.1644904957385473,0.030426725238786725,0.7054301663524735,957,20,KXFEDDECISION-24DEC-C25,600s
-5,y_leads_x,-0.013880085077537895,-3.692220683934171,0.00022230443296436392,0.7054301663524735,957,20,KXFEDDECISION-24DEC-C25,600s
-4,y_leads_x,-0.01814744956714082,-4.1898825031024165,2.7909893685266767e-05,0.7054301663524735,957,20,KXFEDDECISION-24DEC-C25,600s
-3,y_leads_x,-0.023678413455180042,-5.181816579672085,2.1973524441456608e-07,0.7054301663524735,957,20,KXFEDDECISION-24DEC-C25,600s
-2,y_leads_x,-0.02858484331324105,-6.820052819617958,9.100704353963807e-12,0.7054301663524735,957,20,KXFEDDECISION-24DEC-C25,600s
-1,y_leads_x,-0.03472701261156244,-9.518493207718056,1.75708188320285e-21,0.7054301663524735,957,20,KXFEDDECISION-24DEC-C25,600s
1,x_leads_y,-0.03514993956967206,-9.581194626404262,9.592885153966846e-22,0.7054301663524735,957,20,KXFEDDECISION-24DEC-C25,600s
2,x_leads_y,-0.028498422243408907,-6.300735599697192,2.962363502363949e-10,0.7054301663524735,957,20,KXFEDDECISION-24DEC-C25,600s
3,x_leads_y,-0.022778065162611057,-4.861818117411344,1.163124718344093e-06,0.7054301663524735,957,20,KXFEDDECISION-24DEC-C25,600s
4,x_leads_y,-0.016940989002234282,-4.351674012691553,1.3510203308769206e-05,0.7054301663524735,957,20,KXFEDDECISION-24DEC-C25,600s
5,x_leads_y,-0.013793003973926498,-4.647040168538999,3.3673161516735138e-06,0.7054301663524735,957,20,KXFEDDECISION-24DEC-C25,600s
6,x_leads_y,-0.007207276373505724,-2.315664357079716,0.020576601956521966,0.7054301663524735,957,20,KXFEDDECISION-24DEC-C25,600s
7,x_leads_y,-0.005754529786193757,-1.8001692436970194,0.07183391866274944,0.7054301663524735,957,20,KXFEDDECISION-24DEC-C25,600s
8,x_leads_y,-0.009189619562761668,-3.389096150031157,0.000701234174273723,0.7054301663524735,957,20,KXFEDDECISION-24DEC-C25,600s
9,x_leads_y,-0.005312105420544982,-2.0584821066879644,0.03954387717787584,0.7054301663524735,957,20,KXFEDDECISION-24DEC-C25,600s
10,x_leads_y,-0.004378084695234364,-2.0970635829524125,0.03598794718050845,0.7054301663524735,957,20,KXFEDDECISION-24DEC-C25,600s
-10,y_leads_x,-0.0038256372565236276,-3.745256015504999,0.0001802099092194211,0.6970613834860204,1197,26,KXFEDDECISION-24DEC-C25,600s
-9,y_leads_x,-0.003851258627207707,-2.6126897853254913,0.008983280028255856,0.6970613834860204,1197,26,KXFEDDECISION-24DEC-C25,600s
-8,y_leads_x,-0.0058926852199973,-3.2975618143679375,0.0009752820456774596,0.6970613834860204,1197,26,KXFEDDECISION-24DEC-C25,600s
-7,y_leads_x,-0.003042585242013535,-1.6010810068234218,0.10935897835898521,0.6970613834860204,1197,26,KXFEDDECISION-24DEC-C25,600s
-6,y_leads_x,-0.003112054299058525,-1.1750431630960618,0.23997744777068153,0.6970613834860204,1197,26,KXFEDDECISION-24DEC-C25,600s
-5,y_leads_x,-0.009168007492538748,-2.7677256093994496,0.005644895968073976,0.6970613834860204,1197,26,KXFEDDECISION-24DEC-C25,600s
-4,y_leads_x,-0.011988682435295434,-3.045791177022046,0.0023206895134650733,0.6970613834860204,1197,26,KXFEDDECISION-24DEC-C25,600s
-3,y_leads_x,-0.016914950733214557,-4.207145387474868,2.5861677033856843e-05,0.6970613834860204,1197,26,KXFEDDECISION-24DEC-C25,600s
-2,y_leads_x,-0.02182564596229511,-6.475699076136401,9.437396741038643e-11,0.6970613834860204,1197,26,KXFEDDECISION-24DEC-C25,600s
-1,y_leads_x,-0.027762039760702698,-9.514847068809008,1.8198036614559673e-21,0.6970613834860204,1197,26,KXFEDDECISION-24DEC-C25,600s
1,x_leads_y,-0.027953049672800465,-10.1973086504033,2.038428900035211e-24,0.6970613834860204,1197,26,KXFEDDECISION-24DEC-C25,600s
2,x_leads_y,-0.021968105128411755,-6.0271056858199215,1.6692185835574197e-09,0.6970613834860204,1197,26,KXFEDDECISION-24DEC-C25,600s
3,x_leads_y,-0.016928899839952976,-4.575054328639998,4.7609642384320875e-06,0.6970613834860204,1197,26,KXFEDDECISION-24DEC-C25,600s
4,x_leads_y,-0.011834653283487942,-3.3955894366631343,0.0006848099655185445,0.6970613834860204,1197,26,KXFEDDECISION-24DEC-C25,600s
5,x_leads_y,-0.00901340436662516,-3.3234803203158565,0.00088901695260528,0.6970613834860204,1197,26,KXFEDDECISION-24DEC-C25,600s
6,x_leads_y,-0.0034308856522845873,-1.3504533601675421,0.17687060454841486,0.6970613834860204,1197,26,KXFEDDECISION-24DEC-C25,600s
7,x_leads_y,-0.0029635449361601436,-1.4865806139493372,0.13712561106118787,0.6970613834860204,1197,26,KXFEDDECISION-24DEC-C25,600s
8,x_leads_y,-0.005846366928812158,-4.573419063882503,4.798290810874593e-06,0.6970613834860204,1197,26,KXFEDDECISION-24DEC-C25,600s
9,x_leads_y,-0.0034818506326143527,-4.317640903609062,1.577057316749865e-05,0.6970613834860204,1197,26,KXFEDDECISION-24DEC-C25,600s
10,x_leads_y,-0.003198443489158689,-2.2237179466612633,0.02616742699019643,0.6970613834860204,1197,26,KXFEDDECISION-24DEC-C25,600s
-10,y_leads_x,-0.0005161089850920584,-0.3799513345024357,0.7039815402621119,0.5565026872701699,680,23,KXFEDDECISION-24DEC-H0,600s
-9,y_leads_x,-0.003874580826030936,-2.0100384978440013,0.04442711446415883,0.5565026872701699,680,23,KXFEDDECISION-24DEC-H0,600s
-8,y_leads_x,-0.002457375396505506,-0.8715781283721028,0.3834385667620791,0.5565026872701699,680,23,KXFEDDECISION-24DEC-H0,600s
-7,y_leads_x,-0.005163604848482576,-3.0928859980334975,0.001982202655350145,0.5565026872701699,680,23,KXFEDDECISION-24DEC-H0,600s
-6,y_leads_x,-0.003616853482938729,-1.7579649302177498,0.07875347663650464,0.5565026872701699,680,23,KXFEDDECISION-24DEC-H0,600s
-5,y_leads_x,-0.0063397664392791184,-2.645756642655547,0.008150843134917547,0.5565026872701699,680,23,KXFEDDECISION-24DEC-H0,600s
-4,y_leads_x,-0.009047689586952243,-2.653767021665533,0.007959876406132728,0.5565026872701699,680,23,KXFEDDECISION-24DEC-H0,600s
-3,y_leads_x,-0.009547659814842329,-2.407680409070821,0.01605422794390136,0.5565026872701699,680,23,KXFEDDECISION-24DEC-H0,600s
-2,y_leads_x,-0.014694463221930376,-3.612416542562916,0.00030335675510218674,0.5565026872701699,680,23,KXFEDDECISION-24DEC-H0,600s
-1,y_leads_x,-0.020819567076587248,-5.362233226673828,8.219931265746445e-08,0.5565026872701699,680,23,KXFEDDECISION-24DEC-H0,600s
1,x_leads_y,-0.020990322351666087,-5.290210152503705,1.2217589655658735e-07,0.5565026872701699,680,23,KXFEDDECISION-24DEC-H0,600s
2,x_leads_y,-0.015053058101653152,-3.710910231456723,0.0002065153338965956,0.5565026872701699,680,23,KXFEDDECISION-24DEC-H0,600s
3,x_leads_y,-0.009919545224786322,-2.654605813277082,0.00794011327073604,0.5565026872701699,680,23,KXFEDDECISION-24DEC-H0,600s
4,x_leads_y,-0.009224971685535729,-3.085079977291562,0.0020349742459990893,0.5565026872701699,680,23,KXFEDDECISION-24DEC-H0,600s
5,x_leads_y,-0.006378818569138468,-3.010005260815629,0.0026124316480178565,0.5565026872701699,680,23,KXFEDDECISION-24DEC-H0,600s
6,x_leads_y,-0.0036863326313659995,-1.8345640844369266,0.06657030433245435,0.5565026872701699,680,23,KXFEDDECISION-24DEC-H0,600s
7,x_leads_y,-0.005231406288761591,-2.5797340517294325,0.009887642964432161,0.5565026872701699,680,23,KXFEDDECISION-24DEC-H0,600s
8,x_leads_y,-0.0026056823959874666,-0.7927051127060282,0.42794965083449954,0.5565026872701699,680,23,KXFEDDECISION-24DEC-H0,600s
9,x_leads_y,-0.004124785806678401,-1.538939709434149,0.12381901570114008,0.5565026872701699,680,23,KXFEDDECISION-24DEC-H0,600s
10,x_leads_y,-0.0008143222108002654,-0.3675175850682771,0.7132329772202373,0.5565026872701699,680,23,KXFEDDECISION-24DEC-H0,600s
-10,y_leads_x,-0.0013567826657934936,-0.9469339499197753,0.3436724368635997,0.16064982500562908,409,14,KXFEDDECISION-24DEC-H0,600s
-9,y_leads_x,-0.0008974469948732449,-1.2032203507956323,0.22889106166054696,0.16064982500562908,409,14,KXFEDDECISION-24DEC-H0,600s
-8,y_leads_x,-0.0010969183717743644,-0.9497549435521121,0.3422367847307828,0.16064982500562908,409,14,KXFEDDECISION-24DEC-H0,600s
-7,y_leads_x,-0.0007751463939896432,-1.156786593073925,0.2473595607024348,0.16064982500562908,409,14,KXFEDDECISION-24DEC-H0,600s
-6,y_leads_x,-0.0025263769940142167,-2.2147923144257504,0.026774322996334282,0.16064982500562908,409,14,KXFEDDECISION-24DEC-H0,600s
-5,y_leads_x,-0.0007503793669984228,-1.6466109776071811,0.09963803261666913,0.16064982500562908,409,14,KXFEDDECISION-24DEC-H0,600s
-4,y_leads_x,-0.0019498027830916376,-1.9924010801871879,0.04632706893082079,0.16064982500562908,409,14,KXFEDDECISION-24DEC-H0,600s
-3,y_leads_x,-0.00044949842448931035,-0.34689823947437365,0.7286677693167207,0.16064982500562908,409,14,KXFEDDECISION-24DEC-H0,600s
-2,y_leads_x,-0.004662784161311008,-3.0239186130017384,0.0024952355505243823,0.16064982500562908,409,14,KXFEDDECISION-24DEC-H0,600s
-1,y_leads_x,-0.0031758511569765936,-1.2460964470243168,0.21272898907179782,0.16064982500562908,409,14,KXFEDDECISION-24DEC-H0,600s
1,x_leads_y,-0.0032655692391431283,-1.2839180621824924,0.19917062664202856,0.16064982500562908,409,14,KXFEDDECISION-24DEC-H0,600s
2,x_leads_y,-0.004751595060284827,-3.1228653432496847,0.0017909966878278142,0.16064982500562908,409,14,KXFEDDECISION-24DEC-H0,600s
3,x_leads_y,-0.0005389363703793271,-0.39989946519459674,0.6892305662019083,0.16064982500562908,409,14,KXFEDDECISION-24DEC-H0,600s
4,x_leads_y,-0.002052608493592123,-2.2739314605892003,0.022970107777821477,0.16064982500562908,409,14,KXFEDDECISION-24DEC-H0,600s
5,x_leads_y,-0.0007854751846476211,-1.5759325818540209,0.11504134120217462,0.16064982500562908,409,14,KXFEDDECISION-24DEC-H0,600s
6,x_leads_y,-0.0025860185605729186,-2.0183887427570406,0.04355079086942352,0.16064982500562908,409,14,KXFEDDECISION-24DEC-H0,600s
7,x_leads_y,-0.0008708638050386866,-0.7969476733846936,0.4254814218226213,0.16064982500562908,409,14,KXFEDDECISION-24DEC-H0,600s
8,x_leads_y,-0.001353024330722835,-1.2325013938181326,0.21776184629186612,0.16064982500562908,409,14,KXFEDDECISION-24DEC-H0,600s
9,x_leads_y,-0.0010497980892081927,-1.1520642429659531,0.2492946752327525,0.16064982500562908,409,14,KXFEDDECISION-24DEC-H0,600s
10,x_leads_y,-0.0015913446630583911,-0.8910998099560111,0.3728756268835318,0.16064982500562908,409,14,KXFEDDECISION-24DEC-H0,600s
-10,y_leads_x,-0.000669899221008581,-0.46611221599753816,0.6411351796378678,0.5575778234772506,657,21,KXFEDDECISION-24DEC-H0,600s
-9,y_leads_x,-0.004015150938652378,-1.944039748483402,0.05189065801718152,0.5575778234772506,657,21,KXFEDDECISION-24DEC-H0,600s
-8,y_leads_x,-0.002451809189953967,-0.8298920278894807,0.406599832631205,0.5575778234772506,657,21,KXFEDDECISION-24DEC-H0,600s
-7,y_leads_x,-0.005065652351043437,-2.900026660712905,0.0037313092155219574,0.5575778234772506,657,21,KXFEDDECISION-24DEC-H0,600s
-6,y_leads_x,-0.0034388095963292127,-1.6322945565991815,0.10261744940836247,0.5575778234772506,657,21,KXFEDDECISION-24DEC-H0,600s
-5,y_leads_x,-0.006167867923897114,-2.5142192066042686,0.011929625832015303,0.5575778234772506,657,21,KXFEDDECISION-24DEC-H0,600s
-4,y_leads_x,-0.008940458747744203,-2.5630719248415694,0.01037505531130905,0.5575778234772506,657,21,KXFEDDECISION-24DEC-H0,600s
-3,y_leads_x,-0.009538023912132196,-2.3482141236153917,0.018863673543283742,0.5575778234772506,657,21,KXFEDDECISION-24DEC-H0,600s
-2,y_leads_x,-0.014814128792835632,-3.5506953861741377,0.0003842148276251427,0.5575778234772506,657,21,KXFEDDECISION-24DEC-H0,600s
-1,y_leads_x,-0.021146158973092393,-5.358346384788161,8.398710268403994e-08,0.5575778234772506,657,21,KXFEDDECISION-24DEC-H0,600s
1,x_leads_y,-0.021311307556584218,-5.319719892467664,1.0392713434080838e-07,0.5575778234772506,657,21,KXFEDDECISION-24DEC-H0,600s
2,x_leads_y,-0.015169969999753065,-3.6831064323250815,0.0002304089014440206,0.5575778234772506,657,21,KXFEDDECISION-24DEC-H0,600s
3,x_leads_y,-0.009870535786137509,-2.597704956701729,0.009384909383824044,0.5575778234772506,657,21,KXFEDDECISION-24DEC-H0,600s
4,x_leads_y,-0.00914383035089278,-3.012014016100004,0.002595206144818344,0.5575778234772506,657,21,KXFEDDECISION-24DEC-H0,600s
5,x_leads_y,-0.006321340099227508,-2.9361259147580236,0.0033233939314853238,0.5575778234772506,657,21,KXFEDDECISION-24DEC-H0,600s
6,x_leads_y,-0.0036848056361151677,-1.7941196656528084,0.07279407080727794,0.5575778234772506,657,21,KXFEDDECISION-24DEC-H0,600s
7,x_leads_y,-0.005258566225630171,-2.5185361867594924,0.011784377366634256,0.5575778234772506,657,21,KXFEDDECISION-24DEC-H0,600s
8,x_leads_y,-0.0025631817571013927,-0.7618479762709166,0.44615074260956566,0.5575778234772506,657,21,KXFEDDECISION-24DEC-H0,600s
9,x_leads_y,-0.0040913869938874825,-1.4931964856710809,0.13538576177055409,0.5575778234772506,657,21,KXFEDDECISION-24DEC-H0,600s
10,x_leads_y,-0.0007735668262341571,-0.34091312491260634,0.7331689838313544,0.5575778234772506,657,21,KXFEDDECISION-24DEC-H0,600s
-10,y_leads_x,-0.006194529570313065,-2.1261771986086364,0.033488507906265536,0.8238095087905521,276,12,KXECDJT281,600s
-9,y_leads_x,-0.01826549277760599,-2.0994690870848625,0.03577557008637757,0.8238095087905521,276,12,KXECDJT281,600s
-8,y_leads_x,-0.02618719496978695,-2.4561428537187715,0.014043731849214206,0.8238095087905521,276,12,KXECDJT281,600s
-7,y_leads_x,-0.018718761075389778,-3.14289784569776,0.0016728420984028994,0.8238095087905521,276,12,KXECDJT281,600s
-6,y_leads_x,-0.03243633345222714,-7.572679930897061,3.656023092437689e-14,0.8238095087905521,276,12,KXECDJT281,600s
-5,y_leads_x,-0.04063192803617389,-4.92436823388434,8.463333380106862e-07,0.8238095087905521,276,12,KXECDJT281,600s
-4,y_leads_x,-0.041385902007570766,-4.00341235377789,6.24353383650302e-05,0.8238095087905521,276,12,KXECDJT281,600s
-3,y_leads_x,-0.054179260358742626,-8.105476013674531,5.253940808033705e-16,0.8238095087905521,276,12,KXECDJT281,600s
-2,y_leads_x,-0.057219926402438524,-12.640585922563814,1.2611066283771908e-36,0.8238095087905521,276,12,KXECDJT281,600s
-1,y_leads_x,-0.07617404936032132,-26.485242947499998,1.4336988743855613e-154,0.8238095087905521,276,12,KXECDJT281,600s
1,x_leads_y,-0.07611097879703148,-28.352647295196864,7.76405886078562e-177,0.8238095087905521,276,12,KXECDJT281,600s
2,x_leads_y,-0.05652458189595705,-17.61219870973241,1.9857930215528698e-69,0.8238095087905521,276,12,KXECDJT281,600s
3,x_leads_y,-0.05262897317467019,-30.136952674264514,1.5901586707875207e-199,0.8238095087905521,276,12,KXECDJT281,600s
4,x_leads_y,-0.03924154742461624,-17.484700558776023,1.8739475876650105e-68,0.8238095087905521,276,12,KXECDJT281,600s
5,x_leads_y,-0.0387173730637222,-15.359606033707216,3.0542497402409112e-53,0.8238095087905521,276,12,KXECDJT281,600s
6,x_leads_y,-0.03077069162880843,-10.009395415635272,1.38596918237152e-23,0.8238095087905521,276,12,KXECDJT281,600s
7,x_leads_y,-0.016468437811297268,-5.410706427154869,6.277661254976308e-08,0.8238095087905521,276,12,KXECDJT281,600s
8,x_leads_y,-0.02375977717213755,-30.605127968092127,1.0460188547151131e-205,0.8238095087905521,276,12,KXECDJT281,600s
9,x_leads_y,-0.016237587974366807,-24.592060133913872,1.5360970648171634e-133,0.8238095087905521,276,12,KXECDJT281,600s
10,x_leads_y,-0.005151835752700996,-5.146949250973973,2.647569156715839e-07,0.8238095087905521,276,12,KXECDJT281,600s
-10,y_leads_x,-0.018807271401529373,-2.1044692242751024,0.03533753646366323,0.9863784411517176,42,8,KX538APPROVEMIN-24NOV30-T37,600s
-9,y_leads_x,-0.02768503986165079,-1.7688489812652373,0.07691908017167035,0.9863784411517176,42,8,KX538APPROVEMIN-24NOV30-T37,600s
-8,y_leads_x,-0.0484911489439898,-1.5879057650969124,0.11230764966990812,0.9863784411517176,42,8,KX538APPROVEMIN-24NOV30-T37,600s
-7,y_leads_x,-0.06141902743385386,-1.287633485174724,0.19787357738107614,0.9863784411517176,42,8,KX538APPROVEMIN-24NOV30-T37,600s
-6,y_leads_x,-0.06738930547163964,-1.3150577612946677,0.18849049075481594,0.9863784411517176,42,8,KX538APPROVEMIN-24NOV30-T37,600s
-5,y_leads_x,-0.07389033062009329,-1.7084543626967963,0.08755206755050937,0.9863784411517176,42,8,KX538APPROVEMIN-24NOV30-T37,600s
-4,y_leads_x,-0.08778282270712418,-2.201569631661944,0.027695723043878195,0.9863784411517176,42,8,KX538APPROVEMIN-24NOV30-T37,600s
-3,y_leads_x,-0.0973605040463577,-3.675873056686201,0.0002370373759746945,0.9863784411517176,42,8,KX538APPROVEMIN-24NOV30-T37,600s
-2,y_leads_x,-0.11910038956212597,-6.737244952732365,1.614179320667647e-11,0.9863784411517176,42,8,KX538APPROVEMIN-24NOV30-T37,600s
-1,y_leads_x,-0.1445000234810224,-20.406158022243588,1.4742813446832477e-92,0.9863784411517176,42,8,KX538APPROVEMIN-24NOV30-T37,600s
1,x_leads_y,-0.13504606181803092,-12.476532693734146,1.0025826536808998e-35,0.9863784411517176,42,8,KX538APPROVEMIN-24NOV30-T37,600s
2,x_leads_y,-0.12933137481758766,-5.583887826769137,2.3520043887072733e-08,0.9863784411517176,42,8,KX538APPROVEMIN-24NOV30-T37,600s
3,x_leads_y,-0.1174037941568135,-3.542252662407505,0.00039672527751320334,0.9863784411517176,42,8,KX538APPROVEMIN-24NOV30-T37,600s
4,x_leads_y,-0.10571059093647957,-3.73588128140106,0.0001870589102238659,0.9863784411517176,42,8,KX538APPROVEMIN-24NOV30-T37,600s
5,x_leads_y,-0.07681074846726892,-2.874584593507829,0.004045593796650978,0.9863784411517176,42,8,KX538APPROVEMIN-24NOV30-T37,600s
6,x_leads_y,-0.056388399578105715,-1.9019640288231268,0.057175857400064554,0.9863784411517176,42,8,KX538APPROVEMIN-24NOV30-T37,600s
7,x_leads_y,-0.037924636050251696,-1.561173796904137,0.11848274972732577,0.9863784411517176,42,8,KX538APPROVEMIN-24NOV30-T37,600s
8,x_leads_y,-0.022832883725258237,-1.0132182251803181,0.31095593706994085,0.9863784411517176,42,8,KX538APPROVEMIN-24NOV30-T37,600s
9,x_leads_y,-0.004055829695757377,-0.18852260489757067,0.8504669970569799,0.9863784411517176,42,8,KX538APPROVEMIN-24NOV30-T37,600s
10,x_leads_y,-0.0008625149850641604,-0.06451160039338598,0.9485628705750766,0.9863784411517176,42,8,KX538APPROVEMIN-24NOV30-T37,600s
-10,y_leads_x,-0.006194529570313065,-2.1261771986086364,0.033488507906265536,0.8238095087905521,276,12,KXECDJT281,600s
-9,y_leads_x,-0.01826549277760599,-2.0994690870848625,0.03577557008637757,0.8238095087905521,276,12,KXECDJT281,600s
-8,y_leads_x,-0.02618719496978695,-2.4561428537187715,0.014043731849214206,0.8238095087905521,276,12,KXECDJT281,600s
-7,y_leads_x,-0.018718761075389778,-3.14289784569776,0.0016728420984028994,0.8238095087905521,276,12,KXECDJT281,600s
-6,y_leads_x,-0.03243633345222714,-7.572679930897061,3.656023092437689e-14,0.8238095087905521,276,12,KXECDJT281,600s
-5,y_leads_x,-0.04063192803617389,-4.92436823388434,8.463333380106862e-07,0.8238095087905521,276,12,KXECDJT281,600s
-4,y_leads_x,-0.041385902007570766,-4.00341235377789,6.24353383650302e-05,0.8238095087905521,276,12,KXECDJT281,600s
-3,y_leads_x,-0.054179260358742626,-8.105476013674531,5.253940808033705e-16,0.8238095087905521,276,12,KXECDJT281,600s
-2,y_leads_x,-0.057219926402438524,-12.640585922563814,1.2611066283771908e-36,0.8238095087905521,276,12,KXECDJT281,600s
-1,y_leads_x,-0.07617404936032132,-26.485242947499998,1.4336988743855613e-154,0.8238095087905521,276,12,KXECDJT281,600s
1,x_leads_y,-0.07611097879703148,-28.352647295196864,7.76405886078562e-177,0.8238095087905521,276,12,KXECDJT281,600s
2,x_leads_y,-0.05652458189595705,-17.61219870973241,1.9857930215528698e-69,0.8238095087905521,276,12,KXECDJT281,600s
3,x_leads_y,-0.05262897317467019,-30.136952674264514,1.5901586707875207e-199,0.8238095087905521,276,12,KXECDJT281,600s
4,x_leads_y,-0.03924154742461624,-17.484700558776023,1.8739475876650105e-68,0.8238095087905521,276,12,KXECDJT281,600s
5,x_leads_y,-0.0387173730637222,-15.359606033707216,3.0542497402409112e-53,0.8238095087905521,276,12,KXECDJT281,600s
6,x_leads_y,-0.03077069162880843,-10.009395415635272,1.38596918237152e-23,0.8238095087905521,276,12,KXECDJT281,600s
7,x_leads_y,-0.016468437811297268,-5.410706427154869,6.277661254976308e-08,0.8238095087905521,276,12,KXECDJT281,600s
8,x_leads_y,-0.02375977717213755,-30.605127968092127,1.0460188547151131e-205,0.8238095087905521,276,12,KXECDJT281,600s
9,x_leads_y,-0.016237587974366807,-24.592060133913872,1.5360970648171634e-133,0.8238095087905521,276,12,KXECDJT281,600s
10,x_leads_y,-0.005151835752700996,-5.146949250973973,2.647569156715839e-07,0.8238095087905521,276,12,KXECDJT281,600s
-10,y_leads_x,-0.019787069087815693,-2.3795418252766063,0.017334175742533788,0.9841185048526392,49,10,KX538APPROVEMIN-24NOV30-T37,600s
-9,y_leads_x,-0.030781039344902627,-2.020400709560567,0.043341839891653494,0.9841185048526392,49,10,KX538APPROVEMIN-24NOV30-T37,600s
-8,y_leads_x,-0.055109954833287136,-1.825539712269784,0.0679196240857071,0.9841185048526392,49,10,KX538APPROVEMIN-24NOV30-T37,600s
-7,y_leads_x,-0.07294650597358389,-1.5323002472753438,0.12544836012991392,0.9841185048526392,49,10,KX538APPROVEMIN-24NOV30-T37,600s
-6,y_leads_x,-0.07830635482677667,-1.5725307910529203,0.11582750403462395,0.9841185048526392,49,10,KX538APPROVEMIN-24NOV30-T37,600s
-5,y_leads_x,-0.08056463244809646,-1.9807482076685576,0.0476195176201353,0.9841185048526392,49,10,KX538APPROVEMIN-24NOV30-T37,600s
-4,y_leads_x,-0.0910593162397408,-2.4946102876679372,0.012609553407773566,0.9841185048526392,49,10,KX538APPROVEMIN-24NOV30-T37,600s
-3,y_leads_x,-0.09593123714396487,-4.023890820467931,5.7244463137026705e-05,0.9841185048526392,49,10,KX538APPROVEMIN-24NOV30-T37,600s
-2,y_leads_x,-0.11578818627797853,-6.944932279917617,3.786419141963592e-12,0.9841185048526392,49,10,KX538APPROVEMIN-24NOV30-T37,600s
-1,y_leads_x,-0.13684259204822127,-18.772372416609784,1.270815444007025e-78,0.9841185048526392,49,10,KX538APPROVEMIN-24NOV30-T37,600s
1,x_leads_y,-0.12192198052790859,-11.941480158041193,7.193160787026462e-33,0.9841185048526392,49,10,KX538APPROVEMIN-24NOV30-T37,600s
2,x_leads_y,-0.11185333055394811,-4.880749250073016,1.0568354818618783e-06,0.9841185048526392,49,10,KX538APPROVEMIN-24NOV30-T37,600s
3,x_leads_y,-0.0938471946568092,-2.590480030220123,0.00958421821027612,0.9841185048526392,49,10,KX538APPROVEMIN-24NOV30-T37,600s
4,x_leads_y,-0.08081390763894912,-2.2957618843960197,0.02168949989135329,0.9841185048526392,49,10,KX538APPROVEMIN-24NOV30-T37,600s
5,x_leads_y,-0.054748210812128974,-1.6045560953261373,0.10859153014074098,0.9841185048526392,49,10,KX538APPROVEMIN-24NOV30-T37,600s
6,x_leads_y,-0.036009610308624436,-0.9894673030821123,0.3224345596509699,0.9841185048526392,49,10,KX538APPROVEMIN-24NOV30-T37,600s
7,x_leads_y,-0.021669948309297794,-0.7267426680454458,0.4673836100329217,0.9841185048526392,49,10,KX538APPROVEMIN-24NOV30-T37,600s
8,x_leads_y,-0.01056678953887609,-0.41486656279691786,0.6782395887874308,0.9841185048526392,49,10,KX538APPROVEMIN-24NOV30-T37,600s
9,x_leads_y,0.0017028965316602995,0.08145035672247229,0.9350838032344385,0.9841185048526392,49,10,KX538APPROVEMIN-24NOV30-T37,600s
10,x_leads_y,0.0013098985484186873,0.10886588212699067,0.9133088678813557,0.9841185048526392,49,10,KX538APPROVEMIN-24NOV30-T37,600s
-10,y_leads_x,-0.002507203557285749,-3.057910375550403,0.002228862265335437,0.3193168106176001,514,15,FEDDECISION-24SEP-C25,600s
-9,y_leads_x,-0.00118705100756923,-1.3429560184781755,0.17928621567378256,0.3193168106176001,514,15,FEDDECISION-24SEP-C25,600s
-8,y_leads_x,-0.001020023843464013,-0.9174301255104816,0.3589172925531209,0.3193168106176001,514,15,FEDDECISION-24SEP-C25,600s
-7,y_leads_x,-0.0026740960341451923,-2.90162123165971,0.0037123710423497217,0.3193168106176001,514,15,FEDDECISION-24SEP-C25,600s
-6,y_leads_x,-0.0029625675299142277,-1.9420473566399323,0.05213136758890756,0.3193168106176001,514,15,FEDDECISION-24SEP-C25,600s
-5,y_leads_x,-0.002264030852321875,-2.7034640228565587,0.006862087609502825,0.3193168106176001,514,15,FEDDECISION-24SEP-C25,600s
-4,y_leads_x,-0.0028134972955280715,-3.058274694636435,0.0022261540934924557,0.3193168106176001,514,15,FEDDECISION-24SEP-C25,600s
-3,y_leads_x,-0.002382972478362546,-1.9793170480528333,0.04778032135892053,0.3193168106176001,514,15,FEDDECISION-24SEP-C25,600s
-2,y_leads_x,-0.004514466320818375,-2.464551236880187,0.013718494824098931,0.3193168106176001,514,15,FEDDECISION-24SEP-C25,600s
-1,y_leads_x,-0.010540603377500134,-8.068947619173702,7.090667590232051e-16,0.3193168106176001,514,15,FEDDECISION-24SEP-C25,600s
1,x_leads_y,-0.01066205944517142,-7.57306990664164,3.645060242226327e-14,0.3193168106176001,514,15,FEDDECISION-24SEP-C25,600s
2,x_leads_y,-0.004609932858848372,-2.3871408325194445,0.016979985259849905,0.3193168106176001,514,15,FEDDECISION-24SEP-C25,600s
3,x_leads_y,-0.0021906329652106966,-1.514036154255444,0.13001667003447925,0.3193168106176001,514,15,FEDDECISION-24SEP-C25,600s
4,x_leads_y,-0.0029440861008571293,-3.430476886651504,0.0006025213013817763,0.3193168106176001,514,15,FEDDECISION-24SEP-C25,600s
5,x_leads_y,-0.0025884941503725354,-2.2083238126700317,0.027221708518871228,0.3193168106176001,514,15,FEDDECISION-24SEP-C25,600s
6,x_leads_y,-0.003434912298861738,-3.177454151333946,0.0014857417923191119,0.3193168106176001,514,15,FEDDECISION-24SEP-C25,600s
7,x_leads_y,-0.002767266007294085,-2.7244130421118453,0.006441589084509783,0.3193168106176001,514,15,FEDDECISION-24SEP-C25,600s
8,x_leads_y,-0.0010199627524857288,-1.2333720341991536,0.21743699380119852,0.3193168106176001,514,15,FEDDECISION-24SEP-C25,600s
9,x_leads_y,-0.0014523948201182269,-2.395047672478504,0.01661820444129449,0.3193168106176001,514,15,FEDDECISION-24SEP-C25,600s
10,x_leads_y,-0.002523436364570588,-3.339383349843741,0.0008396460650786465,0.3193168106176001,514,15,FEDDECISION-24SEP-C25,600s
-10,y_leads_x,-0.0028774984249790164,-3.4470740788573253,0.0005666931728913042,0.3177316405821812,478,13,FEDDECISION-24SEP-C25,600s
-9,y_leads_x,-0.001358312187657449,-1.553182272725378,0.1203795951928824,0.3177316405821812,478,13,FEDDECISION-24SEP-C25,600s
-8,y_leads_x,-0.001367548356933195,-1.1559602516111034,0.24769741576425797,0.3177316405821812,478,13,FEDDECISION-24SEP-C25,600s
-7,y_leads_x,-0.0029173982715342654,-2.9288632636428664,0.0034020404450339665,0.3177316405821812,478,13,FEDDECISION-24SEP-C25,600s
-6,y_leads_x,-0.0029465602353509696,-1.800869018413323,0.07172352722526236,0.3177316405821812,478,13,FEDDECISION-24SEP-C25,600s
-5,y_leads_x,-0.0021091418718673332,-2.4423735878291155,0.014591038635769134,0.3177316405821812,478,13,FEDDECISION-24SEP-C25,600s
-4,y_leads_x,-0.0023113518722986137,-1.9610004893734847,0.04987896580983646,0.3177316405821812,478,13,FEDDECISION-24SEP-C25,600s
-3,y_leads_x,-0.0019933420223551346,-1.397387634513831,0.16229703557936248,0.3177316405821812,478,13,FEDDECISION-24SEP-C25,600s
-2,y_leads_x,-0.0044332976544095935,-2.358486776923112,0.018349613509636545,0.3177316405821812,478,13,FEDDECISION-24SEP-C25,600s
-1,y_leads_x,-0.010588823313530159,-7.868249958933027,3.596364795061944e-15,0.3177316405821812,478,13,FEDDECISION-24SEP-C25,600s
1,x_leads_y,-0.01087965687773159,-7.4264654496678,1.1153801380953023e-13,0.3177316405821812,478,13,FEDDECISION-24SEP-C25,600s
2,x_leads_y,-0.004769279400961876,-2.5507334468407223,0.010749650540026209,0.3177316405821812,478,13,FEDDECISION-24SEP-C25,600s
3,x_leads_y,-0.002044553572540231,-1.3259307957270843,0.18486262126061714,0.3177316405821812,478,13,FEDDECISION-24SEP-C25,600s
4,x_leads_y,-0.0027144208241509575,-2.833153082157435,0.004609130742770509,0.3177316405821812,478,13,FEDDECISION-24SEP-C25,600s
5,x_leads_y,-0.002633467296989484,-2.0818808543609855,0.03735335397764275,0.3177316405821812,478,13,FEDDECISION-24SEP-C25,600s
6,x_leads_y,-0.0036309246962337284,-3.497031030115498,0.00047046710495800796,0.3177316405821812,478,13,FEDDECISION-24SEP-C25,600s
7,x_leads_y,-0.002984353789934432,-2.8400091903504174,0.004511223412917323,0.3177316405821812,478,13,FEDDECISION-24SEP-C25,600s
8,x_leads_y,-0.0014027314416709563,-1.717767310909838,0.08583906624354976,0.3177316405821812,478,13,FEDDECISION-24SEP-C25,600s
9,x_leads_y,-0.0016398956944673863,-2.7560720751886647,0.005850010460576044,0.3177316405821812,478,13,FEDDECISION-24SEP-C25,600s
10,x_leads_y,-0.002685519899891923,-3.5123774382619337,0.0004441167905383544,0.3177316405821812,478,13,FEDDECISION-24SEP-C25,600s
