k,direction,coef,t_stat,p_value,r_squared,n_obs,n_days,etf,bar_freq
-10,y_leads_x,1.921174530336922e-06,2.1713274266330673,0.02990643051288497,0.10390465938635995,66632,19,VAW,5s
-9,y_leads_x,-3.629555436354747e-07,-0.5773145519687656,0.5637269851211386,0.10390465938635995,66632,19,VAW,5s
-8,y_leads_x,-7.47266189667602e-07,-0.7764139567349198,0.43750460657967416,0.10390465938635995,66632,19,VAW,5s
-7,y_leads_x,9.313478407746127e-07,1.61605775698387,0.10608182631848995,0.10390465938635995,66632,19,VAW,5s
-6,y_leads_x,1.6498645278776852e-06,2.0364700850233572,0.04170317406212111,0.10390465938635995,66632,19,VAW,5s
-5,y_leads_x,2.81312319622709e-06,3.279099405728839,0.0010413894587470653,0.10390465938635995,66632,19,VAW,5s
-4,y_leads_x,2.520481693056715e-07,0.3365693566293621,0.7364415596164562,0.10390465938635995,66632,19,VAW,5s
-3,y_leads_x,1.5920536113765666e-06,3.479501043417341,0.0005023484130743046,0.10390465938635995,66632,19,VAW,5s
-2,y_leads_x,5.756748673758585e-06,6.664938986328194,2.6477532983568493e-11,0.10390465938635995,66632,19,VAW,5s
-1,y_leads_x,1.7009440569582355e-05,10.257235156365626,1.0980569715230464e-24,0.10390465938635995,66632,19,VAW,5s
1,x_leads_y,1.6866205654505643e-05,9.76495819830739,1.5917763799961666e-22,0.10390465938635995,66632,19,VAW,5s
2,x_leads_y,5.7723795163342915e-06,6.422850997411362,1.337453949172927e-10,0.10390465938635995,66632,19,VAW,5s
3,x_leads_y,1.5875861494216813e-06,3.5837544469372116,0.0003386905093677748,0.10390465938635995,66632,19,VAW,5s
4,x_leads_y,5.364839678790083e-07,0.784360822208636,0.4328284199710417,0.10390465938635995,66632,19,VAW,5s
5,x_leads_y,2.820957821418833e-06,3.3150219341897023,0.0009163593401513261,0.10390465938635995,66632,19,VAW,5s
6,x_leads_y,1.469227703562114e-06,1.7457379274273268,0.0808565013963969,0.10390465938635995,66632,19,VAW,5s
7,x_leads_y,1.016235377360861e-06,2.0376755336649066,0.04158239256357484,0.10390465938635995,66632,19,VAW,5s
8,x_leads_y,-8.165627018711071e-07,-0.9016886334828443,0.36722229271358753,0.10390465938635995,66632,19,VAW,5s
9,x_leads_y,7.909946111998785e-08,0.13143962970890974,0.8954275406114433,0.10390465938635995,66632,19,VAW,5s
10,x_leads_y,9.069914076318142e-07,1.1719963318737572,0.24119852885543602,0.10390465938635995,66632,19,VAW,5s
-10,y_leads_x,8.801586888024929e-07,1.2221494567621725,0.2216511133219048,0.04489378413617162,76970,19,VIS,5s
-9,y_leads_x,3.427390437454242e-07,0.4290086779060094,0.6679169094447115,0.04489378413617162,76970,19,VIS,5s
-8,y_leads_x,5.121491972914198e-07,0.6290511617173863,0.5293155623043453,0.04489378413617162,76970,19,VIS,5s
-7,y_leads_x,7.738743412471405e-08,0.1506661950184239,0.8802390412286957,0.04489378413617162,76970,19,VIS,5s
-6,y_leads_x,9.954470156867515e-07,2.0355137119714146,0.04179921027333409,0.04489378413617162,76970,19,VIS,5s
-5,y_leads_x,2.244064310511776e-06,3.1314190612023367,0.0017396373097662897,0.04489378413617162,76970,19,VIS,5s
-4,y_leads_x,1.9180769162368307e-07,0.287968453154,0.7733708869869496,0.04489378413617162,76970,19,VIS,5s
-3,y_leads_x,2.021032508753969e-06,2.9370197063729067,0.0033138304520332826,0.04489378413617162,76970,19,VIS,5s
-2,y_leads_x,5.782077933717114e-06,5.785719899692334,7.220243859723681e-09,0.04489378413617162,76970,19,VIS,5s
-1,y_leads_x,1.2089972657177005e-05,6.404442514970077,1.5091980183325668e-10,0.04489378413617162,76970,19,VIS,5s
1,x_leads_y,1.2031186820671777e-05,6.448587287334758,1.1289753521943243e-10,0.04489378413617162,76970,19,VIS,5s
2,x_leads_y,5.879322035627263e-06,5.92479951865635,3.126786158675373e-09,0.04489378413617162,76970,19,VIS,5s
3,x_leads_y,2.0156636144780416e-06,2.9424864419986663,0.0032558804251093345,0.04489378413617162,76970,19,VIS,5s
4,x_leads_y,5.814705925625988e-08,0.09025916358872789,0.928081270383648,0.04489378413617162,76970,19,VIS,5s
5,x_leads_y,2.3708028789646124e-06,3.2191987609568673,0.001285493476521467,0.04489378413617162,76970,19,VIS,5s
6,x_leads_y,1.0523346110645487e-06,2.279172209921839,0.022656830373384212,0.04489378413617162,76970,19,VIS,5s
7,x_leads_y,2.971688977395479e-07,0.577291911029472,0.5637422771067897,0.04489378413617162,76970,19,VIS,5s
8,x_leads_y,5.287293819769571e-07,0.7527263213447036,0.4516143895502497,0.04489378413617162,76970,19,VIS,5s
9,x_leads_y,2.7593965537392406e-07,0.31793217690799186,0.7505363843212143,0.04489378413617162,76970,19,VIS,5s
10,x_leads_y,2.6436084863158554e-07,0.3537394444659679,0.7235341590079429,0.04489378413617162,76970,19,VIS,5s
-10,y_leads_x,9.462444284159838e-07,1.1017620886054729,0.27056511619496126,0.05706764622205096,60260,15,VIS,5s
-9,y_leads_x,3.5452124950534267e-07,0.35266029926189363,0.7243431259545852,0.05706764622205096,60260,15,VIS,5s
-8,y_leads_x,6.763881626077324e-07,0.657224282471874,0.5110367142232097,0.05706764622205096,60260,15,VIS,5s
-7,y_leads_x,-1.528643805364508e-07,-0.2719179440381602,0.7856851135723714,0.05706764622205096,60260,15,VIS,5s
-6,y_leads_x,7.820339577289386e-07,1.295896691870568,0.19501107912469173,0.05706764622205096,60260,15,VIS,5s
-5,y_leads_x,2.07866168974429e-06,2.2917124039042673,0.021922244183866204,0.05706764622205096,60260,15,VIS,5s
-4,y_leads_x,6.174568952774269e-07,0.8888729099360263,0.37407138601090895,0.05706764622205096,60260,15,VIS,5s
-3,y_leads_x,1.4387077615846964e-06,1.9560931997487796,0.05045417609014438,0.05706764622205096,60260,15,VIS,5s
-2,y_leads_x,5.8691516201213865e-06,5.039308095444044,4.6721784123184226e-07,0.05706764622205096,60260,15,VIS,5s
-1,y_leads_x,1.4179194014428776e-05,7.70151526216897,1.3446211155226302e-14,0.05706764622205096,60260,15,VIS,5s
1,x_leads_y,1.4042163149655886e-05,7.626647376686157,2.409374542104372e-14,0.05706764622205096,60260,15,VIS,5s
2,x_leads_y,5.9953037991051235e-06,5.196452662715579,2.0312729484668082e-07,0.05706764622205096,60260,15,VIS,5s
3,x_leads_y,1.403859741398959e-06,1.9572647701426584,0.05031634722211432,0.05706764622205096,60260,15,VIS,5s
4,x_leads_y,5.919090918226177e-07,0.909740056496575,0.36295961398427046,0.05706764622205096,60260,15,VIS,5s
5,x_leads_y,2.085093894733638e-06,2.3204054155798177,0.020318956206849245,0.05706764622205096,60260,15,VIS,5s
6,x_leads_y,9.298622407259549e-07,1.6061155117955683,0.10824853226352708,0.05706764622205096,60260,15,VIS,5s
7,x_leads_y,1.0862128959013447e-07,0.18572404548536597,0.8526611708074314,0.05706764622205096,60260,15,VIS,5s
8,x_leads_y,7.17032125322674e-07,0.8239097015142455,0.4099908675956385,0.05706764622205096,60260,15,VIS,5s
9,x_leads_y,4.641588001871638e-07,0.4337451323637391,0.6644735288476622,0.05706764622205096,60260,15,VIS,5s
10,x_leads_y,2.116895235240003e-07,0.2503355525176116,0.8023278646028427,0.05706764622205096,60260,15,VIS,5s
-10,y_leads_x,9.124589966720009e-07,1.1069581838318847,0.2683120080410738,0.002416679972660485,69802,15,VGT,5s
-9,y_leads_x,-6.12141121093894e-07,-0.7257356259329141,0.4680008572932567,0.002416679972660485,69802,15,VGT,5s
-8,y_leads_x,-2.9735007058222227e-07,-0.3136661519829318,0.7537746110411438,0.002416679972660485,69802,15,VGT,5s
-7,y_leads_x,3.7575516707927034e-07,0.5539269102204178,0.5796288675608549,0.002416679972660485,69802,15,VGT,5s
-6,y_leads_x,2.8630020449641308e-06,3.9446951099507115,7.990157460136689e-05,0.002416679972660485,69802,15,VGT,5s
-5,y_leads_x,2.991799297785855e-06,3.1288889807637847,0.0017546859143995964,0.002416679972660485,69802,15,VGT,5s
-4,y_leads_x,-1.2625224674050648e-06,-1.2420619210517712,0.21421371668007516,0.002416679972660485,69802,15,VGT,5s
-3,y_leads_x,-3.4688055270246696e-07,-0.4625612506691658,0.6436788890757622,0.002416679972660485,69802,15,VGT,5s
-2,y_leads_x,1.4907424305066878e-07,0.1493861374917523,0.8812489496704062,0.002416679972660485,69802,15,VGT,5s
-1,y_leads_x,2.919496586784978e-06,2.0783979557470147,0.03767272085184903,0.002416679972660485,69802,15,VGT,5s
1,x_leads_y,2.9387005689343712e-06,2.0963048740676795,0.036055154657393715,0.002416679972660485,69802,15,VGT,5s
2,x_leads_y,1.4401926326347724e-07,0.14466990201542662,0.8849715038276906,0.002416679972660485,69802,15,VGT,5s
3,x_leads_y,-3.344492187701348e-07,-0.44936345945457595,0.6531694863456348,0.002416679972660485,69802,15,VGT,5s
4,x_leads_y,-1.2720530382616785e-06,-1.2409961405306453,0.21460717462951806,0.002416679972660485,69802,15,VGT,5s
5,x_leads_y,2.95282073076234e-06,3.2006107361451597,0.001371366622121102,0.002416679972660485,69802,15,VGT,5s
6,x_leads_y,2.8633257812523764e-06,3.998487197382042,6.374862853808627e-05,0.002416679972660485,69802,15,VGT,5s
7,x_leads_y,4.913210124913861e-07,0.7034302640898987,0.4817876516147057,0.002416679972660485,69802,15,VGT,5s
8,x_leads_y,-2.326435133947448e-07,-0.2429256426668535,0.8080630004990748,0.002416679972660485,69802,15,VGT,5s
9,x_leads_y,-5.780706251440432e-07,-0.6944081725140966,0.487426269980369,0.002416679972660485,69802,15,VGT,5s
10,x_leads_y,5.759422893070877e-07,0.9173583070367772,0.35895491287237735,0.002416679972660485,69802,15,VGT,5s
-10,y_leads_x,2.3973590835704894e-06,2.4126178063064687,0.015838418078515028,0.11161640543083895,51468,15,VAW,5s
-9,y_leads_x,8.198673395595023e-09,0.011770465607155074,0.9906087440692326,0.11161640543083895,51468,15,VAW,5s
-8,y_leads_x,-1.0080573389128518e-06,-0.8994492587841971,0.36841341155586793,0.11161640543083895,51468,15,VAW,5s
-7,y_leads_x,7.359797016574265e-07,1.15946900687639,0.24626506270222603,0.11161640543083895,51468,15,VAW,5s
-6,y_leads_x,1.1897239377620488e-06,1.1219922362736263,0.26186574092934944,0.11161640543083895,51468,15,VAW,5s
-5,y_leads_x,2.9639322265446802e-06,2.7511203755907494,0.005939181421425377,0.11161640543083895,51468,15,VAW,5s
-4,y_leads_x,5.510373237252011e-07,0.6096805343802386,0.5420734515898662,0.11161640543083895,51468,15,VAW,5s
-3,y_leads_x,1.5370502703750114e-06,2.5639485402210593,0.010348888684787404,0.11161640543083895,51468,15,VAW,5s
-2,y_leads_x,5.9825645252915e-06,5.462310898068567,4.6997605692891035e-08,0.11161640543083895,51468,15,VAW,5s
-1,y_leads_x,1.7951256881577544e-05,9.41515068042303,4.7240432906465226e-21,0.11161640543083895,51468,15,VAW,5s
1,x_leads_y,1.7810941032099392e-05,8.927045996585662,4.375355241616232e-19,0.11161640543083895,51468,15,VAW,5s
2,x_leads_y,6.044374352236427e-06,5.336923503132339,9.45369005985271e-08,0.11161640543083895,51468,15,VAW,5s
3,x_leads_y,1.487327638393049e-06,2.596882403928905,0.00940741250954533,0.11161640543083895,51468,15,VAW,5s
4,x_leads_y,8.513368023267168e-07,1.0429941248537886,0.2969510138106203,0.11161640543083895,51468,15,VAW,5s
5,x_leads_y,2.980281890787749e-06,2.804869693141672,0.005033692518904966,0.11161640543083895,51468,15,VAW,5s
6,x_leads_y,1.0379635868034138e-06,0.9404468929219251,0.346988378413305,0.11161640543083895,51468,15,VAW,5s
7,x_leads_y,8.002268585562868e-07,1.508081285235878,0.13153372437947822,0.11161640543083895,51468,15,VAW,5s
8,x_leads_y,-1.0381419531207042e-06,-0.955606944909619,0.33927085147638014,0.11161640543083895,51468,15,VAW,5s
9,x_leads_y,5.347248915333797e-07,0.8329934496425869,0.4048484235624509,0.11161640543083895,51468,15,VAW,5s
10,x_leads_y,1.2528040230236297e-06,1.4361465982180521,0.1509606308420757,0.11161640543083895,51468,15,VAW,5s
-10,y_leads_x,8.408844726367237e-07,1.2743769921628871,0.20252984227088466,0.06219378659346275,67038,15,VCR,5s
-9,y_leads_x,4.4067618394125964e-08,0.06744304060794144,0.9462290057175835,0.06219378659346275,67038,15,VCR,5s
-8,y_leads_x,1.0996669229390572e-07,0.1721427844412758,0.8633252776595076,0.06219378659346275,67038,15,VCR,5s
-7,y_leads_x,-4.2152641565819644e-07,-0.6873809846386089,0.49184267720600017,0.06219378659346275,67038,15,VCR,5s
-6,y_leads_x,1.7411058192751531e-06,2.666587562526756,0.007662564264696605,0.06219378659346275,67038,15,VCR,5s
-5,y_leads_x,2.13370076928956e-06,3.814925641467717,0.00013622394665097632,0.06219378659346275,67038,15,VCR,5s
-4,y_leads_x,4.88583245706255e-07,0.7433149697296604,0.4572910105314022,0.06219378659346275,67038,15,VCR,5s
-3,y_leads_x,7.491858307487113e-07,0.9585457233407955,0.33778764681611084,0.06219378659346275,67038,15,VCR,5s
-2,y_leads_x,3.46464152877975e-06,2.182511009869501,0.029071839591414194,0.06219378659346275,67038,15,VCR,5s
-1,y_leads_x,1.64868949822086e-05,12.916970292390198,3.610813967825159e-38,0.06219378659346275,67038,15,VCR,5s
1,x_leads_y,1.6448157702928633e-05,12.822767799401724,1.222570606254929e-37,0.06219378659346275,67038,15,VCR,5s
2,x_leads_y,3.4183624551648564e-06,2.1579274197493317,0.030933475260841576,0.06219378659346275,67038,15,VCR,5s
3,x_leads_y,7.79479758707475e-07,1.0199160268799596,0.30776828787079136,0.06219378659346275,67038,15,VCR,5s
4,x_leads_y,3.5734525227041393e-07,0.517975472716337,0.6044753823428257,0.06219378659346275,67038,15,VCR,5s
5,x_leads_y,2.03132475846253e-06,4.2611809152688735,2.033495321762001e-05,0.06219378659346275,67038,15,VCR,5s
6,x_leads_y,1.833242505535975e-06,2.973973753996887,0.0029397021848409856,0.06219378659346275,67038,15,VCR,5s
7,x_leads_y,-3.6358924576773743e-07,-0.6131916607164741,0.5397496181785351,0.06219378659346275,67038,15,VCR,5s
8,x_leads_y,5.4200383723838664e-08,0.09107317020934608,0.9274344510991688,0.06219378659346275,67038,15,VCR,5s
9,x_leads_y,2.7506235042446182e-09,0.003785856729366753,0.9969793305819588,0.06219378659346275,67038,15,VCR,5s
10,x_leads_y,7.706133636617898e-07,1.1919651385228183,0.2332749149442822,0.06219378659346275,67038,15,VCR,5s
-10,y_leads_x,8.211427568516327e-07,1.0798627711953117,0.28020329365294694,0.0028050776055885684,166384,37,VDE,5s
-9,y_leads_x,-1.2371613595918934e-06,-1.8629752932120254,0.06246574237881337,0.0028050776055885684,166384,37,VDE,5s
-8,y_leads_x,-3.2564442356597487e-07,-0.6394238307344853,0.5225472502085713,0.0028050776055885684,166384,37,VDE,5s
-7,y_leads_x,-2.292926180950564e-06,-4.340704532249927,1.4202659663846748e-05,0.0028050776055885684,166384,37,VDE,5s
-6,y_leads_x,1.1818817856206312e-06,2.2186012654922016,0.026513863385733444,0.0028050776055885684,166384,37,VDE,5s
-5,y_leads_x,3.9457846391282116e-07,0.7216951622388497,0.470481917071255,0.0028050776055885684,166384,37,VDE,5s
-4,y_leads_x,-1.0745632366239665e-06,-1.5365207842576722,0.12441070425355495,0.0028050776055885684,166384,37,VDE,5s
-3,y_leads_x,-1.6442320133083152e-06,-3.003492599532416,0.002669000399769582,0.0028050776055885684,166384,37,VDE,5s
-2,y_leads_x,1.8497629683669118e-06,2.960642731823878,0.0030699783348708517,0.0028050776055885684,166384,37,VDE,5s
-1,y_leads_x,3.490978596098128e-06,3.946044974935406,7.945269598841985e-05,0.0028050776055885684,166384,37,VDE,5s
1,x_leads_y,3.488045375994747e-06,3.9697861493113717,7.19371673726429e-05,0.0028050776055885684,166384,37,VDE,5s
2,x_leads_y,1.8179254555323313e-06,2.9542793489716006,0.0031340017721923057,0.0028050776055885684,166384,37,VDE,5s
3,x_leads_y,-1.7374489675314506e-06,-2.897767419387956,0.0037582918242283405,0.0028050776055885684,166384,37,VDE,5s
4,x_leads_y,-1.1213011063520332e-06,-1.5967103388076296,0.11033028997577364,0.0028050776055885684,166384,37,VDE,5s
5,x_leads_y,2.820259631579774e-07,0.4733794955782382,0.6359424558641689,0.0028050776055885684,166384,37,VDE,5s
6,x_leads_y,1.1604586065511179e-06,2.090769888202755,0.03654869661409058,0.0028050776055885684,166384,37,VDE,5s
7,x_leads_y,-2.485477200455572e-06,-4.541205857061854,5.59333830939968e-06,0.0028050776055885684,166384,37,VDE,5s
8,x_leads_y,-2.1011264946745665e-07,-0.4171779195843095,0.676548274491386,0.0028050776055885684,166384,37,VDE,5s
9,x_leads_y,-1.152978938378342e-06,-1.6995229790441635,0.08922068866640287,0.0028050776055885684,166384,37,VDE,5s
10,x_leads_y,4.871014882658707e-07,0.6393768025101866,0.522577836141753,0.0028050776055885684,166384,37,VDE,5s
-10,y_leads_x,1.4695903341288358e-06,2.5383446719221334,0.011137823199209288,0.029335138482667444,40023,11,VDC,5s
-9,y_leads_x,-7.480662007387054e-07,-1.3717010072990818,0.17015653471533454,0.029335138482667444,40023,11,VDC,5s
-8,y_leads_x,-7.608566271793989e-07,-1.0025557742045028,0.3160752433376174,0.029335138482667444,40023,11,VDC,5s
-7,y_leads_x,1.6208429299296887e-06,2.3420599359141265,0.01917763491555884,0.029335138482667444,40023,11,VDC,5s
-6,y_leads_x,1.3619298405933126e-06,2.597104111983225,0.009401342360774525,0.029335138482667444,40023,11,VDC,5s
-5,y_leads_x,4.2628745407127895e-07,0.5662577244919008,0.5712185944138688,0.029335138482667444,40023,11,VDC,5s
-4,y_leads_x,1.3692809275777736e-06,1.6104792835557509,0.10729326449073376,0.029335138482667444,40023,11,VDC,5s
-3,y_leads_x,4.430956546926399e-07,0.47676340451811605,0.633530607598096,0.029335138482667444,40023,11,VDC,5s
-2,y_leads_x,2.4597710023786316e-06,3.4143093170961447,0.0006394393547393539,0.029335138482667444,40023,11,VDC,5s
-1,y_leads_x,8.585660271552109e-06,6.6584662949370985,2.7669972440379785e-11,0.029335138482667444,40023,11,VDC,5s
1,x_leads_y,8.58724296892283e-06,6.6516064020264976,2.8991114810065685e-11,0.029335138482667444,40023,11,VDC,5s
2,x_leads_y,2.424756610326896e-06,3.211875642662195,0.0013187144458033833,0.029335138482667444,40023,11,VDC,5s
3,x_leads_y,5.248417978983148e-07,0.5637617344188636,0.5729162970503445,0.029335138482667444,40023,11,VDC,5s
4,x_leads_y,1.4298426414973416e-06,1.7602650531419581,0.07836287657422657,0.029335138482667444,40023,11,VDC,5s
5,x_leads_y,5.586242143853734e-08,0.07208989529233614,0.9425303676917361,0.029335138482667444,40023,11,VDC,5s
6,x_leads_y,1.2033822747219027e-06,3.1043909672419407,0.0019067119010778145,0.029335138482667444,40023,11,VDC,5s
7,x_leads_y,2.1477365718321976e-06,2.3511264217702235,0.01871667350572834,0.029335138482667444,40023,11,VDC,5s
8,x_leads_y,-1.0444989310798652e-06,-1.291344170020795,0.19658436075982078,0.029335138482667444,40023,11,VDC,5s
9,x_leads_y,-1.0363018440810615e-06,-2.085278361705466,0.0370440404018751,0.029335138482667444,40023,11,VDC,5s
10,x_leads_y,1.3809843482698886e-06,2.7443368017374024,0.006063329417005432,0.029335138482667444,40023,11,VDC,5s
-10,y_leads_x,9.773563740528014e-07,2.2414149241002543,0.02499921069263732,0.009263503499942871,49366,11,VOX,5s
-9,y_leads_x,-7.092038346874815e-07,-0.937165051733116,0.34867366371878195,0.009263503499942871,49366,11,VOX,5s
-8,y_leads_x,-5.318179283001533e-07,-0.9047182682353904,0.3656146605210333,0.009263503499942871,49366,11,VOX,5s
-7,y_leads_x,-7.719439618659604e-07,-2.3569447729799466,0.018425986978722095,0.009263503499942871,49366,11,VOX,5s
-6,y_leads_x,2.021506163690387e-06,2.379785765639458,0.017322705769844442,0.009263503499942871,49366,11,VOX,5s
-5,y_leads_x,2.287871471598483e-06,2.4406905642577517,0.01465920948162688,0.009263503499942871,49366,11,VOX,5s
-4,y_leads_x,-2.04725724154061e-06,-3.098218320912256,0.0019468794733030093,0.009263503499942871,49366,11,VOX,5s
-3,y_leads_x,-1.5702316536233132e-07,-0.25178902278126364,0.8012041425790374,0.009263503499942871,49366,11,VOX,5s
-2,y_leads_x,1.2112311921748841e-07,0.1386470686064349,0.889729047108612,0.009263503499942871,49366,11,VOX,5s
-1,y_leads_x,7.538840525595005e-06,5.293525111404359,1.1998075775883272e-07,0.009263503499942871,49366,11,VOX,5s
1,x_leads_y,7.578983492537786e-06,5.421614832841621,5.906303631507009e-08,0.009263503499942871,49366,11,VOX,5s
2,x_leads_y,3.317087234476321e-08,0.038078535856276775,0.9696250648018584,0.009263503499942871,49366,11,VOX,5s
3,x_leads_y,-1.119188416623036e-07,-0.18070713040147848,0.85659746168265,0.009263503499942871,49366,11,VOX,5s
4,x_leads_y,-2.0370580849853563e-06,-3.199693978017071,0.0013757357572993464,0.009263503499942871,49366,11,VOX,5s
5,x_leads_y,2.122495636051319e-06,2.3119147331707826,0.020782382646763065,0.009263503499942871,49366,11,VOX,5s
6,x_leads_y,2.009631946328201e-06,2.408348103571258,0.01602489318447544,0.009263503499942871,49366,11,VOX,5s
7,x_leads_y,-6.533923400981673e-07,-2.3341175537187495,0.019589567387126198,0.009263503499942871,49366,11,VOX,5s
8,x_leads_y,-5.480591854923859e-07,-0.9759963597490159,0.3290662682771115,0.009263503499942871,49366,11,VOX,5s
9,x_leads_y,-3.136103795551362e-07,-0.4589601264904525,0.6462627999249628,0.009263503499942871,49366,11,VOX,5s
10,x_leads_y,5.609163236306874e-07,0.8409490482688639,0.40037647903067575,0.009263503499942871,49366,11,VOX,5s
-10,y_leads_x,-3.605432693195798e-07,-0.5602638152354971,0.5752995048417111,0.007263273273138138,51004,11,VGT,5s
-9,y_leads_x,-2.180396173300021e-07,-0.2931258813514829,0.7694259347447181,0.007263273273138138,51004,11,VGT,5s
-8,y_leads_x,-3.83249729210832e-07,-0.3925752135834828,0.6946332494561265,0.007263273273138138,51004,11,VGT,5s
-7,y_leads_x,-3.4683588434108206e-07,-0.30187209934832404,0.7627495656206114,0.007263273273138138,51004,11,VGT,5s
-6,y_leads_x,2.167765883140681e-06,3.105382506456321,0.0019003310168930413,0.007263273273138138,51004,11,VGT,5s
-5,y_leads_x,6.853582446011456e-07,0.841617961506314,0.4000018321106209,0.007263273273138138,51004,11,VGT,5s
-4,y_leads_x,-2.8722122563438575e-07,-0.38415126630762714,0.7008663360433474,0.007263273273138138,51004,11,VGT,5s
-3,y_leads_x,4.9453164653935745e-09,0.005506730450672425,0.9956062869988009,0.007263273273138138,51004,11,VGT,5s
-2,y_leads_x,2.2946684686343886e-07,0.3082121839030561,0.7579208820428536,0.007263273273138138,51004,11,VGT,5s
-1,y_leads_x,7.026102351039153e-06,7.834076041018235,4.723028919947795e-15,0.007263273273138138,51004,11,VGT,5s
1,x_leads_y,7.019185368929459e-06,7.750811178814812,9.130737333845444e-15,0.007263273273138138,51004,11,VGT,5s
2,x_leads_y,2.8029070383168025e-07,0.37050443298229835,0.7110066741675872,0.007263273273138138,51004,11,VGT,5s
3,x_leads_y,4.606820262329923e-08,0.053009733829743694,0.9577241521449549,0.007263273273138138,51004,11,VGT,5s
4,x_leads_y,-2.5278976197374247e-07,-0.3395595894747549,0.7341882146083486,0.007263273273138138,51004,11,VGT,5s
5,x_leads_y,7.36585260112379e-07,0.9149366184970157,0.3602249048224033,0.007263273273138138,51004,11,VGT,5s
6,x_leads_y,2.1883886708336827e-06,2.956114117916413,0.0031154179820632845,0.007263273273138138,51004,11,VGT,5s
7,x_leads_y,-1.5622359164031269e-07,-0.13379145255775476,0.8935674862983191,0.007263273273138138,51004,11,VGT,5s
8,x_leads_y,-1.994547204894714e-07,-0.207225426924764,0.8358338104688549,0.007263273273138138,51004,11,VGT,5s
9,x_leads_y,-8.871746895951897e-08,-0.11659096008807794,0.9071842016706066,0.007263273273138138,51004,11,VGT,5s
10,x_leads_y,-3.8389665347500684e-07,-0.6151650251152282,0.538445742747536,0.007263273273138138,51004,11,VGT,5s
-10,y_leads_x,2.9274336731583395e-08,0.0615739844420476,0.9509020950275504,0.0026473803987330236,76922,19,VFH,5s
-9,y_leads_x,2.327558115955027e-07,0.4565025226130872,0.6480286572470702,0.0026473803987330236,76922,19,VFH,5s
-8,y_leads_x,1.2324240133061e-07,0.1315215789127232,0.8953627173402623,0.0026473803987330236,76922,19,VFH,5s
-7,y_leads_x,-4.7460504999844906e-07,-0.6011478978570766,0.5477414834403611,0.0026473803987330236,76922,19,VFH,5s
-6,y_leads_x,2.1784437388327058e-07,0.41696466641606805,0.6767042524111512,0.0026473803987330236,76922,19,VFH,5s
-5,y_leads_x,8.573615598847112e-07,1.4345987009669499,0.15140148499788467,0.0026473803987330236,76922,19,VFH,5s
-4,y_leads_x,-4.96496751931404e-07,-0.8982249284416108,0.3690656458794276,0.0026473803987330236,76922,19,VFH,5s
-3,y_leads_x,-2.822075300162343e-06,-4.340301236776721,1.4228752241151792e-05,0.0026473803987330236,76922,19,VFH,5s
-2,y_leads_x,-1.1635049138998765e-06,-1.4952246540627232,0.13485582132163962,0.0026473803987330236,76922,19,VFH,5s
-1,y_leads_x,-1.5522880078344982e-07,-0.2149150248687269,0.8298335704448818,0.0026473803987330236,76922,19,VFH,5s
1,x_leads_y,-1.633522257418209e-07,-0.23942180659158208,0.8107785224245516,0.0026473803987330236,76922,19,VFH,5s
2,x_leads_y,-1.266795782476228e-06,-1.4143020758793903,0.15727322772053876,0.0026473803987330236,76922,19,VFH,5s
3,x_leads_y,-2.741867286911382e-06,-5.2547689428656685,1.4821042155189455e-07,0.0026473803987330236,76922,19,VFH,5s
4,x_leads_y,-4.07829636034828e-07,-0.8470231386292505,0.396982224408608,0.0026473803987330236,76922,19,VFH,5s
5,x_leads_y,8.957006014222201e-07,1.6506394363248735,0.09881222122992624,0.0026473803987330236,76922,19,VFH,5s
6,x_leads_y,1.764095059055106e-07,0.34180146863747646,0.7325003042712832,0.0026473803987330236,76922,19,VFH,5s
7,x_leads_y,-4.812131808773804e-07,-0.5909376233256199,0.5545622160092616,0.0026473803987330236,76922,19,VFH,5s
8,x_leads_y,-1.0886741126389988e-07,-0.12133717822190696,0.9034239735883761,0.0026473803987330236,76922,19,VFH,5s
9,x_leads_y,3.319197910729724e-07,0.7077753924280448,0.47908474998945594,0.0026473803987330236,76922,19,VFH,5s
10,x_leads_y,-1.1108179344292457e-06,-4.666907103776224,3.057674869646344e-06,0.0026473803987330236,76922,19,VFH,5s
-10,y_leads_x,7.66624898287852e-08,0.13900233753656485,0.8894483018948451,0.002079430597013432,61251,15,VFH,5s
-9,y_leads_x,-3.163952292534617e-07,-0.4478914201628465,0.6542315607681544,0.002079430597013432,61251,15,VFH,5s
-8,y_leads_x,-5.16286506785057e-07,-0.622195001990847,0.5338136520848521,0.002079430597013432,61251,15,VFH,5s
-7,y_leads_x,-7.593444227419441e-07,-0.9024022765957456,0.3668432121931774,0.002079430597013432,61251,15,VFH,5s
-6,y_leads_x,-3.9945773463369496e-08,-0.07846095089539261,0.9374613910995919,0.002079430597013432,61251,15,VFH,5s
-5,y_leads_x,6.325595287109784e-07,0.9696744222998657,0.33220880368449,0.002079430597013432,61251,15,VFH,5s
-4,y_leads_x,-2.44098934931434e-07,-0.391685439391908,0.6952906498340903,0.002079430597013432,61251,15,VFH,5s
-3,y_leads_x,-2.2206541632951084e-06,-2.795082052701543,0.005188654405474338,0.002079430597013432,61251,15,VFH,5s
-2,y_leads_x,-9.308364977838609e-07,-0.986614454498258,0.32383168143018903,0.002079430597013432,61251,15,VFH,5s
-1,y_leads_x,9.68356310916999e-07,1.0423193587288782,0.29726364001999006,0.002079430597013432,61251,15,VFH,5s
1,x_leads_y,9.412732218367071e-07,1.0837158864945022,0.2784907895853297,0.002079430597013432,61251,15,VFH,5s
2,x_leads_y,-8.430133718373967e-07,-0.7821242248961703,0.4341415712375043,0.002079430597013432,61251,15,VFH,5s
3,x_leads_y,-2.1845592764795993e-06,-3.535553482636013,0.0004069218648927394,0.002079430597013432,61251,15,VFH,5s
4,x_leads_y,-4.606712600487465e-07,-0.7797746250206216,0.43552354481120337,0.002079430597013432,61251,15,VFH,5s
5,x_leads_y,7.484561701282852e-07,1.231751606921633,0.21804188555846515,0.002079430597013432,61251,15,VFH,5s
6,x_leads_y,2.7865557067424993e-07,0.45594659284543526,0.6484283835949645,0.002079430597013432,61251,15,VFH,5s
7,x_leads_y,-9.031371193249009e-07,-1.0693308624532032,0.2849206086444225,0.002079430597013432,61251,15,VFH,5s
8,x_leads_y,-8.61737644316549e-07,-1.1584660810493375,0.246673885829924,0.002079430597013432,61251,15,VFH,5s
9,x_leads_y,-2.4831054442034586e-07,-0.3695828802688579,0.7116933088838611,0.002079430597013432,61251,15,VFH,5s
10,x_leads_y,-9.727227271981348e-07,-3.2798035583162455,0.0010387938971362291,0.002079430597013432,61251,15,VFH,5s
-10,y_leads_x,2.0569322960673745e-07,0.19765436842811582,0.8433154939865694,0.004760366718079223,65879,15,VDE,5s
-9,y_leads_x,-7.326398853041741e-07,-0.6254423418090423,0.531680779601469,0.004760366718079223,65879,15,VDE,5s
-8,y_leads_x,-7.728304679356491e-07,-1.4729677349199193,0.14075973604353756,0.004760366718079223,65879,15,VDE,5s
-7,y_leads_x,-2.022170876723117e-06,-2.872853627191988,0.004067825378561913,0.004760366718079223,65879,15,VDE,5s
-6,y_leads_x,5.992911092433688e-07,1.076750521529637,0.2815917352029579,0.004760366718079223,65879,15,VDE,5s
-5,y_leads_x,1.2090577221107982e-06,1.1912358727587244,0.23356100052504958,0.004760366718079223,65879,15,VDE,5s
-4,y_leads_x,-1.4177844010397443e-06,-2.0140370499234206,0.04400564376021654,0.004760366718079223,65879,15,VDE,5s
-3,y_leads_x,-3.133284782456585e-06,-3.649745462406464,0.0002625002946432624,0.004760366718079223,65879,15,VDE,5s
-2,y_leads_x,1.3057635162903877e-06,1.0961116676783453,0.27302990921218484,0.004760366718079223,65879,15,VDE,5s
-1,y_leads_x,4.700590138742283e-06,3.666045357724457,0.00024633025309615434,0.004760366718079223,65879,15,VDE,5s
1,x_leads_y,4.5559771424834555e-06,3.559238663704006,0.00037193142754500617,0.004760366718079223,65879,15,VDE,5s
2,x_leads_y,1.2588159738359372e-06,1.0911072136901556,0.2752257090282155,0.004760366718079223,65879,15,VDE,5s
3,x_leads_y,-3.2802841536492717e-06,-3.1077222550754513,0.0018853516225202718,0.004760366718079223,65879,15,VDE,5s
4,x_leads_y,-1.2242827703496982e-06,-1.6625437351811907,0.09640380181221979,0.004760366718079223,65879,15,VDE,5s
5,x_leads_y,6.472043688984763e-07,0.5354316342845655,0.5923514201452362,0.004760366718079223,65879,15,VDE,5s
6,x_leads_y,5.578190346144293e-07,0.7665460053899685,0.4433514889575979,0.004760366718079223,65879,15,VDE,5s
7,x_leads_y,-2.1742585594182553e-06,-3.0443538442033864,0.0023318070144039316,0.004760366718079223,65879,15,VDE,5s
8,x_leads_y,-7.588431409988952e-07,-1.3639476888238014,0.17258403016658286,0.004760366718079223,65879,15,VDE,5s
9,x_leads_y,-4.893147544186314e-07,-0.394688858381572,0.6930725263399112,0.004760366718079223,65879,15,VDE,5s
10,x_leads_y,-2.1463965412471677e-07,-0.36274021897131736,0.7167989526686832,0.004760366718079223,65879,15,VDE,5s
-10,y_leads_x,3.534047956947987e-07,0.7685466213480795,0.4421625039368322,0.06704587369909554,54981,15,VDC,5s
-9,y_leads_x,9.07632606875923e-07,1.3318768521406665,0.1829006586556473,0.06704587369909554,54981,15,VDC,5s
-8,y_leads_x,-4.628649194838449e-07,-1.2836815088154419,0.1992534169946366,0.06704587369909554,54981,15,VDC,5s
-7,y_leads_x,1.2345876745339926e-07,0.21482703999667507,0.8299021701857955,0.06704587369909554,54981,15,VDC,5s
-6,y_leads_x,5.4356536887189204e-08,0.10840535827703351,0.9136741508958943,0.06704587369909554,54981,15,VDC,5s
-5,y_leads_x,-4.141794343066942e-07,-0.592166097183823,0.5537393694709494,0.06704587369909554,54981,15,VDC,5s
-4,y_leads_x,1.3613675822766415e-06,2.9361257178706124,0.0033233960409269725,0.06704587369909554,54981,15,VDC,5s
-3,y_leads_x,6.953880063609274e-07,1.0961541097564933,0.27301133832272706,0.06704587369909554,54981,15,VDC,5s
-2,y_leads_x,3.400983973262682e-06,9.430423190074817,4.084377213641398e-21,0.06704587369909554,54981,15,VDC,5s
-1,y_leads_x,1.0589784534794834e-05,15.817869984517207,2.342855688861853e-56,0.06704587369909554,54981,15,VDC,5s
1,x_leads_y,1.0558873440176462e-05,16.28937648174622,1.1742023607707492e-59,0.06704587369909554,54981,15,VDC,5s
2,x_leads_y,3.262033289804753e-06,8.768245950740159,1.8147108835311663e-18,0.06704587369909554,54981,15,VDC,5s
3,x_leads_y,6.615836997297382e-07,1.0590045921900966,0.2895976883427308,0.06704587369909554,54981,15,VDC,5s
4,x_leads_y,1.6035222307500898e-06,3.04282698789103,0.002343670370653134,0.06704587369909554,54981,15,VDC,5s
5,x_leads_y,-1.7744807150437493e-07,-0.2450334683413991,0.8064305171349694,0.06704587369909554,54981,15,VDC,5s
6,x_leads_y,2.9416552055033326e-08,0.05463871873844278,0.9564262917236084,0.06704587369909554,54981,15,VDC,5s
7,x_leads_y,-1.4649433666903622e-07,-0.2656994872186872,0.7904706583328751,0.06704587369909554,54981,15,VDC,5s
8,x_leads_y,-5.70837244493953e-07,-1.665270787973158,0.09585874379126372,0.06704587369909554,54981,15,VDC,5s
9,x_leads_y,6.338304752449908e-07,1.0160250174056653,0.30961747343608204,0.06704587369909554,54981,15,VDC,5s
10,x_leads_y,4.337704229244935e-07,0.9322819961906749,0.3511908095385432,0.06704587369909554,54981,15,VDC,5s
-10,y_leads_x,-1.0559067143155623e-06,-1.7320220274083398,0.08326964058396083,0.0029451747736667366,74249,16,VNQ,5s
-9,y_leads_x,-6.19608758666778e-07,-0.9816071818068957,0.3262934079894231,0.0029451747736667366,74249,16,VNQ,5s
-8,y_leads_x,-1.9540253209197505e-06,-2.034886382898254,0.0418623064592639,0.0029451747736667366,74249,16,VNQ,5s
-7,y_leads_x,-1.6271479016479714e-06,-2.4044709244104285,0.01619589452937623,0.0029451747736667366,74249,16,VNQ,5s
-6,y_leads_x,-4.523867632389633e-07,-0.8031540688469204,0.42188568956556893,0.0029451747736667366,74249,16,VNQ,5s
-5,y_leads_x,-7.868125249803617e-07,-0.8335333492022478,0.4045439976286346,0.0029451747736667366,74249,16,VNQ,5s
-4,y_leads_x,-1.2934984398567261e-06,-2.45233234661204,0.014193350263115313,0.0029451747736667366,74249,16,VNQ,5s
-3,y_leads_x,-3.125946238078011e-06,-4.062725655552122,4.8503022168408906e-05,0.0029451747736667366,74249,16,VNQ,5s
-2,y_leads_x,4.4221220449910986e-07,0.6068480624044085,0.5439517486147173,0.0029451747736667366,74249,16,VNQ,5s
-1,y_leads_x,6.38892922280055e-07,0.8276454588896017,0.4078713156238116,0.0029451747736667366,74249,16,VNQ,5s
1,x_leads_y,6.960782659412829e-07,0.9211692253693977,0.3569620827311013,0.0029451747736667366,74249,16,VNQ,5s
2,x_leads_y,3.423043606388415e-07,0.4720269551738444,0.6369075487029056,0.0029451747736667366,74249,16,VNQ,5s
3,x_leads_y,-3.082868510253867e-06,-4.050116572068854,5.1192125064272104e-05,0.0029451747736667366,74249,16,VNQ,5s
4,x_leads_y,-1.3480387420700824e-06,-2.5011627078846157,0.012378629257801485,0.0029451747736667366,74249,16,VNQ,5s
5,x_leads_y,-5.077261041724131e-07,-0.5601213724072996,0.575396653414922,0.0029451747736667366,74249,16,VNQ,5s
6,x_leads_y,-6.487999108103238e-07,-1.3099811758047353,0.19020220377230734,0.0029451747736667366,74249,16,VNQ,5s
7,x_leads_y,-1.3714087503215001e-06,-2.366578403581579,0.017953371132956718,0.0029451747736667366,74249,16,VNQ,5s
8,x_leads_y,-2.2196628433139825e-06,-2.3062389728873547,0.021097283018695102,0.0029451747736667366,74249,16,VNQ,5s
9,x_leads_y,-6.586168390894725e-07,-1.1390538068299139,0.25468071256291835,0.0029451747736667366,74249,16,VNQ,5s
10,x_leads_y,-1.0724319328730412e-06,-1.6334506817869034,0.10237424516885012,0.0029451747736667366,74249,16,VNQ,5s
-10,y_leads_x,1.5492711400888385e-07,0.31800150796117715,0.7504837930534186,0.006268603918165638,70783,16,VOX,5s
-9,y_leads_x,-8.981653761655378e-08,-0.12343169864131946,0.9017652571019669,0.006268603918165638,70783,16,VOX,5s
-8,y_leads_x,-2.2747328517634298e-07,-0.4917769769451304,0.6228770139218482,0.006268603918165638,70783,16,VOX,5s
-7,y_leads_x,2.3621060395812535e-07,0.3477061285857365,0.7280608935935865,0.006268603918165638,70783,16,VOX,5s
-6,y_leads_x,-2.734351132889938e-07,-0.6528268413412559,0.5138679173500891,0.006268603918165638,70783,16,VOX,5s
-5,y_leads_x,6.674760520710217e-07,1.407543244647893,0.15926636343961986,0.006268603918165638,70783,16,VOX,5s
-4,y_leads_x,3.8369712324290646e-08,0.10659840241012578,0.9151075860562985,0.006268603918165638,70783,16,VOX,5s
-3,y_leads_x,-1.2026874935320362e-06,-3.350480588189605,0.0008067146342512493,0.006268603918165638,70783,16,VOX,5s
-2,y_leads_x,6.901011133184075e-07,1.346743846247182,0.17806274557167368,0.006268603918165638,70783,16,VOX,5s
-1,y_leads_x,4.89249018183303e-06,4.731345523836351,2.230365112684279e-06,0.006268603918165638,70783,16,VOX,5s
1,x_leads_y,4.963659315674712e-06,4.844641994171387,1.2684017925492815e-06,0.006268603918165638,70783,16,VOX,5s
2,x_leads_y,6.43953122556695e-07,1.235439152803925,0.2166671088465344,0.006268603918165638,70783,16,VOX,5s
3,x_leads_y,-1.2462782667460014e-06,-3.3600295275964784,0.0007793414259078477,0.006268603918165638,70783,16,VOX,5s
4,x_leads_y,-2.3040728487268585e-07,-0.5304669090981587,0.5957882462266927,0.006268603918165638,70783,16,VOX,5s
5,x_leads_y,6.53702905070893e-07,1.1250996045627153,0.26054682887709313,0.006268603918165638,70783,16,VOX,5s
6,x_leads_y,-2.784825612713492e-07,-0.6291100878040207,0.5292769866515574,0.006268603918165638,70783,16,VOX,5s
7,x_leads_y,2.0423402384526567e-07,0.29122118427305127,0.7708821616868071,0.006268603918165638,70783,16,VOX,5s
8,x_leads_y,-3.0527285728483597e-07,-0.6470268613871253,0.5176145588664697,0.006268603918165638,70783,16,VOX,5s
9,x_leads_y,-1.3256517151103833e-07,-0.158067776653278,0.874403391861955,0.006268603918165638,70783,16,VOX,5s
10,x_leads_y,8.664168425869546e-07,1.1193457121124317,0.2629926813733492,0.006268603918165638,70783,16,VOX,5s
-10,y_leads_x,-8.974832228091029e-08,-0.17725472199008308,0.8593083141754547,0.006428707214907514,74120,16,VGT,5s
-9,y_leads_x,-7.423054507268525e-07,-1.0785182045994097,0.2808025620732384,0.006428707214907514,74120,16,VGT,5s
-8,y_leads_x,6.441770494093464e-08,0.09169410729626588,0.9269410793651924,0.006428707214907514,74120,16,VGT,5s
-7,y_leads_x,-4.646714272659122e-07,-0.5662347236685561,0.5712342279954662,0.006428707214907514,74120,16,VGT,5s
-6,y_leads_x,1.4042708937036222e-06,2.3477239564658325,0.01888851405458214,0.006428707214907514,74120,16,VGT,5s
-5,y_leads_x,1.2129198878711333e-06,1.9827231702684276,0.04739835999282842,0.006428707214907514,74120,16,VGT,5s
-4,y_leads_x,2.7136700413303437e-08,0.04851077220542826,0.961309179571996,0.006428707214907514,74120,16,VGT,5s
-3,y_leads_x,-5.246807398980736e-07,-0.7051891588470077,0.4806925270325738,0.006428707214907514,74120,16,VGT,5s
-2,y_leads_x,-6.575984988844319e-08,-0.11847640019787717,0.9056901932963636,0.006428707214907514,74120,16,VGT,5s
-1,y_leads_x,6.4028330016415085e-06,8.695086492727532,3.465656865839671e-18,0.006428707214907514,74120,16,VGT,5s
1,x_leads_y,6.398704966352258e-06,8.656616411157776,4.859747026292971e-18,0.006428707214907514,74120,16,VGT,5s
2,x_leads_y,-2.5878757436902263e-08,-0.04605360893286056,0.9632675214545442,0.006428707214907514,74120,16,VGT,5s
3,x_leads_y,-4.811317976834389e-07,-0.6685188571872805,0.5038024489348454,0.006428707214907514,74120,16,VGT,5s
4,x_leads_y,8.985283877698438e-08,0.16076221453278933,0.872280686507567,0.006428707214907514,74120,16,VGT,5s
5,x_leads_y,1.1909973064605812e-06,1.9558406174221827,0.050483932442168845,0.006428707214907514,74120,16,VGT,5s
6,x_leads_y,1.4297765780043353e-06,2.2763865981330755,0.02282288109537353,0.006428707214907514,74120,16,VGT,5s
7,x_leads_y,-2.787804253106374e-07,-0.3344858744137949,0.7380129482877991,0.006428707214907514,74120,16,VGT,5s
8,x_leads_y,1.7260938054155127e-07,0.25129125422334975,0.8015889363930837,0.006428707214907514,74120,16,VGT,5s
9,x_leads_y,-5.175156652496692e-07,-0.7554433736121048,0.4499829967910052,0.006428707214907514,74120,16,VGT,5s
10,x_leads_y,-5.126861874955258e-08,-0.12942207686205032,0.897023679777399,0.006428707214907514,74120,16,VGT,5s
-10,y_leads_x,2.2385095769206879e-07,0.5826105472645803,0.5601555035247471,0.0019510788802858947,115467,28,VFH,5s
-9,y_leads_x,1.3014800506730667e-07,0.29995425958424926,0.7642120455359467,0.0019510788802858947,115467,28,VFH,5s
-8,y_leads_x,8.529406533214225e-08,0.12804212267564696,0.8981156382992296,0.0019510788802858947,115467,28,VFH,5s
-7,y_leads_x,-2.658684687732177e-07,-0.4339144827569899,0.664350542371823,0.0019510788802858947,115467,28,VFH,5s
-6,y_leads_x,3.2142189100533525e-07,0.7645689593871854,0.4445282588002716,0.0019510788802858947,115467,28,VFH,5s
-5,y_leads_x,6.546913777699279e-07,1.5379706501531383,0.12405579117354011,0.0019510788802858947,115467,28,VFH,5s
-4,y_leads_x,-5.227610582675658e-07,-1.2396907113865694,0.21508981407739303,0.0019510788802858947,115467,28,VFH,5s
-3,y_leads_x,-2.3168299628701417e-06,-4.525399847558347,6.028142394727882e-06,0.0019510788802858947,115467,28,VFH,5s
-2,y_leads_x,-5.751418055704777e-07,-0.9425399626693959,0.3459162611367891,0.0019510788802858947,115467,28,VFH,5s
-1,y_leads_x,-4.2986184089058713e-07,-0.7627886392607217,0.44558945751539614,0.0019510788802858947,115467,28,VFH,5s
1,x_leads_y,-4.395017539187603e-07,-0.8112277771944131,0.4172348767321171,0.0019510788802858947,115467,28,VFH,5s
2,x_leads_y,-6.675971914191579e-07,-0.9747666596835044,0.3296760186624125,0.0019510788802858947,115467,28,VFH,5s
3,x_leads_y,-2.274604339589168e-06,-5.260010901180146,1.4404686161435545e-07,0.0019510788802858947,115467,28,VFH,5s
4,x_leads_y,-5.262176256357292e-07,-1.3607744900050087,0.17358496591184613,0.0019510788802858947,115467,28,VFH,5s
5,x_leads_y,6.818712526372e-07,1.7193056911822406,0.08555872422347768,0.0019510788802858947,115467,28,VFH,5s
6,x_leads_y,3.018653043308195e-07,0.7003601298208241,0.4837024288905859,0.0019510788802858947,115467,28,VFH,5s
7,x_leads_y,-2.561754108995674e-07,-0.3957220747458055,0.6923100687943982,0.0019510788802858947,115467,28,VFH,5s
8,x_leads_y,-9.230656053318696e-08,-0.14343203035196303,0.8859489879297677,0.0019510788802858947,115467,28,VFH,5s
9,x_leads_y,9.022448689851171e-08,0.21188092192845037,0.832199934783497,0.0019510788802858947,115467,28,VFH,5s
10,x_leads_y,-9.558500472240796e-07,-3.720759716403233,0.00019862435588612266,0.0019510788802858947,115467,28,VFH,5s
-10,y_leads_x,1.0015005937593324e-07,0.2667564832749035,0.7896566617331177,0.009287274452647654,103464,28,VIS,5s
-9,y_leads_x,8.0230271855555e-07,2.1118285021730476,0.03470116166219437,0.009287274452647654,103464,28,VIS,5s
-8,y_leads_x,8.241242278681579e-07,2.283749678798134,0.022386246592723827,0.009287274452647654,103464,28,VIS,5s
-7,y_leads_x,9.032780480058027e-07,1.2686563103756199,0.20456367118891683,0.009287274452647654,103464,28,VIS,5s
-6,y_leads_x,1.5418765100209208e-06,3.6844826279056617,0.0002291676542016642,0.009287274452647654,103464,28,VIS,5s
-5,y_leads_x,1.3440208628041013e-06,2.198641877605794,0.027903396770797922,0.009287274452647654,103464,28,VIS,5s
-4,y_leads_x,4.473394875999432e-07,0.9866736755742463,0.32380263914483376,0.009287274452647654,103464,28,VIS,5s
-3,y_leads_x,1.3868817837427546e-06,2.5201654265923166,0.011729969224187377,0.009287274452647654,103464,28,VIS,5s
-2,y_leads_x,3.0925481902189353e-06,4.579696335582744,4.656514972786304e-06,0.009287274452647654,103464,28,VIS,5s
-1,y_leads_x,2.0306646613907197e-06,1.7212331210081728,0.08520852989176506,0.009287274452647654,103464,28,VIS,5s
1,x_leads_y,2.002860275843488e-06,1.6852508778378719,0.09194017870794012,0.009287274452647654,103464,28,VIS,5s
2,x_leads_y,2.7976763436745078e-06,4.541846047440323,5.576375879839545e-06,0.009287274452647654,103464,28,VIS,5s
3,x_leads_y,1.2226815105570493e-06,2.078875244021451,0.03762881865859979,0.009287274452647654,103464,28,VIS,5s
4,x_leads_y,6.441262047307306e-07,1.326783837568625,0.18458019841422546,0.009287274452647654,103464,28,VIS,5s
5,x_leads_y,1.610024857861816e-06,2.236021176632198,0.02535038403040512,0.009287274452647654,103464,28,VIS,5s
6,x_leads_y,1.5202033905413727e-06,3.718221243225583,0.00020063052190397266,0.009287274452647654,103464,28,VIS,5s
7,x_leads_y,2.8717413636222503e-07,0.42437595846378895,0.6712916511746099,0.009287274452647654,103464,28,VIS,5s
8,x_leads_y,1.0226261962951536e-06,2.010410688506025,0.04438774015850906,0.009287274452647654,103464,28,VIS,5s
9,x_leads_y,1.0120325578048925e-06,2.1213853759258696,0.033889384913117986,0.009287274452647654,103464,28,VIS,5s
10,x_leads_y,-1.007017961566002e-09,-0.0027610073903870888,0.997797037629871,0.009287274452647654,103464,28,VIS,5s
-10,y_leads_x,2.332845394768321e-08,0.04448030060927468,0.9645215542701451,0.002699734262195941,70118,17,VFH,5s
-9,y_leads_x,3.513686703271179e-07,0.6320253187361379,0.5273703330611862,0.002699734262195941,70118,17,VFH,5s
-8,y_leads_x,2.432090774875561e-07,0.2353386974655611,0.8139458621705384,0.002699734262195941,70118,17,VFH,5s
-7,y_leads_x,-4.902113396972719e-07,-0.5704541931757086,0.5683696820785611,0.002699734262195941,70118,17,VFH,5s
-6,y_leads_x,-2.7529438581543968e-08,-0.055181315799004496,0.9559940140853286,0.002699734262195941,70118,17,VFH,5s
-5,y_leads_x,7.981423439582787e-07,1.3459767804018545,0.17831000504046557,0.002699734262195941,70118,17,VFH,5s
-4,y_leads_x,-3.007636293851662e-07,-0.5438669204501766,0.58653305385542,0.002699734262195941,70118,17,VFH,5s
-3,y_leads_x,-2.904798982473271e-06,-4.086619467862659,4.377041458767076e-05,0.002699734262195941,70118,17,VFH,5s
-2,y_leads_x,-1.3773822099823711e-06,-1.675663358756465,0.09380415076766156,0.002699734262195941,70118,17,VFH,5s
-1,y_leads_x,-2.801804931723519e-07,-0.36529226518380237,0.714893251566806,0.002699734262195941,70118,17,VFH,5s
1,x_leads_y,-2.8414384057284966e-07,-0.3911244739668049,0.6957052310900272,0.002699734262195941,70118,17,VFH,5s
2,x_leads_y,-1.3213876582005008e-06,-1.3797142984146777,0.16767462871148608,0.002699734262195941,70118,17,VFH,5s
3,x_leads_y,-2.823529513747835e-06,-5.065867582535637,4.0654445845238003e-07,0.002699734262195941,70118,17,VFH,5s
4,x_leads_y,-4.6928821297524945e-07,-0.9093596517585211,0.3631603125207685,0.002699734262195941,70118,17,VFH,5s
5,x_leads_y,1.1048476559489754e-06,2.0575851190723142,0.03962997633617249,0.002699734262195941,70118,17,VFH,5s
6,x_leads_y,1.856128761174604e-07,0.33222314075405335,0.7397207713734126,0.002699734262195941,70118,17,VFH,5s
7,x_leads_y,-6.165434758486993e-07,-0.7144606574309604,0.47494237556730423,0.002699734262195941,70118,17,VFH,5s
8,x_leads_y,-2.600268017002837e-07,-0.2723069910139294,0.7853859812154645,0.002699734262195941,70118,17,VFH,5s
9,x_leads_y,3.864281503101624e-07,0.7727049002399885,0.43969704595544257,0.002699734262195941,70118,17,VFH,5s
10,x_leads_y,-1.0618356142127416e-06,-4.264738470542868,2.001364874778332e-05,0.002699734262195941,70118,17,VFH,5s
-10,y_leads_x,3.59676084514763e-07,0.8415957101713483,0.4000142913145295,0.012844437026415245,63646,17,VIS,5s
-9,y_leads_x,1.0682610214666584e-06,2.105589272482861,0.03524004529808503,0.012844437026415245,63646,17,VIS,5s
-8,y_leads_x,7.006034198198271e-07,1.6764580936027813,0.09364849803574123,0.012844437026415245,63646,17,VIS,5s
-7,y_leads_x,1.0061612238469902e-06,0.9592441432237515,0.3374357671102075,0.012844437026415245,63646,17,VIS,5s
-6,y_leads_x,1.7493060016893247e-06,3.6590073644964085,0.00025319406495011195,0.012844437026415245,63646,17,VIS,5s
-5,y_leads_x,1.2279911186820696e-06,1.4440597828359598,0.14872215958829235,0.012844437026415245,63646,17,VIS,5s
-4,y_leads_x,3.7589508175350147e-07,0.6150773323579949,0.5385036510591317,0.012844437026415245,63646,17,VIS,5s
-3,y_leads_x,1.7731119897715574e-06,2.26223722216309,0.023682750731523233,0.012844437026415245,63646,17,VIS,5s
-2,y_leads_x,3.286518179022038e-06,3.6841782195126016,0.0002294416708424753,0.012844437026415245,63646,17,VIS,5s
-1,y_leads_x,3.211276800664621e-06,2.1818149645536282,0.029123191691814338,0.012844437026415245,63646,17,VIS,5s
1,x_leads_y,3.1435722930330614e-06,2.099603570341259,0.03576372844848197,0.012844437026415245,63646,17,VIS,5s
2,x_leads_y,3.1719544031373898e-06,3.6800578507031143,0.00023318104729552,0.012844437026415245,63646,17,VIS,5s
3,x_leads_y,1.684726046593263e-06,2.266263069494744,0.023435281128678764,0.012844437026415245,63646,17,VIS,5s
4,x_leads_y,5.153752647004824e-07,0.7764501600968082,0.43748323766541997,0.012844437026415245,63646,17,VIS,5s
5,x_leads_y,1.644397107308382e-06,1.5403445670407991,0.1234763857407274,0.012844437026415245,63646,17,VIS,5s
6,x_leads_y,1.7077967410129112e-06,3.9315342848417694,8.440545605243102e-05,0.012844437026415245,63646,17,VIS,5s
7,x_leads_y,3.2172298868094745e-07,0.3082200429784186,0.7579149022912919,0.012844437026415245,63646,17,VIS,5s
8,x_leads_y,9.69662340400248e-07,2.287103057979271,0.022189808445246855,0.012844437026415245,63646,17,VIS,5s
9,x_leads_y,1.316614703531663e-06,2.384661158394421,0.01709485864221037,0.012844437026415245,63646,17,VIS,5s
10,x_leads_y,-9.440040544061542e-08,-0.3951472625616989,0.6927342105371281,0.012844437026415245,63646,17,VIS,5s
-10,y_leads_x,2.6423382592846165e-07,0.40599782749466645,0.6847441966873626,0.05237364098549624,72278,17,VCR,5s
-9,y_leads_x,2.9781169243583576e-07,0.46256905524429637,0.6436732937279541,0.05237364098549624,72278,17,VCR,5s
-8,y_leads_x,9.378462794770234e-08,0.1524465126972138,0.8788347739263932,0.05237364098549624,72278,17,VCR,5s
-7,y_leads_x,6.089342124193196e-07,0.8658466002961799,0.3865742901733441,0.05237364098549624,72278,17,VCR,5s
-6,y_leads_x,5.293922807906495e-07,0.9340959409339873,0.35025440557055876,0.05237364098549624,72278,17,VCR,5s
-5,y_leads_x,3.0200578882339008e-06,4.865415909794636,1.1421636542323957e-06,0.05237364098549624,72278,17,VCR,5s
-4,y_leads_x,-3.040028071168883e-07,-0.4618203765667879,0.6442101371864133,0.05237364098549624,72278,17,VCR,5s
-3,y_leads_x,5.801142466427363e-07,0.7646083516911493,0.4445047944746847,0.05237364098549624,72278,17,VCR,5s
-2,y_leads_x,2.4214819311463785e-06,4.1902670220298575,2.7862637016389662e-05,0.05237364098549624,72278,17,VCR,5s
-1,y_leads_x,1.5316503790719157e-05,16.661707739533508,2.488172762119839e-62,0.05237364098549624,72278,17,VCR,5s
1,x_leads_y,1.5287763168195642e-05,16.746074219875485,6.048861461538085e-63,0.05237364098549624,72278,17,VCR,5s
2,x_leads_y,2.425227101970019e-06,4.114660985067628,3.8774886887468154e-05,0.05237364098549624,72278,17,VCR,5s
3,x_leads_y,6.304477880258288e-07,0.8417793413809345,0.39991147755907275,0.05237364098549624,72278,17,VCR,5s
4,x_leads_y,-3.1164430360947106e-07,-0.487397044334315,0.6259769877153385,0.05237364098549624,72278,17,VCR,5s
5,x_leads_y,2.9354922019030613e-06,5.074907322081331,3.876849118202456e-07,0.05237364098549624,72278,17,VCR,5s
6,x_leads_y,5.840394847321824e-07,1.0899149377606663,0.27575061584800853,0.05237364098549624,72278,17,VCR,5s
7,x_leads_y,6.407594802546806e-07,0.9187180917898267,0.35824304432931153,0.05237364098549624,72278,17,VCR,5s
8,x_leads_y,-2.048052218816657e-08,-0.03390254320018047,0.972954865174996,0.05237364098549624,72278,17,VCR,5s
9,x_leads_y,3.158169192812685e-07,0.5100533910861951,0.6100140573765434,0.05237364098549624,72278,17,VCR,5s
10,x_leads_y,-9.086951989211848e-08,-0.23410718464599095,0.8149017683650503,0.05237364098549624,72278,17,VCR,5s
-10,y_leads_x,-1.2059936916473655e-07,-0.14669108251012625,0.8833758575852195,0.004347167730342383,74527,17,VDE,5s
-9,y_leads_x,1.8465727612843127e-07,0.3275590553503177,0.7432450844008969,0.004347167730342383,74527,17,VDE,5s
-8,y_leads_x,-1.1316472837896437e-06,-2.7168099509817836,0.006591444477184827,0.004347167730342383,74527,17,VDE,5s
-7,y_leads_x,-8.879146818938189e-07,-1.074711760562768,0.2825037967410762,0.004347167730342383,74527,17,VDE,5s
-6,y_leads_x,1.2248922866522127e-06,2.5963595917895184,0.009421740437134082,0.004347167730342383,74527,17,VDE,5s
-5,y_leads_x,1.7383635325526786e-06,2.894164305561506,0.0038016917272724634,0.004347167730342383,74527,17,VDE,5s
-4,y_leads_x,-1.0436056461655473e-06,-1.4336709907899918,0.15166617429697635,0.004347167730342383,74527,17,VDE,5s
-3,y_leads_x,-2.7079043493585613e-06,-3.954684552476866,7.663569693554335e-05,0.004347167730342383,74527,17,VDE,5s
-2,y_leads_x,-8.245587304255884e-07,-0.9063650341817846,0.3647426736243913,0.004347167730342383,74527,17,VDE,5s
-1,y_leads_x,4.2100170390487595e-06,3.424608381344811,0.0006156862127995526,0.004347167730342383,74527,17,VDE,5s
1,x_leads_y,4.1839462043015575e-06,3.3954331505433664,0.0006852010422922804,0.004347167730342383,74527,17,VDE,5s
2,x_leads_y,-1.0090140621486324e-06,-0.989882846047779,0.3222313849333728,0.004347167730342383,74527,17,VDE,5s
3,x_leads_y,-2.5650039853040488e-06,-3.1317247121478844,0.0017378273923987103,0.004347167730342383,74527,17,VDE,5s
4,x_leads_y,-6.367775713465348e-07,-0.8571820114331334,0.3913443023868264,0.004347167730342383,74527,17,VDE,5s
5,x_leads_y,1.4920168457157838e-06,2.099242061795199,0.0357955679042294,0.004347167730342383,74527,17,VDE,5s
6,x_leads_y,1.569937569911088e-06,2.781426276563,0.005412062140751298,0.004347167730342383,74527,17,VDE,5s
7,x_leads_y,-9.95789274612067e-07,-1.2730268834941085,0.20300850237222856,0.004347167730342383,74527,17,VDE,5s
8,x_leads_y,-1.1090918056023094e-06,-2.441600059893993,0.014622335588367124,0.004347167730342383,74527,17,VDE,5s
9,x_leads_y,5.843511566766558e-07,0.9429631332369593,0.345699760446309,0.004347167730342383,74527,17,VDE,5s
10,x_leads_y,-3.5171193095170105e-07,-0.8341983763848587,0.40416920592333994,0.004347167730342383,74527,17,VDE,5s
-10,y_leads_x,2.1373814080808974e-07,0.4593857312630256,0.6459571929429873,0.0061123319025496725,75224,17,VOX,5s
-9,y_leads_x,-1.559126769035152e-07,-0.22391620111495764,0.822822509119481,0.0061123319025496725,75224,17,VOX,5s
-8,y_leads_x,-2.1873025492220812e-07,-0.5014765699239321,0.6160357633863673,0.0061123319025496725,75224,17,VOX,5s
-7,y_leads_x,3.003596303978081e-07,0.467417258709553,0.6402013771184427,0.0061123319025496725,75224,17,VOX,5s
-6,y_leads_x,-1.2376045397462024e-07,-0.2927257664835772,0.7697317733557052,0.0061123319025496725,75224,17,VOX,5s
-5,y_leads_x,4.670805644476349e-07,0.9440844759918376,0.34512648162864523,0.0061123319025496725,75224,17,VOX,5s
-4,y_leads_x,2.081557227141586e-08,0.06142714013104572,0.9510190384680726,0.0061123319025496725,75224,17,VOX,5s
-3,y_leads_x,-1.2188804683123226e-06,-3.616214812997127,0.00029894232791728893,0.0061123319025496725,75224,17,VOX,5s
-2,y_leads_x,6.046127544280241e-07,1.2304205481881365,0.21853966254822899,0.0061123319025496725,75224,17,VOX,5s
-1,y_leads_x,4.824470310064576e-06,4.937342958721255,7.919413158614486e-07,0.0061123319025496725,75224,17,VOX,5s
1,x_leads_y,4.8922742615441935e-06,5.052965611085444,4.350022439818529e-07,0.0061123319025496725,75224,17,VOX,5s
2,x_leads_y,5.544297900254171e-07,1.107177212559257,0.26821731769052637,0.0061123319025496725,75224,17,VOX,5s
3,x_leads_y,-1.2611144248987861e-06,-3.6142294829738484,0.00030124215853978033,0.0061123319025496725,75224,17,VOX,5s
4,x_leads_y,-1.8634178592636711e-07,-0.45458149533984943,0.6494103499524744,0.0061123319025496725,75224,17,VOX,5s
5,x_leads_y,4.374772290230478e-07,0.7377053094059349,0.4606935450178513,0.0061123319025496725,75224,17,VOX,5s
6,x_leads_y,-1.1772794494014589e-07,-0.2632845855701797,0.7923312396290522,0.0061123319025496725,75224,17,VOX,5s
7,x_leads_y,2.7489660378853147e-07,0.4140803778354663,0.6788152426700691,0.0061123319025496725,75224,17,VOX,5s
8,x_leads_y,-2.997913996868727e-07,-0.6731261696500834,0.5008670262864181,0.0061123319025496725,75224,17,VOX,5s
9,x_leads_y,-1.824791464450848e-07,-0.22869991591812086,0.8191021601452383,0.0061123319025496725,75224,17,VOX,5s
10,x_leads_y,8.687472624212297e-07,1.1678060797827636,0.24288499516437723,0.0061123319025496725,75224,17,VOX,5s
-10,y_leads_x,-1.497944879662936e-07,-0.3092099596449261,0.7571618181983792,0.006205148682059791,78769,17,VGT,5s
-9,y_leads_x,-6.973020547798513e-07,-1.0700696433079169,0.28458796204312353,0.006205148682059791,78769,17,VGT,5s
-8,y_leads_x,3.61933047874607e-08,0.054413632189388834,0.9566056180294641,0.006205148682059791,78769,17,VGT,5s
-7,y_leads_x,-2.6000978044213675e-07,-0.3274487581234147,0.7433284935518478,0.006205148682059791,78769,17,VGT,5s
-6,y_leads_x,1.3313504193766647e-06,2.3133961967162286,0.020700866008047387,0.006205148682059791,78769,17,VGT,5s
-5,y_leads_x,1.0351555160420031e-06,1.6927729446864554,0.0904986944113672,0.006205148682059791,78769,17,VGT,5s
-4,y_leads_x,-2.0451213489048704e-08,-0.038553214990614544,0.9692466035654389,0.006205148682059791,78769,17,VGT,5s
-3,y_leads_x,-7.93183684145146e-07,-1.0278361362276762,0.30402691481704847,0.006205148682059791,78769,17,VGT,5s
-2,y_leads_x,-1.801538631776532e-08,-0.0340652763887972,0.9728250978326005,0.006205148682059791,78769,17,VGT,5s
-1,y_leads_x,6.263885327486851e-06,8.837708296564232,9.770197027046996e-19,0.006205148682059791,78769,17,VGT,5s
1,x_leads_y,6.251438312221021e-06,8.750135116354773,2.1309744467065038e-18,0.006205148682059791,78769,17,VGT,5s
2,x_leads_y,8.515117073274489e-09,0.015921767068215718,0.9872968045934902,0.006205148682059791,78769,17,VGT,5s
3,x_leads_y,-7.586870327565041e-07,-1.005433689233296,0.31468806456709575,0.006205148682059791,78769,17,VGT,5s
4,x_leads_y,5.936406475750587e-08,0.11208934266382597,0.9107525674950656,0.006205148682059791,78769,17,VGT,5s
5,x_leads_y,9.923498980084663e-07,1.614397743064876,0.10644118095852136,0.006205148682059791,78769,17,VGT,5s
6,x_leads_y,1.320125884058306e-06,2.1632140643401594,0.030524719022552015,0.006205148682059791,78769,17,VGT,5s
7,x_leads_y,-6.76580121458243e-08,-0.08381926211054615,0.9332001329621078,0.006205148682059791,78769,17,VGT,5s
8,x_leads_y,1.714262534504719e-07,0.2643527794283027,0.7915080941328607,0.006205148682059791,78769,17,VGT,5s
9,x_leads_y,-4.454744613007406e-07,-0.6836231312840331,0.49421317430069645,0.006205148682059791,78769,17,VGT,5s
10,x_leads_y,-2.1975483822124166e-07,-0.51429521926649,0.6070456036519755,0.006205148682059791,78769,17,VGT,5s
-10,y_leads_x,-1.8785115785325966e-07,-0.32829986952906465,0.7426849428150146,0.06650734520713586,61433,17,VDC,5s
-9,y_leads_x,9.478239819103913e-07,1.662674544307642,0.09637760040071576,0.06650734520713586,61433,17,VDC,5s
-8,y_leads_x,-3.382395656881545e-07,-0.922137055355491,0.35645709061192654,0.06650734520713586,61433,17,VDC,5s
-7,y_leads_x,1.9510508818627308e-07,0.3267993273286615,0.7438196682380294,0.06650734520713586,61433,17,VDC,5s
-6,y_leads_x,-4.0589167606771243e-07,-0.5913524499555353,0.5542842932893202,0.06650734520713586,61433,17,VDC,5s
-5,y_leads_x,-6.163420053240683e-07,-1.5174578992292087,0.12915111524022596,0.06650734520713586,61433,17,VDC,5s
-4,y_leads_x,1.593945946763464e-06,2.8363657697595714,0.004563015465157194,0.06650734520713586,61433,17,VDC,5s
-3,y_leads_x,1.3396032415361982e-06,1.845620433089117,0.06494733751819466,0.06650734520713586,61433,17,VDC,5s
-2,y_leads_x,2.8597952882295887e-06,7.537328737839586,4.796959947336509e-14,0.06650734520713586,61433,17,VDC,5s
-1,y_leads_x,1.0428247631126871e-05,16.65640396157177,2.7188817157729975e-62,0.06650734520713586,61433,17,VDC,5s
1,x_leads_y,1.0461377304361694e-05,17.10340163556449,1.3998972026408823e-65,0.06650734520713586,61433,17,VDC,5s
2,x_leads_y,2.7573794259850865e-06,7.395791360453516,1.405685726314502e-13,0.06650734520713586,61433,17,VDC,5s
3,x_leads_y,1.3361594471461356e-06,1.8877523512701908,0.0590592046702537,0.06650734520713586,61433,17,VDC,5s
4,x_leads_y,1.718043082699162e-06,3.068565543395727,0.002150891402479532,0.06650734520713586,61433,17,VDC,5s
5,x_leads_y,-4.93334690078598e-07,-1.0222259986681874,0.3066739483960649,0.06650734520713586,61433,17,VDC,5s
6,x_leads_y,-3.927008301873024e-07,-0.5688860007620702,0.5694335063252899,0.06650734520713586,61433,17,VDC,5s
7,x_leads_y,-6.393158223184133e-12,-1.0879458526705576e-05,0.9999913194480118,0.06650734520713586,61433,17,VDC,5s
8,x_leads_y,-7.328230673726682e-07,-2.104335724303665,0.035349171896843966,0.06650734520713586,61433,17,VDC,5s
9,x_leads_y,7.937232901036307e-07,1.4751041471931003,0.1401845456611081,0.06650734520713586,61433,17,VDC,5s
10,x_leads_y,2.607633769009095e-07,0.6546378637437749,0.512700939790714,0.06650734520713586,61433,17,VDC,5s
-10,y_leads_x,1.9334391361049314e-07,0.4553121197333488,0.648884708236146,0.0018421851269810885,140422,34,VFH,5s
-9,y_leads_x,-2.3508688268165028e-07,-0.5691482889525058,0.5692555101162413,0.0018421851269810885,140422,34,VFH,5s
-8,y_leads_x,2.1639353152364706e-07,0.3702892431455492,0.7111669878381408,0.0018421851269810885,140422,34,VFH,5s
-7,y_leads_x,2.2606857566546792e-07,0.3230254478954835,0.7466759696819785,0.0018421851269810885,140422,34,VFH,5s
-6,y_leads_x,6.739002039343561e-07,1.3309875257724992,0.18319311550212125,0.0018421851269810885,140422,34,VFH,5s
-5,y_leads_x,4.5840460341484275e-07,1.1707130107502122,0.24171415367870264,0.0018421851269810885,140422,34,VFH,5s
-4,y_leads_x,-4.090241679037022e-07,-1.0490050817964576,0.294175779541593,0.0018421851269810885,140422,34,VFH,5s
-3,y_leads_x,-2.1812655518166095e-06,-4.924894159798528,8.440602748380012e-07,0.0018421851269810885,140422,34,VFH,5s
-2,y_leads_x,-5.494301279364688e-07,-1.0525859959549315,0.2925307782159202,0.0018421851269810885,140422,34,VFH,5s
-1,y_leads_x,-2.857314148284766e-08,-0.0515691357743266,0.9588720126879072,0.0018421851269810885,140422,34,VFH,5s
1,x_leads_y,-6.191114663577064e-08,-0.1170793890827635,0.9067971425237166,0.0018421851269810885,140422,34,VFH,5s
2,x_leads_y,-6.711609381263146e-07,-1.1701836836428159,0.2419270575118465,0.0018421851269810885,140422,34,VFH,5s
3,x_leads_y,-2.1662534435884466e-06,-5.684420167721328,1.3125721718322163e-08,0.0018421851269810885,140422,34,VFH,5s
4,x_leads_y,-4.0912019711506903e-07,-1.1064935558020481,0.26851295173187617,0.0018421851269810885,140422,34,VFH,5s
5,x_leads_y,4.7155675938806504e-07,1.2479574975294394,0.21204662251440298,0.0018421851269810885,140422,34,VFH,5s
6,x_leads_y,6.778372168382804e-07,1.2873933306276455,0.19795722775716718,0.0018421851269810885,140422,34,VFH,5s
7,x_leads_y,2.3849989046308964e-07,0.3302374939230657,0.7412205184226293,0.0018421851269810885,140422,34,VFH,5s
8,x_leads_y,1.2440225423319026e-07,0.21445847675157548,0.8301895443890227,0.0018421851269810885,140422,34,VFH,5s
9,x_leads_y,-1.709998446162157e-07,-0.42711850235445165,0.6692930171578582,0.0018421851269810885,140422,34,VFH,5s
10,x_leads_y,-9.289955282494933e-07,-3.221519906154541,0.0012751260420254366,0.0018421851269810885,140422,34,VFH,5s
-10,y_leads_x,1.5568399875237863e-06,2.4610307388407295,0.013853849597872074,0.06881891751107305,49341,11,VCR,5s
-9,y_leads_x,-4.2805817996624436e-08,-0.04896721307331441,0.9609454247582797,0.06881891751107305,49341,11,VCR,5s
-8,y_leads_x,-1.6316662343269176e-08,-0.0213372002141272,0.9829766691075084,0.06881891751107305,49341,11,VCR,5s
-7,y_leads_x,-5.659627050159587e-07,-0.7512650486043185,0.4524931593095254,0.06881891751107305,49341,11,VCR,5s
-6,y_leads_x,2.400661255559251e-06,3.3576100594071083,0.0007861943743630532,0.06881891751107305,49341,11,VCR,5s
-5,y_leads_x,2.8277759144480986e-06,3.6397719614810544,0.00027287959500835364,0.06881891751107305,49341,11,VCR,5s
-4,y_leads_x,-1.9483581657197827e-07,-0.24622874012689938,0.8055051688917608,0.06881891751107305,49341,11,VCR,5s
-3,y_leads_x,1.5963612719469308e-06,1.730628545465561,0.08351803703778808,0.06881891751107305,49341,11,VCR,5s
-2,y_leads_x,3.0189682587236716e-06,1.6421171109948225,0.10056573622766271,0.06881891751107305,49341,11,VCR,5s
-1,y_leads_x,1.9345080962141896e-05,15.681887608013826,2.0118548170830955e-55,0.06881891751107305,49341,11,VCR,5s
1,x_leads_y,1.923396468140867e-05,15.149278799740012,7.660258033719836e-52,0.06881891751107305,49341,11,VCR,5s
2,x_leads_y,3.0858419037056757e-06,1.6806832505108025,0.09282445568436412,0.06881891751107305,49341,11,VCR,5s
3,x_leads_y,1.5876541840750798e-06,1.741569642119534,0.08158377728662007,0.06881891751107305,49341,11,VCR,5s
4,x_leads_y,-4.2045319513879697e-07,-0.4965802257965859,0.6194851004477059,0.06881891751107305,49341,11,VCR,5s
5,x_leads_y,2.725263243741094e-06,3.814817582205858,0.00013628356843571764,0.06881891751107305,49341,11,VCR,5s
6,x_leads_y,2.437627690007218e-06,3.6350194639631135,0.00027795964917432556,0.06881891751107305,49341,11,VCR,5s
7,x_leads_y,-5.769609818914601e-07,-0.8017761983063584,0.4226824292241451,0.06881891751107305,49341,11,VCR,5s
8,x_leads_y,1.9899706460566818e-08,0.027335803164701192,0.9781919007345377,0.06881891751107305,49341,11,VCR,5s
9,x_leads_y,-2.1109529736819672e-07,-0.22130389297748576,0.8248558189729598,0.06881891751107305,49341,11,VCR,5s
10,x_leads_y,2.1060160186430756e-06,2.016205675570592,0.043778473201033265,0.06881891751107305,49341,11,VCR,5s
-10,y_leads_x,8.218243751198523e-07,1.4281287230831525,0.15325481149104722,0.05851269108072821,84906,19,VCR,5s
-9,y_leads_x,-2.5397641280855357e-07,-0.4165789581336697,0.6769864029090696,0.05851269108072821,84906,19,VCR,5s
-8,y_leads_x,2.2253834317276172e-07,0.4085679212043408,0.6828567761363686,0.05851269108072821,84906,19,VCR,5s
-7,y_leads_x,-3.3521858498398913e-07,-0.6378141621964928,0.5235946594781193,0.05851269108072821,84906,19,VCR,5s
-6,y_leads_x,1.7942906775706616e-06,3.271702021832037,0.0010690218201215948,0.05851269108072821,84906,19,VCR,5s
-5,y_leads_x,2.0684577651035567e-06,3.4781613351217664,0.000504865956097936,0.05851269108072821,84906,19,VCR,5s
-4,y_leads_x,3.2787348924970715e-07,0.5941400212078454,0.5524184649854367,0.05851269108072821,84906,19,VCR,5s
-3,y_leads_x,1.203402722988267e-06,1.8480469330526514,0.06459555361835974,0.05851269108072821,84906,19,VCR,5s
-2,y_leads_x,3.0403884743644063e-06,2.4499164862447067,0.014288935193456373,0.05851269108072821,84906,19,VCR,5s
-1,y_leads_x,1.59228482463456e-05,14.568563594420123,4.4515268491275595e-48,0.05851269108072821,84906,19,VCR,5s
1,x_leads_y,1.5796392804241007e-05,14.135826117809541,2.2843740215743068e-45,0.05851269108072821,84906,19,VCR,5s
2,x_leads_y,3.081032330433911e-06,2.492365108778172,0.01268955205887101,0.05851269108072821,84906,19,VCR,5s
3,x_leads_y,1.2205417401715803e-06,1.8960761838035203,0.05794997133734604,0.05851269108072821,84906,19,VCR,5s
4,x_leads_y,1.5774286413988232e-07,0.27071489281613603,0.7866103215803077,0.05851269108072821,84906,19,VCR,5s
5,x_leads_y,2.0208652801893392e-06,3.6301805931332085,0.00028322298879859977,0.05851269108072821,84906,19,VCR,5s
6,x_leads_y,1.86989253552504e-06,3.5539110539417957,0.0003795475549631435,0.05851269108072821,84906,19,VCR,5s
7,x_leads_y,-3.7833804919161235e-07,-0.7522897957710541,0.4518768030272705,0.05851269108072821,84906,19,VCR,5s
8,x_leads_y,2.0992969912974453e-07,0.4098375880406056,0.6819250909678252,0.05851269108072821,84906,19,VCR,5s
9,x_leads_y,-3.5204233519024214e-07,-0.5422882184291343,0.5876199705362941,0.05851269108072821,84906,19,VCR,5s
10,x_leads_y,1.149077946323438e-06,1.8119922119187353,0.06998739988864996,0.05851269108072821,84906,19,VCR,5s
-10,y_leads_x,4.321343109900266e-07,1.1182327701526167,0.2634675917852436,0.006329599047323886,67208,15,VOX,5s
-9,y_leads_x,-4.668990964372799e-07,-0.9021521294047271,0.3669760602546206,0.006329599047323886,67208,15,VOX,5s
-8,y_leads_x,-7.481405579493622e-07,-1.4710725947379353,0.14127148553385557,0.006329599047323886,67208,15,VOX,5s
-7,y_leads_x,-5.773902744806855e-07,-1.6840571065185124,0.09217063286793065,0.006329599047323886,67208,15,VOX,5s
-6,y_leads_x,1.7104359573168147e-06,3.1793474362352874,0.0014760704912604164,0.006329599047323886,67208,15,VOX,5s
-5,y_leads_x,1.1790746784532307e-06,1.7745164652195704,0.0759777610380254,0.006329599047323886,67208,15,VOX,5s
-4,y_leads_x,-1.8909414710487308e-06,-3.129116172440922,0.0017533297313700813,0.006329599047323886,67208,15,VOX,5s
-3,y_leads_x,-3.30495023181282e-07,-0.6019406130293303,0.5472136689570251,0.006329599047323886,67208,15,VOX,5s
-2,y_leads_x,1.0810194493896406e-07,0.1590191505088881,0.8736537858887805,0.006329599047323886,67208,15,VOX,5s
-1,y_leads_x,5.509681413196179e-06,4.5323234195018065,5.833843796988463e-06,0.006329599047323886,67208,15,VOX,5s
1,x_leads_y,5.548067916421848e-06,4.64227833457697,3.445882364203084e-06,0.006329599047323886,67208,15,VOX,5s
2,x_leads_y,4.300737546114101e-08,0.06301560648726527,0.9497540768403646,0.006329599047323886,67208,15,VOX,5s
3,x_leads_y,-3.493558313668611e-07,-0.6406553842615225,0.5217466073789829,0.006329599047323886,67208,15,VOX,5s
4,x_leads_y,-1.9322666031321505e-06,-3.2782679003271706,0.0010444621797057417,0.006329599047323886,67208,15,VOX,5s
5,x_leads_y,1.0708739693406804e-06,1.6011770520799309,0.10933770998742601,0.006329599047323886,67208,15,VOX,5s
6,x_leads_y,1.691373763797514e-06,3.0625599425819985,0.002194525180842187,0.006329599047323886,67208,15,VOX,5s
7,x_leads_y,-4.308037719480936e-07,-1.3906860596669552,0.16432064669746682,0.006329599047323886,67208,15,VOX,5s
8,x_leads_y,-7.683918118553631e-07,-1.5665159419923484,0.11722787938707156,0.006329599047323886,67208,15,VOX,5s
9,x_leads_y,-1.646712996801007e-07,-0.3481537792541838,0.7277246976404217,0.006329599047323886,67208,15,VOX,5s
10,x_leads_y,8.535068241869538e-08,0.20924406795361464,0.8342577124929996,0.006329599047323886,67208,15,VOX,5s
-10,y_leads_x,-2.770505319721314e-07,-0.46018141436387927,0.6453860102268478,0.001636407233602366,171193,37,VNQ,5s
-9,y_leads_x,1.558696065119286e-07,0.31417870103380285,0.7533853183780606,0.001636407233602366,171193,37,VNQ,5s
-8,y_leads_x,-4.143696926865748e-07,-0.597907450729988,0.5499016881138306,0.001636407233602366,171193,37,VNQ,5s
-7,y_leads_x,-2.5925735524489437e-07,-0.4152009828843959,0.6779947793560412,0.001636407233602366,171193,37,VNQ,5s
-6,y_leads_x,1.4450949101304544e-06,2.5643936503993463,0.01033562481430776,0.001636407233602366,171193,37,VNQ,5s
-5,y_leads_x,7.2627604878913e-07,1.1060299016196273,0.2687135772589425,0.001636407233602366,171193,37,VNQ,5s
-4,y_leads_x,-8.470406211416999e-07,-1.3108325131601648,0.1899143553320939,0.001636407233602366,171193,37,VNQ,5s
-3,y_leads_x,-1.2592436828970956e-06,-1.5625233344680396,0.11816475317117471,0.001636407233602366,171193,37,VNQ,5s
-2,y_leads_x,1.909010526592543e-06,2.9630891517469955,0.003045683430393029,0.001636407233602366,171193,37,VNQ,5s
-1,y_leads_x,1.2958587988053352e-06,1.83056745873897,0.06716512934866091,0.001636407233602366,171193,37,VNQ,5s
1,x_leads_y,1.322167238158297e-06,1.8985442478705836,0.05762442473485168,0.001636407233602366,171193,37,VNQ,5s
2,x_leads_y,1.8853542744118623e-06,2.9135947494921486,0.0035729339283522787,0.001636407233602366,171193,37,VNQ,5s
3,x_leads_y,-1.272198250367615e-06,-1.592388552697168,0.11129742675040274,0.001636407233602366,171193,37,VNQ,5s
4,x_leads_y,-1.006164812190693e-06,-1.557773510468737,0.11928694752158898,0.001636407233602366,171193,37,VNQ,5s
5,x_leads_y,7.200113620195663e-07,1.092951611263494,0.274415045939816,0.001636407233602366,171193,37,VNQ,5s
6,x_leads_y,1.1874770663832986e-06,1.9502141979287348,0.05115059424931057,0.001636407233602366,171193,37,VNQ,5s
7,x_leads_y,-5.931582562837736e-07,-0.9854336165564388,0.3244111239867803,0.001636407233602366,171193,37,VNQ,5s
8,x_leads_y,-3.156414269301295e-07,-0.41650518250275137,0.677040375884792,0.001636407233602366,171193,37,VNQ,5s
9,x_leads_y,-1.0593363501688073e-07,-0.20652243636253978,0.8363828407970335,0.001636407233602366,171193,37,VNQ,5s
10,x_leads_y,-6.969156877513558e-08,-0.10049478837055217,0.9199515201715186,0.001636407233602366,171193,37,VNQ,5s
-10,y_leads_x,7.377212704147234e-07,0.7757084861177617,0.4379211281507567,0.009398322379248536,45455,11,VPU,5s
-9,y_leads_x,-9.857371097988696e-07,-1.7894085388189793,0.07354904517128819,0.009398322379248536,45455,11,VPU,5s
-8,y_leads_x,8.367139185472134e-07,1.1372512482364572,0.25543326860982174,0.009398322379248536,45455,11,VPU,5s
-7,y_leads_x,4.6702737738299895e-07,0.836000499523424,0.40315462203926145,0.009398322379248536,45455,11,VPU,5s
-6,y_leads_x,5.855042720920732e-07,0.8532942647478537,0.3934961397685023,0.009398322379248536,45455,11,VPU,5s
-5,y_leads_x,1.8718057231237269e-06,2.326998757812983,0.01996533136268126,0.009398322379248536,45455,11,VPU,5s
-4,y_leads_x,6.472752983328491e-07,0.8372569823206422,0.402448133861534,0.009398322379248536,45455,11,VPU,5s
-3,y_leads_x,-3.4628296519589893e-07,-0.5600662435048396,0.5754342543994609,0.009398322379248536,45455,11,VPU,5s
-2,y_leads_x,3.057415618700208e-06,5.252961768412161,1.496726137102441e-07,0.009398322379248536,45455,11,VPU,5s
-1,y_leads_x,5.637587205628178e-06,2.465760692923589,0.013672264406189216,0.009398322379248536,45455,11,VPU,5s
1,x_leads_y,5.625294391831458e-06,2.4831071226346118,0.013024191451480153,0.009398322379248536,45455,11,VPU,5s
2,x_leads_y,3.0181626397881682e-06,5.229735853990707,1.6975240887666422e-07,0.009398322379248536,45455,11,VPU,5s
3,x_leads_y,-1.445076265306715e-07,-0.23241442428668438,0.8162161466650653,0.009398322379248536,45455,11,VPU,5s
4,x_leads_y,7.646787722469355e-07,0.9277508567502724,0.35353682113904306,0.009398322379248536,45455,11,VPU,5s
5,x_leads_y,1.5051142945538337e-06,1.7684018290126173,0.07699375102998397,0.009398322379248536,45455,11,VPU,5s
6,x_leads_y,9.166455673107399e-07,1.4972679534929811,0.1343235499213672,0.009398322379248536,45455,11,VPU,5s
7,x_leads_y,4.578114733136935e-07,0.7747560467555893,0.43848382585246104,0.009398322379248536,45455,11,VPU,5s
8,x_leads_y,1.1148274430458334e-06,1.6764413273371481,0.09365177965081309,0.009398322379248536,45455,11,VPU,5s
9,x_leads_y,-8.02595933979935e-07,-1.4704860384755636,0.14143016422662663,0.009398322379248536,45455,11,VPU,5s
10,x_leads_y,-6.213016109519616e-08,-0.05625481358202256,0.9551388153334606,0.009398322379248536,45455,11,VPU,5s
-10,y_leads_x,-1.4109218745200986e-07,-0.39284082322120994,0.6944370510242592,0.012731390636422701,45328,11,VHT,5s
-9,y_leads_x,3.6488295797021475e-08,0.06069647304778862,0.9516009406042137,0.012731390636422701,45328,11,VHT,5s
-8,y_leads_x,-6.244546421341229e-07,-1.0539967856191583,0.29188438878807677,0.012731390636422701,45328,11,VHT,5s
-7,y_leads_x,8.617567253816871e-07,1.7964162017045349,0.072428349034294,0.012731390636422701,45328,11,VHT,5s
-6,y_leads_x,5.736353814609867e-07,0.92310781504094,0.3559510223787381,0.012731390636422701,45328,11,VHT,5s
-5,y_leads_x,1.0998554426063397e-07,0.1710632798881256,0.8641740086382244,0.012731390636422701,45328,11,VHT,5s
-4,y_leads_x,4.012372461156208e-07,0.7145042175670562,0.4749154491329737,0.012731390636422701,45328,11,VHT,5s
-3,y_leads_x,1.7821691474678807e-07,0.41844397799514776,0.6756225382685626,0.012731390636422701,45328,11,VHT,5s
-2,y_leads_x,5.750314496906277e-07,0.8071823510623698,0.4195614323235102,0.012731390636422701,45328,11,VHT,5s
-1,y_leads_x,6.2765495991710905e-06,10.66348140902441,1.508429991771661e-26,0.012731390636422701,45328,11,VHT,5s
1,x_leads_y,6.274643205127573e-06,10.60938212258607,2.695254924985956e-26,0.012731390636422701,45328,11,VHT,5s
2,x_leads_y,5.914768963059458e-07,0.8142854771675111,0.41548142749945705,0.012731390636422701,45328,11,VHT,5s
3,x_leads_y,2.2937143589449486e-07,0.4714572492979367,0.6373142416828722,0.012731390636422701,45328,11,VHT,5s
4,x_leads_y,4.78937192797994e-07,0.8348596877642529,0.4037967144708273,0.012731390636422701,45328,11,VHT,5s
5,x_leads_y,2.4444973520006245e-07,0.3981234035056928,0.6905392237681389,0.012731390636422701,45328,11,VHT,5s
6,x_leads_y,4.3762526515420866e-07,0.651678839884262,0.5146083758418509,0.012731390636422701,45328,11,VHT,5s
7,x_leads_y,9.816389287046313e-07,2.6028934586868515,0.009244067562665641,0.012731390636422701,45328,11,VHT,5s
8,x_leads_y,-4.5279635264640645e-07,-0.7478826107031767,0.4545309672628989,0.012731390636422701,45328,11,VHT,5s
9,x_leads_y,-3.1772022088584924e-08,-0.0584167861144481,0.9534166442189582,0.012731390636422701,45328,11,VHT,5s
10,x_leads_y,-6.994655897773186e-08,-0.22099665254997644,0.825095039423651,0.012731390636422701,45328,11,VHT,5s
-10,y_leads_x,-1.2525454802430727e-06,-1.9713708465511337,0.04868147315818976,0.004412315706950887,87070,19,VNQ,5s
-9,y_leads_x,-8.185387733275138e-07,-1.5106559279296723,0.13087613660733205,0.004412315706950887,87070,19,VNQ,5s
-8,y_leads_x,-3.3818866585878687e-06,-2.368582965212033,0.017856375015883663,0.004412315706950887,87070,19,VNQ,5s
-7,y_leads_x,-8.979268395264188e-07,-1.0548655035294994,0.29148684122200574,0.004412315706950887,87070,19,VNQ,5s
-6,y_leads_x,-5.207524914350861e-07,-1.1191031575246695,0.26309613296289713,0.004412315706950887,87070,19,VNQ,5s
-5,y_leads_x,5.491704256131606e-07,0.3445979388224953,0.7303966555670647,0.004412315706950887,87070,19,VNQ,5s
-4,y_leads_x,-1.1916229841143688e-06,-2.4832893572993173,0.01301752980196997,0.004412315706950887,87070,19,VNQ,5s
-3,y_leads_x,-3.7518755669232533e-06,-3.923175430115923,8.738946969198679e-05,0.004412315706950887,87070,19,VNQ,5s
-2,y_leads_x,-1.045938881384294e-06,-0.6791980851365849,0.4970123604361595,0.004412315706950887,87070,19,VNQ,5s
-1,y_leads_x,2.3570772655398437e-07,0.29706369291042095,0.7664178826702606,0.004412315706950887,87070,19,VNQ,5s
1,x_leads_y,2.758457129487246e-07,0.35310601344610704,0.7240089648308292,0.004412315706950887,87070,19,VNQ,5s
2,x_leads_y,-1.176725011894919e-06,-0.7617938058987562,0.4461830778358221,0.004412315706950887,87070,19,VNQ,5s
3,x_leads_y,-3.6993541595152103e-06,-3.935240797396271,8.311332238449898e-05,0.004412315706950887,87070,19,VNQ,5s
4,x_leads_y,-1.3093593250966548e-06,-2.745472894823811,0.006042375864054794,0.004412315706950887,87070,19,VNQ,5s
5,x_leads_y,6.542817959805066e-07,0.4271103944750007,0.6692989223478973,0.004412315706950887,87070,19,VNQ,5s
6,x_leads_y,-6.290634126988157e-07,-1.5173729313259399,0.12917255414931925,0.004412315706950887,87070,19,VNQ,5s
7,x_leads_y,-7.00385040200563e-07,-0.9322256585859784,0.3512199178076161,0.004412315706950887,87070,19,VNQ,5s
8,x_leads_y,-3.5884465665521354e-06,-2.6143128291215403,0.008940713283978025,0.004412315706950887,87070,19,VNQ,5s
9,x_leads_y,-7.620309551365702e-07,-1.5555493981082729,0.11981527941643146,0.004412315706950887,87070,19,VNQ,5s
10,x_leads_y,-1.1362402889056098e-06,-1.716800209013246,0.08601568276399162,0.004412315706950887,87070,19,VNQ,5s
-10,y_leads_x,-1.3951975161066439e-06,-2.140805033175435,0.03228976391703398,0.003738510357561009,69619,15,VNQ,5s
-9,y_leads_x,-1.0849803525732383e-06,-1.5014922587622408,0.13322828744604212,0.003738510357561009,69619,15,VNQ,5s
-8,y_leads_x,-2.490735002545096e-06,-2.185968641731244,0.028817899616930244,0.003738510357561009,69619,15,VNQ,5s
-7,y_leads_x,-1.7002892136205376e-06,-2.236861157512953,0.02529541591217133,0.003738510357561009,69619,15,VNQ,5s
-6,y_leads_x,-8.212039484379883e-07,-1.402543673201932,0.1607529584830446,0.003738510357561009,69619,15,VNQ,5s
-5,y_leads_x,-7.116064509087988e-07,-0.7255255792328501,0.46812965830232667,0.003738510357561009,69619,15,VNQ,5s
-4,y_leads_x,-1.924942493060525e-06,-2.909808014275127,0.0036165083427844576,0.003738510357561009,69619,15,VNQ,5s
-3,y_leads_x,-2.9459537510323167e-06,-3.3025499162218104,0.0009581003386978456,0.003738510357561009,69619,15,VNQ,5s
-2,y_leads_x,4.950817619794175e-07,0.612208825223714,0.5403996033712961,0.003738510357561009,69619,15,VNQ,5s
-1,y_leads_x,1.1696793474952777e-06,1.6038713431816014,0.10874241466278509,0.003738510357561009,69619,15,VNQ,5s
1,x_leads_y,1.2105039419935452e-06,1.7141644128741165,0.08649853466604089,0.003738510357561009,69619,15,VNQ,5s
2,x_leads_y,3.7810382923080356e-07,0.4740942255398275,0.6354327162068283,0.003738510357561009,69619,15,VNQ,5s
3,x_leads_y,-2.842401803141543e-06,-3.2183712957748614,0.0012892081374951093,0.003738510357561009,69619,15,VNQ,5s
4,x_leads_y,-2.033621192225057e-06,-2.957234438149378,0.003104120074866387,0.003738510357561009,69619,15,VNQ,5s
5,x_leads_y,-5.738601144422288e-07,-0.6320860005706488,0.5273306824701072,0.003738510357561009,69619,15,VNQ,5s
6,x_leads_y,-1.007418002163752e-06,-1.769190961428797,0.07686201205621825,0.003738510357561009,69619,15,VNQ,5s
7,x_leads_y,-1.859031172331745e-06,-2.7521743633501576,0.005920099078674918,0.003738510357561009,69619,15,VNQ,5s
8,x_leads_y,-2.8999516067032e-06,-2.367215916254249,0.01792247343139534,0.003738510357561009,69619,15,VNQ,5s
9,x_leads_y,-1.1259315495769794e-06,-1.4594764716219726,0.1444340118436296,0.003738510357561009,69619,15,VNQ,5s
10,x_leads_y,-1.4218935210153586e-06,-1.6978259962138798,0.08954060788230897,0.003738510357561009,69619,15,VNQ,5s
-10,y_leads_x,1.9920456407949862e-07,0.29102591765519703,0.7710314975792785,0.05300470644927924,68084,16,VCR,5s
-9,y_leads_x,2.1983248145465553e-07,0.3228658621799712,0.7467968308938024,0.05300470644927924,68084,16,VCR,5s
-8,y_leads_x,7.158951933424582e-08,0.11061904151968951,0.9119184472076015,0.05300470644927924,68084,16,VCR,5s
-7,y_leads_x,8.897994470443545e-07,1.3230165857175966,0.18582986226065024,0.05300470644927924,68084,16,VCR,5s
-6,y_leads_x,4.036545051682566e-07,0.697842347473809,0.48527579246917973,0.05300470644927924,68084,16,VCR,5s
-5,y_leads_x,3.416342107550771e-06,6.518104292988403,7.120148233167186e-11,0.05300470644927924,68084,16,VCR,5s
-4,y_leads_x,-4.2388962566585147e-07,-0.6126147277364671,0.540131117694979,0.05300470644927924,68084,16,VCR,5s
-3,y_leads_x,6.21317154052493e-07,0.77125022176722,0.4405586312935579,0.05300470644927924,68084,16,VCR,5s
-2,y_leads_x,2.470236708357592e-06,4.030580579569605,5.563925010605019e-05,0.05300470644927924,68084,16,VCR,5s
-1,y_leads_x,1.538684806638339e-05,15.859784435667674,1.203061060673158e-56,0.05300470644927924,68084,16,VCR,5s
1,x_leads_y,1.536106756550954e-05,15.947656992176938,2.9578754089720496e-57,0.05300470644927924,68084,16,VCR,5s
2,x_leads_y,2.4635942096556383e-06,3.939171802248371,8.176336689592485e-05,0.05300470644927924,68084,16,VCR,5s
3,x_leads_y,6.749245560132036e-07,0.8504382048783324,0.39508150295382605,0.05300470644927924,68084,16,VCR,5s
4,x_leads_y,-4.089818151821464e-07,-0.606800528490592,0.5439832973725205,0.05300470644927924,68084,16,VCR,5s
5,x_leads_y,3.3034435990587424e-06,6.730868718807067,1.686530857168588e-11,0.05300470644927924,68084,16,VCR,5s
6,x_leads_y,4.647722263318218e-07,0.8491145788565275,0.3958175388611822,0.05300470644927924,68084,16,VCR,5s
7,x_leads_y,8.476995789378831e-07,1.2114703725054736,0.2257151829096008,0.05300470644927924,68084,16,VCR,5s
8,x_leads_y,4.931558382804318e-08,0.07728731848361674,0.9383949791148172,0.05300470644927924,68084,16,VCR,5s
9,x_leads_y,2.0562487837884737e-07,0.3168552287860059,0.7513534551048545,0.05300470644927924,68084,16,VCR,5s
10,x_leads_y,-8.244847652083842e-08,-0.20749247368360235,0.8356252699104221,0.05300470644927924,68084,16,VCR,5s
-10,y_leads_x,-1.0604477842413087e-07,-0.1925311802140659,0.847326146474871,0.003396295197040433,121149,28,VDE,5s
-9,y_leads_x,6.432205529153036e-08,0.11674379774288562,0.9070630819738404,0.003396295197040433,121149,28,VDE,5s
-8,y_leads_x,-8.269699225804991e-07,-1.6212232516755993,0.1049697678400787,0.003396295197040433,121149,28,VDE,5s
-7,y_leads_x,-8.952594502648245e-07,-1.5900620791689444,0.1118208125625675,0.003396295197040433,121149,28,VDE,5s
-6,y_leads_x,2.1909865305215116e-07,0.3851356991698602,0.700136880073509,0.003396295197040433,121149,28,VDE,5s
-5,y_leads_x,1.752757265350392e-06,3.4801145039169095,0.000501199526097548,0.003396295197040433,121149,28,VDE,5s
-4,y_leads_x,-9.587889485639295e-07,-1.971143187924132,0.04870750001076845,0.003396295197040433,121149,28,VDE,5s
-3,y_leads_x,-2.6936778823724156e-06,-5.281596937641526,1.2806269312458526e-07,0.003396295197040433,121149,28,VDE,5s
-2,y_leads_x,-3.442401619196853e-07,-0.5630197881038362,0.5734214094335897,0.003396295197040433,121149,28,VDE,5s
-1,y_leads_x,3.489016612010307e-06,4.403947926931892,1.0629846879192352e-05,0.003396295197040433,121149,28,VDE,5s
1,x_leads_y,3.466890145602241e-06,4.387626349336947,1.1459442438107018e-05,0.003396295197040433,121149,28,VDE,5s
2,x_leads_y,-4.6501747744069327e-07,-0.6835753745570597,0.4942433390684915,0.003396295197040433,121149,28,VDE,5s
3,x_leads_y,-2.6718358487587984e-06,-4.6164222131075245,3.904122628373239e-06,0.003396295197040433,121149,28,VDE,5s
4,x_leads_y,-8.028317769717233e-07,-1.6009879967698197,0.10937957772914388,0.003396295197040433,121149,28,VDE,5s
5,x_leads_y,1.6055127409431856e-06,2.807319837978216,0.004995561470504577,0.003396295197040433,121149,28,VDE,5s
6,x_leads_y,4.697254742897714e-07,0.759492100418969,0.4475582378032994,0.003396295197040433,121149,28,VDE,5s
7,x_leads_y,-9.895445457017271e-07,-1.801220429403752,0.07166814359532872,0.003396295197040433,121149,28,VDE,5s
8,x_leads_y,-6.80371364648985e-07,-1.2727596747239835,0.20310333469063724,0.003396295197040433,121149,28,VDE,5s
9,x_leads_y,3.3662582104416763e-07,0.6165326060458061,0.5375430588526369,0.003396295197040433,121149,28,VDE,5s
10,x_leads_y,-1.8757517355983388e-07,-0.5575862826729268,0.5771269255463145,0.003396295197040433,121149,28,VDE,5s
-10,y_leads_x,2.958251969573741e-07,0.6230818282980716,0.5332307504370642,0.06948425556892668,55350,17,VAW,5s
-9,y_leads_x,-2.5117866504892804e-07,-0.5076891596952158,0.6116713518926089,0.06948425556892668,55350,17,VAW,5s
-8,y_leads_x,1.3803533638619128e-06,2.2161166766344227,0.02668351240779498,0.06948425556892668,55350,17,VAW,5s
-7,y_leads_x,-3.007198521038264e-07,-0.41070608094106176,0.6812880674699171,0.06948425556892668,55350,17,VAW,5s
-6,y_leads_x,-3.700159127266311e-07,-0.5473384519705269,0.5841462313016237,0.06948425556892668,55350,17,VAW,5s
-5,y_leads_x,1.8488256542396469e-06,1.7962393431419985,0.0724564600705537,0.06948425556892668,55350,17,VAW,5s
-4,y_leads_x,-4.1469600568188676e-07,-0.49241967212653803,0.6224226952788248,0.06948425556892668,55350,17,VAW,5s
-3,y_leads_x,2.340891577657271e-06,2.101770702363181,0.035573366735226576,0.06948425556892668,55350,17,VAW,5s
-2,y_leads_x,5.260442027030697e-06,7.2183138043790915,5.263614280180946e-13,0.06948425556892668,55350,17,VAW,5s
-1,y_leads_x,1.0266906063198754e-05,13.05706943703541,5.79146047138696e-39,0.06948425556892668,55350,17,VAW,5s
1,x_leads_y,1.0269196725871014e-05,12.999904622389769,1.2249596443887305e-38,0.06948425556892668,55350,17,VAW,5s
2,x_leads_y,4.973839817053148e-06,6.750393337369375,1.4744488127660886e-11,0.06948425556892668,55350,17,VAW,5s
3,x_leads_y,2.2698820165744663e-06,1.9850544377325563,0.04713841519471341,0.06948425556892668,55350,17,VAW,5s
4,x_leads_y,-3.3404893535559127e-07,-0.4081205369790894,0.6831851832127529,0.06948425556892668,55350,17,VAW,5s
5,x_leads_y,1.8138605215452645e-06,1.8302778291097452,0.06720840491093442,0.06948425556892668,55350,17,VAW,5s
6,x_leads_y,-1.528608361640806e-07,-0.22148274677344115,0.8247165691183425,0.06948425556892668,55350,17,VAW,5s
7,x_leads_y,-4.42299981106557e-07,-0.5962401482908396,0.5510148082731305,0.06948425556892668,55350,17,VAW,5s
8,x_leads_y,1.082773660569458e-06,1.9622654767690424,0.04973158433471804,0.06948425556892668,55350,17,VAW,5s
9,x_leads_y,6.522570846782225e-09,0.0127116978001338,0.9898578057259826,0.06948425556892668,55350,17,VAW,5s
10,x_leads_y,2.2588290379479587e-07,1.1607367476869388,0.2457489727720441,0.06948425556892668,55350,17,VAW,5s
-10,y_leads_x,2.6515384587119677e-07,0.7431460760557742,0.45739324636208245,0.012540213643797982,127300,34,VIS,5s
-9,y_leads_x,6.369306655257066e-07,1.7020483073744401,0.08874631297139488,0.012540213643797982,127300,34,VIS,5s
-8,y_leads_x,1.2739049257054393e-06,3.353040992843337,0.000799288675231131,0.012540213643797982,127300,34,VIS,5s
-7,y_leads_x,1.1166478751205063e-06,1.8630092752855976,0.06246096127396516,0.012540213643797982,127300,34,VIS,5s
-6,y_leads_x,1.8428460136595595e-06,3.5386110644979745,0.0004022380296641679,0.012540213643797982,127300,34,VIS,5s
-5,y_leads_x,1.2720938594090478e-06,2.4214791860092304,0.015457486213324725,0.012540213643797982,127300,34,VIS,5s
-4,y_leads_x,5.142083703869563e-07,1.2953282537143782,0.19520701654806527,0.012540213643797982,127300,34,VIS,5s
-3,y_leads_x,1.0130585789232074e-06,2.3253632757077147,0.020052543453988377,0.012540213643797982,127300,34,VIS,5s
-2,y_leads_x,3.432212862993067e-06,5.7281265634078915,1.0154579729842684e-08,0.012540213643797982,127300,34,VIS,5s
-1,y_leads_x,2.954957873000866e-06,2.5369480511913736,0.011182354636482443,0.012540213643797982,127300,34,VIS,5s
1,x_leads_y,2.913209780040752e-06,2.5037535048818618,0.012288361290570229,0.012540213643797982,127300,34,VIS,5s
2,x_leads_y,3.1669499765665026e-06,5.721542740299604,1.0556109457069216e-08,0.012540213643797982,127300,34,VIS,5s
3,x_leads_y,8.879796992626611e-07,1.8982196960566537,0.05766714728124967,0.012540213643797982,127300,34,VIS,5s
4,x_leads_y,7.677661612084888e-07,1.8302289372514025,0.0672157124444966,0.012540213643797982,127300,34,VIS,5s
5,x_leads_y,1.439099769824348e-06,2.347211911484013,0.018914493828847214,0.012540213643797982,127300,34,VIS,5s
6,x_leads_y,1.8504962055282576e-06,3.7747090842273803,0.00016019450008580526,0.012540213643797982,127300,34,VIS,5s
7,x_leads_y,4.110370340705205e-07,0.6995220225530069,0.48422585505292215,0.012540213643797982,127300,34,VIS,5s
8,x_leads_y,1.427445513633622e-06,2.801132878884043,0.005092354583375113,0.012540213643797982,127300,34,VIS,5s
9,x_leads_y,9.029804658081762e-07,2.0974494528125196,0.03595380729443995,0.012540213643797982,127300,34,VIS,5s
10,x_leads_y,-6.944028630716951e-08,-0.2039501028343457,0.8383924914342723,0.012540213643797982,127300,34,VIS,5s
-10,y_leads_x,2.181629170356795e-07,0.18269529016391559,0.8550371114696342,0.00359190625742134,51234,11,VGT,5s
-9,y_leads_x,2.2306750472838547e-07,0.22196932761981544,0.8243377607368091,0.00359190625742134,51234,11,VGT,5s
-8,y_leads_x,-9.878584043989927e-07,-0.8740584343420802,0.382086432014907,0.00359190625742134,51234,11,VGT,5s
-7,y_leads_x,7.781082350508546e-07,0.8774062618823083,0.3802660131762282,0.00359190625742134,51234,11,VGT,5s
-6,y_leads_x,3.1317402929297305e-06,2.9822558198950855,0.0028613279672342895,0.00359190625742134,51234,11,VGT,5s
-5,y_leads_x,4.236523930846904e-06,3.422084121599823,0.0006214308389941332,0.00359190625742134,51234,11,VGT,5s
-4,y_leads_x,-2.1187610374966357e-06,-1.7009683151381971,0.0889489370847489,0.00359190625742134,51234,11,VGT,5s
-3,y_leads_x,3.731506643402938e-08,0.04183515933146444,0.9666301064443119,0.00359190625742134,51234,11,VGT,5s
-2,y_leads_x,3.5738868496199025e-10,0.0002648933405740081,0.9997886456957682,0.00359190625742134,51234,11,VGT,5s
-1,y_leads_x,4.940983167444252e-06,2.2552726706051813,0.024116218951289112,0.00359190625742134,51234,11,VGT,5s
1,x_leads_y,4.91542360180436e-06,2.2633314896154313,0.023615262532225716,0.00359190625742134,51234,11,VGT,5s
2,x_leads_y,-9.691442052924853e-09,-0.007242278570054679,0.9942215482578398,0.00359190625742134,51234,11,VGT,5s
3,x_leads_y,1.0998907923944295e-07,0.1186268850502514,0.9055709645566097,0.00359190625742134,51234,11,VGT,5s
4,x_leads_y,-2.158645693475452e-06,-1.7074490552454935,0.08773861915554239,0.00359190625742134,51234,11,VGT,5s
5,x_leads_y,4.171416801321041e-06,3.5044102670001602,0.0004576197601151883,0.00359190625742134,51234,11,VGT,5s
6,x_leads_y,3.1576554745359816e-06,3.177752108562437,0.0014842159023854197,0.00359190625742134,51234,11,VGT,5s
7,x_leads_y,9.461702147515173e-07,1.01238120647361,0.31135582064239253,0.00359190625742134,51234,11,VGT,5s
8,x_leads_y,-1.0908381166693242e-06,-0.9125590550193056,0.3614744970351913,0.00359190625742134,51234,11,VGT,5s
9,x_leads_y,1.4585588519211082e-07,0.14453716808114353,0.8850763086919932,0.00359190625742134,51234,11,VGT,5s
10,x_leads_y,7.164066748134219e-07,0.6533725557652403,0.5135161271983353,0.00359190625742134,51234,11,VGT,5s
