contract_ticker,etf,lag_minutes,direction,n_obs,coef,t_stat,p_value,r_squared,r2_daily_screen,date_start,date_end,contract_title
KXECKH276,VFH,-4,etf_leads,30,0.00929875942900929,0.17350702892675757,0.8635011900610255,0.0010740127238523245,0.8816564277734555,2024-11-04,2024-11-26,"Will Harris win 276-262 - PA, NV, MI, WI?"
KXECKH276,VFH,-3,etf_leads,31,0.006384396458724727,0.12151926944874632,0.9041178851461026,0.0005089454236021362,0.8816564277734555,2024-11-04,2024-11-26,"Will Harris win 276-262 - PA, NV, MI, WI?"
KXECKH276,VFH,-2,etf_leads,32,0.000341848198934129,0.006514434762838568,0.9948453975565302,1.4145933417974987e-06,0.8816564277734555,2024-11-04,2024-11-26,"Will Harris win 276-262 - PA, NV, MI, WI?"
KXECKH276,VFH,-1,etf_leads,33,0.004417265341201474,0.08219829507020127,0.9350174815944491,0.00021790604571736427,0.8816564277734555,2024-11-04,2024-11-26,"Will Harris win 276-262 - PA, NV, MI, WI?"
KXECKH276,VFH,0,contemporaneous,34,-0.2097616707010343,-5.535959404950867,4.175912507022262e-06,0.4892001470016727,0.8816564277734555,2024-11-04,2024-11-26,"Will Harris win 276-262 - PA, NV, MI, WI?"
KXECKH276,VFH,1,kalshi_leads,33,-0.00011934835316238564,-0.002220424104599327,0.9982425869045719,1.5904136851929707e-07,0.8816564277734555,2024-11-04,2024-11-26,"Will Harris win 276-262 - PA, NV, MI, WI?"
KXECKH276,VFH,2,kalshi_leads,32,0.043351926150153555,0.8037463121179846,0.42786652996918817,0.021079682920315812,0.8816564277734555,2024-11-04,2024-11-26,"Will Harris win 276-262 - PA, NV, MI, WI?"
KXECKH276,VFH,3,kalshi_leads,31,-0.059381218792279374,-1.094647936716416,0.28267964220866965,0.03967958217640555,0.8816564277734555,2024-11-04,2024-11-26,"Will Harris win 276-262 - PA, NV, MI, WI?"
KXECKH276,VFH,4,kalshi_leads,30,0.08544954832954453,1.5893367385622432,0.12321366546522843,0.08274886952308858,0.8816564277734555,2024-11-04,2024-11-26,"Will Harris win 276-262 - PA, NV, MI, WI?"
KXECDJT316,VFH,-5,etf_leads,32,-0.04687163249285833,-1.0715825283305553,0.29245288216942084,0.03686523875462133,0.7907331233858175,2024-11-04,2024-12-12,"Will Trump win 316-222 - AZ, GA, MI, MN, NC, PA, WI?"
KXECDJT316,VFH,-4,etf_leads,33,0.06330985244598593,1.4971245877881698,0.1444743748618199,0.06742746222901863,0.7907331233858175,2024-11-04,2024-12-12,"Will Trump win 316-222 - AZ, GA, MI, MN, NC, PA, WI?"
KXECDJT316,VFH,-3,etf_leads,34,-0.008118119629131474,-0.1824534661167213,0.8563778577871561,0.001039208525238644,0.7907331233858175,2024-11-04,2024-12-12,"Will Trump win 316-222 - AZ, GA, MI, MN, NC, PA, WI?"
KXECDJT316,VFH,-2,etf_leads,35,0.016565157093690316,0.407842544639442,0.686023293981926,0.0050151920163523656,0.7907331233858175,2024-11-04,2024-12-12,"Will Trump win 316-222 - AZ, GA, MI, MN, NC, PA, WI?"
KXECDJT316,VFH,-1,etf_leads,36,0.007117485918247631,0.18338371325170547,0.8555862077483269,0.0009881281160660782,0.7907331233858175,2024-11-04,2024-12-12,"Will Trump win 316-222 - AZ, GA, MI, MN, NC, PA, WI?"
KXECDJT316,VFH,0,contemporaneous,37,-0.10884140880398424,-3.2303587734370796,0.0026906678144977504,0.22967245034193606,0.7907331233858175,2024-11-04,2024-12-12,"Will Trump win 316-222 - AZ, GA, MI, MN, NC, PA, WI?"
KXECDJT316,VFH,1,kalshi_leads,36,-0.001187919750920197,-0.030481789735569226,0.9758610477194293,2.7326885735146078e-05,0.7907331233858175,2024-11-04,2024-12-12,"Will Trump win 316-222 - AZ, GA, MI, MN, NC, PA, WI?"
KXECDJT316,VFH,2,kalshi_leads,35,0.00607102651028354,0.15299420890228607,0.8793345302668181,0.0007088071741373492,0.7907331233858175,2024-11-04,2024-12-12,"Will Trump win 316-222 - AZ, GA, MI, MN, NC, PA, WI?"
KXECDJT316,VFH,3,kalshi_leads,34,0.02599171414206142,0.6495321181152658,0.5206299777094914,0.013012564868874255,0.7907331233858175,2024-11-04,2024-12-12,"Will Trump win 316-222 - AZ, GA, MI, MN, NC, PA, WI?"
KXECDJT316,VFH,4,kalshi_leads,33,0.026034086932812298,0.641138173064938,0.526144911651135,0.013086415456206257,0.7907331233858175,2024-11-04,2024-12-12,"Will Trump win 316-222 - AZ, GA, MI, MN, NC, PA, WI?"
KXECDJT316,VFH,5,kalshi_leads,32,-0.03250346602367453,-0.7912838740336336,0.43499013070815473,0.020444312286414634,0.7907331233858175,2024-11-04,2024-12-12,"Will Trump win 316-222 - AZ, GA, MI, MN, NC, PA, WI?"
KXECKH276,VIS,-4,etf_leads,30,0.005500503264014501,0.1589146902553792,0.8748767867508201,0.0009011115077919296,0.7648119234989674,2024-11-04,2024-11-26,"Will Harris win 276-262 - PA, NV, MI, WI?"
KXECKH276,VIS,-3,etf_leads,31,0.00929454493726729,0.2738727477191275,0.7861237181823073,0.002579751186151946,0.7648119234989674,2024-11-04,2024-11-26,"Will Harris win 276-262 - PA, NV, MI, WI?"
KXECKH276,VIS,-2,etf_leads,32,-0.001109105976384043,-0.03304970385559096,0.9738538654361641,3.6408105233087795e-05,0.7648119234989674,2024-11-04,2024-11-26,"Will Harris win 276-262 - PA, NV, MI, WI?"
KXECKH276,VIS,-1,etf_leads,33,0.0006865727030525583,0.019270608904131025,0.9847487308705567,1.1979094162173354e-05,0.7648119234989674,2024-11-04,2024-11-26,"Will Harris win 276-262 - PA, NV, MI, WI?"
KXECKH276,VIS,0,contemporaneous,34,-0.13538780052765428,-4.776527011108435,3.8005941210205836e-05,0.41622042801696946,0.7648119234989674,2024-11-04,2024-11-26,"Will Harris win 276-262 - PA, NV, MI, WI?"
KXECKH276,VIS,1,kalshi_leads,33,-0.005614721142794388,-0.15109660066021557,0.8808784790602845,0.0007359155369320858,0.7648119234989674,2024-11-04,2024-11-26,"Will Harris win 276-262 - PA, NV, MI, WI?"
KXECKH276,VIS,2,kalshi_leads,32,0.01740492313796529,0.4634209161411547,0.6464073625215765,0.007107749755818404,0.7648119234989674,2024-11-04,2024-11-26,"Will Harris win 276-262 - PA, NV, MI, WI?"
KXECKH276,VIS,3,kalshi_leads,31,0.06060958660088264,1.6550205246613143,0.10870457419660573,0.08630029038582798,0.7648119234989674,2024-11-04,2024-11-26,"Will Harris win 276-262 - PA, NV, MI, WI?"
KXECKH276,VIS,4,kalshi_leads,30,0.017730221522925565,0.466802767078273,0.6442529598850157,0.007722218382833379,0.7648119234989674,2024-11-04,2024-11-26,"Will Harris win 276-262 - PA, NV, MI, WI?"
RATECUT-24SEP18,VCR,-5,etf_leads,32,0.3164743926492137,1.38906231781992,0.17503972237611307,0.060429836920285585,0.6822090043500123,2024-09-04,2024-09-18,"Will the Federal Reserve cut rates before September 19, 2024?"
RATECUT-24SEP18,VCR,-4,etf_leads,33,0.14045455991109349,0.6322294184641616,0.5318726051245426,0.012729862351397614,0.6822090043500123,2024-09-04,2024-09-18,"Will the Federal Reserve cut rates before September 19, 2024?"
RATECUT-24SEP18,VCR,-3,etf_leads,34,-0.0605162821950344,-0.28546892006116326,0.7771246078299533,0.002540171854844897,0.6822090043500123,2024-09-04,2024-09-18,"Will the Federal Reserve cut rates before September 19, 2024?"
RATECUT-24SEP18,VCR,-2,etf_leads,35,-0.20031339475315035,-0.9996603615632035,0.32474906088420785,0.029392376489757233,0.6822090043500123,2024-09-04,2024-09-18,"Will the Federal Reserve cut rates before September 19, 2024?"
RATECUT-24SEP18,VCR,-1,etf_leads,36,-0.016803592535817934,-0.08382958636011222,0.9336835657036029,0.0002066455108453713,0.6822090043500123,2024-09-04,2024-09-18,"Will the Federal Reserve cut rates before September 19, 2024?"
RATECUT-24SEP18,VCR,0,contemporaneous,37,0.29248999175936546,1.508476524426084,0.1404074514015519,0.061045494702159475,0.6822090043500123,2024-09-04,2024-09-18,"Will the Federal Reserve cut rates before September 19, 2024?"
RATECUT-24SEP18,VCR,1,kalshi_leads,36,-0.3093452416982505,-1.549690464107497,0.1304751014308118,0.06597359615224518,0.6822090043500123,2024-09-04,2024-09-18,"Will the Federal Reserve cut rates before September 19, 2024?"
RATECUT-24SEP18,VCR,2,kalshi_leads,35,0.046682825566314076,0.21627274113237446,0.8301065264241649,0.0014153847119992014,0.6822090043500123,2024-09-04,2024-09-18,"Will the Federal Reserve cut rates before September 19, 2024?"
RATECUT-24SEP18,VCR,3,kalshi_leads,34,-0.2643069493226586,-1.196083528365551,0.240451670819071,0.042793582238925265,0.6822090043500123,2024-09-04,2024-09-18,"Will the Federal Reserve cut rates before September 19, 2024?"
RATECUT-24SEP18,VCR,4,kalshi_leads,33,0.2238158994260441,1.1128209506595887,0.2743404888128386,0.03841293620741171,0.6822090043500123,2024-09-04,2024-09-18,"Will the Federal Reserve cut rates before September 19, 2024?"
RATECUT-24SEP18,VCR,5,kalshi_leads,32,0.10170806205772075,0.4913411590142742,0.6267607636644583,0.0079829639414849,0.6822090043500123,2024-09-04,2024-09-18,"Will the Federal Reserve cut rates before September 19, 2024?"
KXECKH276,VCR,-4,etf_leads,30,0.007404870866581729,0.294593105496375,0.7704778599381559,0.003089890761929115,0.651769043544155,2024-11-04,2024-11-26,"Will Harris win 276-262 - PA, NV, MI, WI?"
KXECKH276,VCR,-3,etf_leads,31,0.006759921667528238,0.27206962900623816,0.7874961928027818,0.002545980164884165,0.651769043544155,2024-11-04,2024-11-26,"Will Harris win 276-262 - PA, NV, MI, WI?"
KXECKH276,VCR,-2,etf_leads,32,0.0030673001624110154,0.11566433057592485,0.9086893390081598,0.0004457424706332258,0.651769043544155,2024-11-04,2024-11-26,"Will Harris win 276-262 - PA, NV, MI, WI?"
KXECKH276,VCR,-1,etf_leads,33,0.0021433389466816834,0.07852401904658263,0.9379159089363261,0.00019886436662108764,0.651769043544155,2024-11-04,2024-11-26,"Will Harris win 276-262 - PA, NV, MI, WI?"
KXECKH276,VCR,0,contemporaneous,34,-0.09132838123890114,-4.292193798889012,0.00015309457995214622,0.3653680672953006,0.651769043544155,2024-11-04,2024-11-26,"Will Harris win 276-262 - PA, NV, MI, WI?"
KXECKH276,VCR,1,kalshi_leads,33,-0.009189776732683567,-0.35158001554924323,0.7275318265200302,0.0039715352191401765,0.651769043544155,2024-11-04,2024-11-26,"Will Harris win 276-262 - PA, NV, MI, WI?"
KXECKH276,VCR,2,kalshi_leads,32,-0.03861538719492845,-1.5208425055087096,0.13877045069188254,0.07158000346172833,0.651769043544155,2024-11-04,2024-11-26,"Will Harris win 276-262 - PA, NV, MI, WI?"
KXECKH276,VCR,3,kalshi_leads,31,-0.028228762390642093,-1.074873799156028,0.2912933203666284,0.03831338528524131,0.651769043544155,2024-11-04,2024-11-26,"Will Harris win 276-262 - PA, NV, MI, WI?"
KXECKH276,VCR,4,kalshi_leads,30,0.049812818546099175,2.0418465522209805,0.05068913506820703,0.12960053290790696,0.651769043544155,2024-11-04,2024-11-26,"Will Harris win 276-262 - PA, NV, MI, WI?"
FEDDECISION-24SEP-C25,VDC,-5,etf_leads,601,-7.216385763020181e-06,-0.005729656189842805,0.9954303284482142,5.4806274185636994e-08,0.6325467130894744,2024-09-04,2024-09-18,Will the Federal Reserve Cut rates by 25bps at their September 2024 meeting?
FEDDECISION-24SEP-C25,VDC,-4,etf_leads,602,-0.0013575677320701984,-1.0794787285859113,0.28080811228913205,0.0019383593418246248,0.6325467130894744,2024-09-04,2024-09-18,Will the Federal Reserve Cut rates by 25bps at their September 2024 meeting?
FEDDECISION-24SEP-C25,VDC,-3,etf_leads,603,0.0017747736511880895,1.4133457498593494,0.158071799194525,0.0033126937600410633,0.6325467130894744,2024-09-04,2024-09-18,Will the Federal Reserve Cut rates by 25bps at their September 2024 meeting?
FEDDECISION-24SEP-C25,VDC,-2,etf_leads,604,0.0004757606396279801,0.37858718297561506,0.7051279150955798,0.00023803013068113277,0.6325467130894744,2024-09-04,2024-09-18,Will the Federal Reserve Cut rates by 25bps at their September 2024 meeting?
FEDDECISION-24SEP-C25,VDC,-1,etf_leads,605,-0.0009030448323988056,-0.7220169134900692,0.47056396856583227,0.0008637779910828369,0.6325467130894744,2024-09-04,2024-09-18,Will the Federal Reserve Cut rates by 25bps at their September 2024 meeting?
FEDDECISION-24SEP-C25,VDC,0,contemporaneous,606,-0.005324425816179976,-4.324567083163258,1.7877786670286186e-05,0.03003344143277753,0.6325467130894744,2024-09-04,2024-09-18,Will the Federal Reserve Cut rates by 25bps at their September 2024 meeting?
FEDDECISION-24SEP-C25,VDC,1,kalshi_leads,605,-0.0031382935205608318,-2.446528830054208,0.014708445327779068,0.009828646632295324,0.6325467130894744,2024-09-04,2024-09-18,Will the Federal Reserve Cut rates by 25bps at their September 2024 meeting?
FEDDECISION-24SEP-C25,VDC,2,kalshi_leads,604,4.034683662107878e-05,0.031007174964333615,0.9752740945737832,1.5970819995381191e-06,0.6325467130894744,2024-09-04,2024-09-18,Will the Federal Reserve Cut rates by 25bps at their September 2024 meeting?
FEDDECISION-24SEP-C25,VDC,3,kalshi_leads,603,-3.949947361617924e-05,-0.030070580603058054,0.9760207462087349,1.5045565011639894e-06,0.6325467130894744,2024-09-04,2024-09-18,Will the Federal Reserve Cut rates by 25bps at their September 2024 meeting?
FEDDECISION-24SEP-C25,VDC,4,kalshi_leads,602,-6.062689760372522e-05,-0.04359388977750899,0.965242625911219,3.1673686777811128e-06,0.6325467130894744,2024-09-04,2024-09-18,Will the Federal Reserve Cut rates by 25bps at their September 2024 meeting?
FEDDECISION-24SEP-C25,VDC,5,kalshi_leads,601,-0.0006688886114191986,-0.4812237689621216,0.6305332071672564,0.0003864554622401428,0.6325467130894744,2024-09-04,2024-09-18,Will the Federal Reserve Cut rates by 25bps at their September 2024 meeting?
KXECKH276,VDE,-4,etf_leads,30,0.0009587667490014159,0.03010959351989018,0.9761932457912059,3.23770810455315e-05,0.6325059413818794,2024-11-04,2024-11-26,"Will Harris win 276-262 - PA, NV, MI, WI?"
KXECKH276,VDE,-3,etf_leads,31,0.0022688806904798808,0.07161541829078732,0.9433995948704149,0.0001768228018559359,0.6325059413818794,2024-11-04,2024-11-26,"Will Harris win 276-262 - PA, NV, MI, WI?"
KXECKH276,VDE,-2,etf_leads,32,0.004672119415393279,0.1472265561202258,0.8839382010085794,0.0007220002998279407,0.6325059413818794,2024-11-04,2024-11-26,"Will Harris win 276-262 - PA, NV, MI, WI?"
KXECKH276,VDE,-1,etf_leads,33,0.0018179643097469772,0.05022437491120183,0.960265806966194,8.136395469793278e-05,0.6325059413818794,2024-11-04,2024-11-26,"Will Harris win 276-262 - PA, NV, MI, WI?"
KXECKH276,VDE,0,contemporaneous,34,-0.12159193200898712,-3.78963962326219,0.0006299924639045873,0.30977015879484304,0.6325059413818794,2024-11-04,2024-11-26,"Will Harris win 276-262 - PA, NV, MI, WI?"
KXECKH276,VDE,1,kalshi_leads,33,-0.018041234783267593,-0.461586005608942,0.6476010002062851,0.0068260410666364235,0.6325059413818794,2024-11-04,2024-11-26,"Will Harris win 276-262 - PA, NV, MI, WI?"
KXECKH276,VDE,2,kalshi_leads,32,0.027799730623300847,0.706460439808721,0.4853528968074121,0.01636397717748006,0.6325059413818794,2024-11-04,2024-11-26,"Will Harris win 276-262 - PA, NV, MI, WI?"
KXECKH276,VDE,3,kalshi_leads,31,-0.07207729592743023,-1.8958293959599102,0.06798753532501467,0.1102703090149234,0.6325059413818794,2024-11-04,2024-11-26,"Will Harris win 276-262 - PA, NV, MI, WI?"
KXECKH276,VDE,4,kalshi_leads,30,0.0029235511783278186,0.07142532388107281,0.9435669949835688,0.00018216598420472963,0.6325059413818794,2024-11-04,2024-11-26,"Will Harris win 276-262 - PA, NV, MI, WI?"
KXECKH276,VOX,-4,etf_leads,30,0.004099374655105913,0.205633043447268,0.8385653236521883,0.001507899539390567,0.5903053031486734,2024-11-04,2024-11-26,"Will Harris win 276-262 - PA, NV, MI, WI?"
KXECKH276,VOX,-3,etf_leads,31,0.003360900564908882,0.17104825682818225,0.8653737161027165,0.0010078627108446314,0.5903053031486734,2024-11-04,2024-11-26,"Will Harris win 276-262 - PA, NV, MI, WI?"
KXECKH276,VOX,-2,etf_leads,32,0.0035881088997805873,0.16234806016968945,0.8721203500244088,0.0008777918924732786,0.5903053031486734,2024-11-04,2024-11-26,"Will Harris win 276-262 - PA, NV, MI, WI?"
KXECKH276,VOX,-1,etf_leads,33,-0.00042306640190991913,-0.015861553065205244,0.9874464890969598,8.115703994171497e-06,0.5903053031486734,2024-11-04,2024-11-26,"Will Harris win 276-262 - PA, NV, MI, WI?"
KXECKH276,VOX,0,contemporaneous,34,-0.07128940824153965,-3.1114894115172667,0.003899607408063762,0.23227084915678642,0.5903053031486734,2024-11-04,2024-11-26,"Will Harris win 276-262 - PA, NV, MI, WI?"
KXECKH276,VOX,1,kalshi_leads,33,-0.008848800835543014,-0.3403247374194495,0.7359074459557287,0.003722252007161031,0.5903053031486734,2024-11-04,2024-11-26,"Will Harris win 276-262 - PA, NV, MI, WI?"
KXECKH276,VOX,2,kalshi_leads,32,-0.04333641101395249,-1.7241070456782366,0.09498047090144661,0.09015212794448257,0.5903053031486734,2024-11-04,2024-11-26,"Will Harris win 276-262 - PA, NV, MI, WI?"
KXECKH276,VOX,3,kalshi_leads,31,0.06810622233864565,2.881903460647357,0.007367051842033232,0.22263197230035225,0.5903053031486734,2024-11-04,2024-11-26,"Will Harris win 276-262 - PA, NV, MI, WI?"
KXECKH276,VOX,4,kalshi_leads,30,0.028488067705087928,1.1101303327395455,0.27638601276801555,0.04215835184301964,0.5903053031486734,2024-11-04,2024-11-26,"Will Harris win 276-262 - PA, NV, MI, WI?"
KXECKH276,VGT,-4,etf_leads,30,0.010225519953333507,0.38432210395528743,0.7036431227148476,0.0052474433552183175,0.5887966658096906,2024-11-04,2024-11-26,"Will Harris win 276-262 - PA, NV, MI, WI?"
KXECKH276,VGT,-3,etf_leads,31,0.004710574708053848,0.17970400608962983,0.8586347261919914,0.0011123313344675312,0.5887966658096906,2024-11-04,2024-11-26,"Will Harris win 276-262 - PA, NV, MI, WI?"
KXECKH276,VGT,-2,etf_leads,32,0.002913787956645404,0.10053568863759751,0.920587936136969,0.00033680068340957714,0.5887966658096906,2024-11-04,2024-11-26,"Will Harris win 276-262 - PA, NV, MI, WI?"
KXECKH276,VGT,-1,etf_leads,33,-0.00039185215381476717,-0.011139228198651709,0.9911837454033299,4.002642200129358e-06,0.5887966658096906,2024-11-04,2024-11-26,"Will Harris win 276-262 - PA, NV, MI, WI?"
KXECKH276,VGT,0,contemporaneous,34,-0.09819950979383622,-2.977813940788056,0.005496934204388593,0.21697933077566345,0.5887966658096906,2024-11-04,2024-11-26,"Will Harris win 276-262 - PA, NV, MI, WI?"
KXECKH276,VGT,1,kalshi_leads,33,-0.0057352647633758785,-0.15186243189824708,0.8802794748693361,0.0007433888400408817,0.5887966658096906,2024-11-04,2024-11-26,"Will Harris win 276-262 - PA, NV, MI, WI?"
KXECKH276,VGT,2,kalshi_leads,32,-0.053795566887770714,-1.4574717204083465,0.15537537759127676,0.06612529622415186,0.5887966658096906,2024-11-04,2024-11-26,"Will Harris win 276-262 - PA, NV, MI, WI?"
KXECKH276,VGT,3,kalshi_leads,31,0.09290685664536422,2.6747568358394918,0.012160889160014733,0.19788294492722724,0.5887966658096906,2024-11-04,2024-11-26,"Will Harris win 276-262 - PA, NV, MI, WI?"
KXECKH276,VGT,4,kalshi_leads,30,-0.009988957761072156,-0.26028341810294486,0.7965497456034769,0.0024137119603685475,0.5887966658096906,2024-11-04,2024-11-26,"Will Harris win 276-262 - PA, NV, MI, WI?"
KXECKH276,VDC,-4,etf_leads,30,0.0006835864981506515,0.06710419387991715,0.9469756365693702,0.00016079459937723417,0.532567360488065,2024-11-04,2024-11-26,"Will Harris win 276-262 - PA, NV, MI, WI?"
KXECKH276,VDC,-3,etf_leads,31,0.00011606915555803857,0.011531080561562821,0.9908786959110176,4.585007216340031e-06,0.532567360488065,2024-11-04,2024-11-26,"Will Harris win 276-262 - PA, NV, MI, WI?"
KXECKH276,VDC,-2,etf_leads,32,-0.0010069647777644134,-0.09187870291613165,0.9274052042162344,0.000281310710334326,0.532567360488065,2024-11-04,2024-11-26,"Will Harris win 276-262 - PA, NV, MI, WI?"
KXECKH276,VDC,-1,etf_leads,33,-0.0011923081857460908,-0.08273186280289273,0.9345966545229473,0.0002207435558088111,0.532567360488065,2024-11-04,2024-11-26,"Will Harris win 276-262 - PA, NV, MI, WI?"
KXECKH276,VDC,0,contemporaneous,34,0.03215482349862259,2.1748071835354423,0.03714654724447997,0.12877249676285696,0.532567360488065,2024-11-04,2024-11-26,"Will Harris win 276-262 - PA, NV, MI, WI?"
KXECKH276,VDC,1,kalshi_leads,33,0.009044045767331322,0.5681751660096712,0.5740089179999304,0.010306319423109112,0.532567360488065,2024-11-04,2024-11-26,"Will Harris win 276-262 - PA, NV, MI, WI?"
KXECKH276,VDC,2,kalshi_leads,32,-0.014901806835231048,-0.9311244414126555,0.35922223503410844,0.0280880205308337,0.532567360488065,2024-11-04,2024-11-26,"Will Harris win 276-262 - PA, NV, MI, WI?"
KXECKH276,VDC,3,kalshi_leads,31,-0.03785720730242171,-2.5358133711329476,0.016865407146523573,0.18149269065797613,0.532567360488065,2024-11-04,2024-11-26,"Will Harris win 276-262 - PA, NV, MI, WI?"
KXECKH276,VDC,4,kalshi_leads,30,-0.05019339232369691,-3.7497833755271626,0.0008184810848157232,0.3342982104367215,0.532567360488065,2024-11-04,2024-11-26,"Will Harris win 276-262 - PA, NV, MI, WI?"
KXECDJT316,VIS,-5,etf_leads,32,-0.027409922072998912,-1.1899068952119225,0.24341485588899597,0.0450688788763669,0.5039225356388715,2024-11-04,2024-12-12,"Will Trump win 316-222 - AZ, GA, MI, MN, NC, PA, WI?"
KXECDJT316,VIS,-4,etf_leads,33,0.035597212836685585,1.599366593407471,0.11988299504843526,0.0762255056938883,0.5039225356388715,2024-11-04,2024-12-12,"Will Trump win 316-222 - AZ, GA, MI, MN, NC, PA, WI?"
KXECDJT316,VIS,-3,etf_leads,34,0.0036420827826835808,0.1560542950151908,0.8769705570809592,0.0007604507430968299,0.5039225356388715,2024-11-04,2024-12-12,"Will Trump win 316-222 - AZ, GA, MI, MN, NC, PA, WI?"
KXECDJT316,VIS,-2,etf_leads,35,0.013477480494015669,0.6315586978440134,0.5320261340398816,0.01194251278408398,0.5039225356388715,2024-11-04,2024-12-12,"Will Trump win 316-222 - AZ, GA, MI, MN, NC, PA, WI?"
KXECDJT316,VIS,-1,etf_leads,36,0.007865680220558823,0.2594201927579145,0.7968754213117996,0.001975467345788018,0.5039225356388715,2024-11-04,2024-12-12,"Will Trump win 316-222 - AZ, GA, MI, MN, NC, PA, WI?"
KXECDJT316,VIS,0,contemporaneous,37,-0.07020235465326424,-2.554759402901269,0.01513211749998823,0.15717070174462122,0.5039225356388715,2024-11-04,2024-12-12,"Will Trump win 316-222 - AZ, GA, MI, MN, NC, PA, WI?"
KXECDJT316,VIS,1,kalshi_leads,36,-0.00751652075554372,-0.2472507420574314,0.8062011540381454,0.0017948002368148863,0.5039225356388715,2024-11-04,2024-12-12,"Will Trump win 316-222 - AZ, GA, MI, MN, NC, PA, WI?"
KXECDJT316,VIS,2,kalshi_leads,35,-0.002823119441193984,-0.0910782005951954,0.9279810689048539,0.00025130769594994273,0.5039225356388715,2024-11-04,2024-12-12,"Will Trump win 316-222 - AZ, GA, MI, MN, NC, PA, WI?"
KXECDJT316,VIS,3,kalshi_leads,34,0.020734257989401737,0.6670167347647497,0.5095429258527935,0.013712822944930148,0.5039225356388715,2024-11-04,2024-12-12,"Will Trump win 316-222 - AZ, GA, MI, MN, NC, PA, WI?"
KXECDJT316,VIS,4,kalshi_leads,33,0.009026919588770903,0.2846229529750295,0.7778257799571574,0.0026064218882478896,0.5039225356388715,2024-11-04,2024-12-12,"Will Trump win 316-222 - AZ, GA, MI, MN, NC, PA, WI?"
KXECDJT316,VIS,5,kalshi_leads,32,-0.016362947838676437,-0.5093862572304861,0.6142082246563275,0.008574979061975574,0.5039225356388715,2024-11-04,2024-12-12,"Will Trump win 316-222 - AZ, GA, MI, MN, NC, PA, WI?"
KXECDJT316,VDE,-5,etf_leads,32,-0.01229491979498845,-0.48635372101762514,0.6302504742639448,0.007822983132389605,0.492237843550756,2024-11-04,2024-12-12,"Will Trump win 316-222 - AZ, GA, MI, MN, NC, PA, WI?"
KXECDJT316,VDE,-4,etf_leads,33,0.026619035452696175,1.087840410760528,0.2850512853669593,0.03677041202750808,0.492237843550756,2024-11-04,2024-12-12,"Will Trump win 316-222 - AZ, GA, MI, MN, NC, PA, WI?"
KXECDJT316,VDE,-3,etf_leads,34,-0.0001506512459246651,-0.005962035062330921,0.9952800265045367,1.1108069560838985e-06,0.492237843550756,2024-11-04,2024-12-12,"Will Trump win 316-222 - AZ, GA, MI, MN, NC, PA, WI?"
KXECDJT316,VDE,-2,etf_leads,35,0.016220584578602756,0.7018632950356837,0.4876853956205506,0.014708081999378453,0.492237843550756,2024-11-04,2024-12-12,"Will Trump win 316-222 - AZ, GA, MI, MN, NC, PA, WI?"
KXECDJT316,VDE,-1,etf_leads,36,-0.008987594736920887,-0.41173352207303704,0.6831189411612337,0.004961277504239137,0.492237843550756,2024-11-04,2024-12-12,"Will Trump win 316-222 - AZ, GA, MI, MN, NC, PA, WI?"
KXECDJT316,VDE,0,contemporaneous,37,-0.04996331248923035,-2.5164069290183706,0.01659246214091753,0.15320471508404154,0.492237843550756,2024-11-04,2024-12-12,"Will Trump win 316-222 - AZ, GA, MI, MN, NC, PA, WI?"
KXECDJT316,VDE,1,kalshi_leads,36,-0.011923199685480189,-0.5459951490211394,0.5886342268204422,0.008691752888029036,0.492237843550756,2024-11-04,2024-12-12,"Will Trump win 316-222 - AZ, GA, MI, MN, NC, PA, WI?"
KXECDJT316,VDE,2,kalshi_leads,35,0.000595017530617453,0.026684211927962307,0.9788723235528825,2.1576721290328393e-05,0.492237843550756,2024-11-04,2024-12-12,"Will Trump win 316-222 - AZ, GA, MI, MN, NC, PA, WI?"
KXECDJT316,VDE,3,kalshi_leads,34,0.016076510815988203,0.7157553829271143,0.4793330936134351,0.01575728808168364,0.492237843550756,2024-11-04,2024-12-12,"Will Trump win 316-222 - AZ, GA, MI, MN, NC, PA, WI?"
KXECDJT316,VDE,4,kalshi_leads,33,0.027441647558035756,1.2218074075784382,0.23099037678721188,0.04594287744607439,0.492237843550756,2024-11-04,2024-12-12,"Will Trump win 316-222 - AZ, GA, MI, MN, NC, PA, WI?"
KXECDJT316,VDE,5,kalshi_leads,32,-0.020026195239508545,-0.8709804125372456,0.39068156960138145,0.02466323920349256,0.492237843550756,2024-11-04,2024-12-12,"Will Trump win 316-222 - AZ, GA, MI, MN, NC, PA, WI?"
RATECUT-24SEP18,VOX,-5,etf_leads,32,0.19394065992637355,0.9323414715605612,0.35860337386980257,0.028159424688002477,0.4620130239894225,2024-09-04,2024-09-18,"Will the Federal Reserve cut rates before September 19, 2024?"
RATECUT-24SEP18,VOX,-4,etf_leads,33,0.08092653543146958,0.4043274593095907,0.6887480851137648,0.005245906128238609,0.4620130239894225,2024-09-04,2024-09-18,"Will the Federal Reserve cut rates before September 19, 2024?"
RATECUT-24SEP18,VOX,-3,etf_leads,34,0.03130883776768406,0.16467107570528897,0.8702386984363351,0.0008466751329440081,0.4620130239894225,2024-09-04,2024-09-18,"Will the Federal Reserve cut rates before September 19, 2024?"
RATECUT-24SEP18,VOX,-2,etf_leads,35,-0.28815478511850734,-1.648410377839594,0.1087582658045367,0.07607686085692966,0.4620130239894225,2024-09-04,2024-09-18,"Will the Federal Reserve cut rates before September 19, 2024?"
RATECUT-24SEP18,VOX,-1,etf_leads,36,0.030370376022959417,0.16959234643951704,0.8663357907282679,0.000845213362137387,0.4620130239894225,2024-09-04,2024-09-18,"Will the Federal Reserve cut rates before September 19, 2024?"
RATECUT-24SEP18,VOX,0,contemporaneous,37,0.26162593383323884,1.5120193577402783,0.1395065652130113,0.06131497397301966,0.4620130239894225,2024-09-04,2024-09-18,"Will the Federal Reserve cut rates before September 19, 2024?"
RATECUT-24SEP18,VOX,1,kalshi_leads,36,-0.28027597095426626,-1.5561316272980312,0.1289372592590452,0.0664866248487691,0.4620130239894225,2024-09-04,2024-09-18,"Will the Federal Reserve cut rates before September 19, 2024?"
RATECUT-24SEP18,VOX,2,kalshi_leads,35,0.10881402070431925,0.5586255235677546,0.5801884564499618,0.00936785213494662,0.4620130239894225,2024-09-04,2024-09-18,"Will the Federal Reserve cut rates before September 19, 2024?"
RATECUT-24SEP18,VOX,3,kalshi_leads,34,-0.30263081163576855,-1.5326972518443436,0.13517850022220715,0.0683906333254678,0.4620130239894225,2024-09-04,2024-09-18,"Will the Federal Reserve cut rates before September 19, 2024?"
RATECUT-24SEP18,VOX,4,kalshi_leads,33,0.18716940445199867,1.0499907514582225,0.30183936046923426,0.034342535476783675,0.4620130239894225,2024-09-04,2024-09-18,"Will the Federal Reserve cut rates before September 19, 2024?"
RATECUT-24SEP18,VOX,5,kalshi_leads,32,0.07396399819127332,0.40220523063549635,0.6903844181965081,0.005363380619204272,0.4620130239894225,2024-09-04,2024-09-18,"Will the Federal Reserve cut rates before September 19, 2024?"
KXECKH276,VAW,-4,etf_leads,30,0.003130084339231805,0.156243411597147,0.876962238783926,0.0008710978008860115,0.4430827720119678,2024-11-04,2024-11-26,"Will Harris win 276-262 - PA, NV, MI, WI?"
KXECKH276,VAW,-3,etf_leads,31,0.008550733080588145,0.43264249241416375,0.6684750344686072,0.006413073454872409,0.4430827720119678,2024-11-04,2024-11-26,"Will Harris win 276-262 - PA, NV, MI, WI?"
KXECKH276,VAW,-2,etf_leads,32,0.001516002119347772,0.07793812579972369,0.9383947883955244,0.00020243739257685966,0.4430827720119678,2024-11-04,2024-11-26,"Will Harris win 276-262 - PA, NV, MI, WI?"
KXECKH276,VAW,-1,etf_leads,33,-0.0036079324777839946,-0.09731658680316084,0.9231014633035328,0.00030540728070482803,0.4430827720119678,2024-11-04,2024-11-26,"Will Harris win 276-262 - PA, NV, MI, WI?"
KXECKH276,VAW,0,contemporaneous,34,-0.07800314011914844,-2.1195247601684173,0.04189793781684811,0.12310472947279727,0.4430827720119678,2024-11-04,2024-11-26,"Will Harris win 276-262 - PA, NV, MI, WI?"
KXECKH276,VAW,1,kalshi_leads,33,-0.013935459716728722,-0.35251026000073254,0.7268410933679736,0.003992495548433839,0.4430827720119678,2024-11-04,2024-11-26,"Will Harris win 276-262 - PA, NV, MI, WI?"
KXECKH276,VAW,2,kalshi_leads,32,0.0035854317796217786,0.08912204129070007,0.92957724208355,0.00026468786324684856,0.4430827720119678,2024-11-04,2024-11-26,"Will Harris win 276-262 - PA, NV, MI, WI?"
KXECKH276,VAW,3,kalshi_leads,31,0.1333478918744053,4.0921244048761,0.00031135013607668064,0.3660576161796829,0.4430827720119678,2024-11-04,2024-11-26,"Will Harris win 276-262 - PA, NV, MI, WI?"
KXECKH276,VAW,4,kalshi_leads,30,-0.023742002266288878,-0.5751033427634838,0.5698143496544972,0.011674379485134057,0.4430827720119678,2024-11-04,2024-11-26,"Will Harris win 276-262 - PA, NV, MI, WI?"
KXECDJT281,VNQ,-5,etf_leads,157,0.0006339804645029499,0.1429411207071776,0.886522332287979,0.00013180303850113262,0.4303337624527567,2024-11-04,2024-11-25,"Will Trump win 281-257 - AZ, GA, NC, PA?"
KXECDJT281,VNQ,-4,etf_leads,158,0.0036396779865247777,0.8204259926451692,0.41322516172318813,0.0042961989934637845,0.4303337624527567,2024-11-04,2024-11-25,"Will Trump win 281-257 - AZ, GA, NC, PA?"
KXECDJT281,VNQ,-3,etf_leads,159,0.0011561324025603724,0.26081353080078795,0.7945780949468012,0.00043308431752886456,0.4303337624527567,2024-11-04,2024-11-25,"Will Trump win 281-257 - AZ, GA, NC, PA?"
KXECDJT281,VNQ,-2,etf_leads,160,-0.0035697220103536173,-0.8006939412091912,0.42451120268733644,0.004041265119152926,0.4303337624527567,2024-11-04,2024-11-25,"Will Trump win 281-257 - AZ, GA, NC, PA?"
KXECDJT281,VNQ,-1,etf_leads,161,0.008154591964281465,1.79668329081822,0.07428416420907497,0.01989834946961666,0.4303337624527567,2024-11-04,2024-11-25,"Will Trump win 281-257 - AZ, GA, NC, PA?"
KXECDJT281,VNQ,0,contemporaneous,162,-0.0010655167353242165,-0.1729709939395893,0.8628928476399551,0.0001869585696098186,0.4303337624527567,2024-11-04,2024-11-25,"Will Trump win 281-257 - AZ, GA, NC, PA?"
KXECDJT281,VNQ,1,kalshi_leads,161,0.0022458748614180442,0.3636868069741258,0.7165750171929981,0.0008311833618135367,0.4303337624527567,2024-11-04,2024-11-25,"Will Trump win 281-257 - AZ, GA, NC, PA?"
KXECDJT281,VNQ,2,kalshi_leads,160,-0.0003077982245006512,-0.04972084001891035,0.9604076476600347,1.564634969553058e-05,0.4303337624527567,2024-11-04,2024-11-25,"Will Trump win 281-257 - AZ, GA, NC, PA?"
KXECDJT281,VNQ,3,kalshi_leads,159,-0.003411734407432023,-0.5503914943271772,0.5828331244141349,0.001925779739085809,0.4303337624527567,2024-11-04,2024-11-25,"Will Trump win 281-257 - AZ, GA, NC, PA?"
KXECDJT281,VNQ,4,kalshi_leads,158,0.005586560592426713,0.9020107526092239,0.36844172174148104,0.005188473936085014,0.4303337624527567,2024-11-04,2024-11-25,"Will Trump win 281-257 - AZ, GA, NC, PA?"
KXECDJT281,VNQ,5,kalshi_leads,157,-0.003334931717283363,-0.5362186273046511,0.5925761676374248,0.0018516001606678767,0.4303337624527567,2024-11-04,2024-11-25,"Will Trump win 281-257 - AZ, GA, NC, PA?"
FEDDECISION-24SEP-C25,VOX,-5,etf_leads,601,-0.0030570509916211493,-1.5948666108565759,0.11126952450280735,0.004228454111243618,0.4259019059689291,2024-09-04,2024-09-18,Will the Federal Reserve Cut rates by 25bps at their September 2024 meeting?
FEDDECISION-24SEP-C25,VOX,-4,etf_leads,602,-0.00020982502122363273,-0.10931965496885597,0.9129855086717578,1.9917581552730823e-05,0.4259019059689291,2024-09-04,2024-09-18,Will the Federal Reserve Cut rates by 25bps at their September 2024 meeting?
FEDDECISION-24SEP-C25,VOX,-3,etf_leads,603,0.004265684535386244,2.2334760370396323,0.02588479157574963,0.008231865631157187,0.4259019059689291,2024-09-04,2024-09-18,Will the Federal Reserve Cut rates by 25bps at their September 2024 meeting?
FEDDECISION-24SEP-C25,VOX,-2,etf_leads,604,0.0008008392074119485,0.41798637254826465,0.676106131704381,0.00029013607509276174,0.4259019059689291,2024-09-04,2024-09-18,Will the Federal Reserve Cut rates by 25bps at their September 2024 meeting?
FEDDECISION-24SEP-C25,VOX,-1,etf_leads,605,-0.0010128157565332644,-0.5310228653043825,0.5955984636429343,0.000467418703615996,0.4259019059689291,2024-09-04,2024-09-18,Will the Federal Reserve Cut rates by 25bps at their September 2024 meeting?
FEDDECISION-24SEP-C25,VOX,0,contemporaneous,606,-0.005335388410033968,-2.817646854701742,0.00499598866041575,0.012973731143061218,0.4259019059689291,2024-09-04,2024-09-18,Will the Federal Reserve Cut rates by 25bps at their September 2024 meeting?
FEDDECISION-24SEP-C25,VOX,1,kalshi_leads,605,0.000619243433649181,0.3150978142859049,0.7527963968745254,0.00016462734207856045,0.4259019059689291,2024-09-04,2024-09-18,Will the Federal Reserve Cut rates by 25bps at their September 2024 meeting?
FEDDECISION-24SEP-C25,VOX,2,kalshi_leads,604,0.0002385712301391335,0.1204866554084553,0.9041378512060212,2.4114093133187353e-05,0.4259019059689291,2024-09-04,2024-09-18,Will the Federal Reserve Cut rates by 25bps at their September 2024 meeting?
FEDDECISION-24SEP-C25,VOX,3,kalshi_leads,603,-0.0006357229564881999,-0.318329945254982,0.7503452576807326,0.00016858048439094553,0.4259019059689291,2024-09-04,2024-09-18,Will the Federal Reserve Cut rates by 25bps at their September 2024 meeting?
FEDDECISION-24SEP-C25,VOX,4,kalshi_leads,602,-0.0003943884380044647,-0.18695323171777767,0.8517604994219904,5.8249124925024987e-05,0.4259019059689291,2024-09-04,2024-09-18,Will the Federal Reserve Cut rates by 25bps at their September 2024 meeting?
FEDDECISION-24SEP-C25,VOX,5,kalshi_leads,601,-0.0012827666595119508,-0.6082580365138524,0.5432469112952801,0.0006172778962296732,0.4259019059689291,2024-09-04,2024-09-18,Will the Federal Reserve Cut rates by 25bps at their September 2024 meeting?
FEDDECISION-24SEP-C25,VPU,-5,etf_leads,601,-0.0006853286890667486,-0.470637868517221,0.6380706874118746,0.00036964628819446954,0.4196610274034253,2024-09-04,2024-09-18,Will the Federal Reserve Cut rates by 25bps at their September 2024 meeting?
FEDDECISION-24SEP-C25,VPU,-4,etf_leads,602,-0.0018111240789370588,-1.2458875818318604,0.21329193224871554,0.00258038416950912,0.4196610274034253,2024-09-04,2024-09-18,Will the Federal Reserve Cut rates by 25bps at their September 2024 meeting?
FEDDECISION-24SEP-C25,VPU,-3,etf_leads,603,0.0010177260982004142,0.7000660260022358,0.48415696507625317,0.0008147971960330569,0.4196610274034253,2024-09-04,2024-09-18,Will the Federal Reserve Cut rates by 25bps at their September 2024 meeting?
FEDDECISION-24SEP-C25,VPU,-2,etf_leads,604,0.002550959886419763,1.7595826512866268,0.07898649175913841,0.0051167590528899964,0.4196610274034253,2024-09-04,2024-09-18,Will the Federal Reserve Cut rates by 25bps at their September 2024 meeting?
FEDDECISION-24SEP-C25,VPU,-1,etf_leads,605,-0.00297064317530954,-2.060053486933753,0.03982198086283,0.006988659623491933,0.4196610274034253,2024-09-04,2024-09-18,Will the Federal Reserve Cut rates by 25bps at their September 2024 meeting?
FEDDECISION-24SEP-C25,VPU,0,contemporaneous,606,-0.006561679162060346,-4.617927021461921,4.738631675915195e-06,0.034102652941620404,0.4196610274034253,2024-09-04,2024-09-18,Will the Federal Reserve Cut rates by 25bps at their September 2024 meeting?
FEDDECISION-24SEP-C25,VPU,1,kalshi_leads,605,-0.0016551957591183783,-1.1181358114754938,0.26395424893866704,0.002069056221422394,0.4196610274034253,2024-09-04,2024-09-18,Will the Federal Reserve Cut rates by 25bps at their September 2024 meeting?
FEDDECISION-24SEP-C25,VPU,2,kalshi_leads,604,0.0016214968986370554,1.0918519731501837,0.27533494362331673,0.0019763863796808945,0.4196610274034253,2024-09-04,2024-09-18,Will the Federal Reserve Cut rates by 25bps at their September 2024 meeting?
FEDDECISION-24SEP-C25,VPU,3,kalshi_leads,603,0.00012777910496960209,0.08515446748692725,0.9321669473553532,1.2065217711576537e-05,0.4196610274034253,2024-09-04,2024-09-18,Will the Federal Reserve Cut rates by 25bps at their September 2024 meeting?
FEDDECISION-24SEP-C25,VPU,4,kalshi_leads,602,0.0004644083260913268,0.29239745598369604,0.7700838339189855,0.000142473485522987,0.4196610274034253,2024-09-04,2024-09-18,Will the Federal Reserve Cut rates by 25bps at their September 2024 meeting?
FEDDECISION-24SEP-C25,VPU,5,kalshi_leads,601,-0.00045023038776580414,-0.28353149730843774,0.7768674079805598,0.00013418918611440844,0.4196610274034253,2024-09-04,2024-09-18,Will the Federal Reserve Cut rates by 25bps at their September 2024 meeting?
RATECUT-24SEP18,VGT,-5,etf_leads,32,0.3241486212717738,1.2657872243252812,0.21533141754286067,0.05069952156185431,0.4188652374430102,2024-09-04,2024-09-18,"Will the Federal Reserve cut rates before September 19, 2024?"
RATECUT-24SEP18,VGT,-4,etf_leads,33,0.10230198008219223,0.4104176691583065,0.684322500610778,0.0054042694714563355,0.4188652374430102,2024-09-04,2024-09-18,"Will the Federal Reserve cut rates before September 19, 2024?"
RATECUT-24SEP18,VGT,-3,etf_leads,34,-0.003682518189118439,-0.01554505322360775,0.9876938596630515,7.5514642159379974e-06,0.4188652374430102,2024-09-04,2024-09-18,"Will the Federal Reserve cut rates before September 19, 2024?"
RATECUT-24SEP18,VGT,-2,etf_leads,35,-0.3515696488050025,-1.6014992933463186,0.11879717074293641,0.07211624942515982,0.4188652374430102,2024-09-04,2024-09-18,"Will the Federal Reserve cut rates before September 19, 2024?"
RATECUT-24SEP18,VGT,-1,etf_leads,36,-0.04689430847583381,-0.20883753343437947,0.8358212230059953,0.0012810953767792288,0.4188652374430102,2024-09-04,2024-09-18,"Will the Federal Reserve cut rates before September 19, 2024?"
RATECUT-24SEP18,VGT,0,contemporaneous,37,0.3043311120702943,1.3924087779002408,0.1725825506910229,0.05248687258524798,0.4188652374430102,2024-09-04,2024-09-18,"Will the Federal Reserve cut rates before September 19, 2024?"
RATECUT-24SEP18,VGT,1,kalshi_leads,36,-0.41465247898984703,-1.8639267271958335,0.07098630466276605,0.09270967029215704,0.4188652374430102,2024-09-04,2024-09-18,"Will the Federal Reserve cut rates before September 19, 2024?"
RATECUT-24SEP18,VGT,2,kalshi_leads,35,0.14590234959360315,0.6017730579110138,0.5514374888819542,0.010854546888953487,0.4188652374430102,2024-09-04,2024-09-18,"Will the Federal Reserve cut rates before September 19, 2024?"
RATECUT-24SEP18,VGT,3,kalshi_leads,34,-0.3655256609995425,-1.4748620185101602,0.1500213309265134,0.06364898609634051,0.4188652374430102,2024-09-04,2024-09-18,"Will the Federal Reserve cut rates before September 19, 2024?"
RATECUT-24SEP18,VGT,4,kalshi_leads,33,0.30228977761131226,1.309755081380465,0.199902513517079,0.05243571261123203,0.4188652374430102,2024-09-04,2024-09-18,"Will the Federal Reserve cut rates before September 19, 2024?"
RATECUT-24SEP18,VGT,5,kalshi_leads,32,0.16741598281637807,0.7132263671484026,0.4812174282506235,0.016673669696605886,0.4188652374430102,2024-09-04,2024-09-18,"Will the Federal Reserve cut rates before September 19, 2024?"
KXECDJT281,VOX,-5,etf_leads,157,-0.004773994675232057,-1.1288256752510524,0.2607154603088158,0.008153918040013308,0.3259960474534679,2024-11-04,2024-11-25,"Will Trump win 281-257 - AZ, GA, NC, PA?"
KXECDJT281,VOX,-4,etf_leads,158,0.004108412741809798,0.9729050061888596,0.33210666039832315,0.006030997090042511,0.3259960474534679,2024-11-04,2024-11-25,"Will Trump win 281-257 - AZ, GA, NC, PA?"
KXECDJT281,VOX,-3,etf_leads,159,-0.0035300631223176017,-0.8315047531986689,0.4069513998341887,0.004384514018609398,0.3259960474534679,2024-11-04,2024-11-25,"Will Trump win 281-257 - AZ, GA, NC, PA?"
KXECDJT281,VOX,-2,etf_leads,160,-0.01018577980896555,-2.4101155705600994,0.017096297617138462,0.03546001272207533,0.3259960474534679,2024-11-04,2024-11-25,"Will Trump win 281-257 - AZ, GA, NC, PA?"
KXECDJT281,VOX,-1,etf_leads,161,0.0014488577274671553,0.30685672274644826,0.7593539288839173,0.0005918573483416623,0.3259960474534679,2024-11-04,2024-11-25,"Will Trump win 281-257 - AZ, GA, NC, PA?"
KXECDJT281,VOX,0,contemporaneous,162,-0.0024995951715639305,-0.510941381344333,0.61009639472023,0.001628973959026947,0.3259960474534679,2024-11-04,2024-11-25,"Will Trump win 281-257 - AZ, GA, NC, PA?"
KXECDJT281,VOX,1,kalshi_leads,161,0.006764066836439474,1.3856739069706807,0.16778705747315045,0.011931960456210922,0.3259960474534679,2024-11-04,2024-11-25,"Will Trump win 281-257 - AZ, GA, NC, PA?"
KXECDJT281,VOX,2,kalshi_leads,160,0.003151667491606736,0.6409143921726675,0.5225068226142175,0.0025930765618505935,0.3259960474534679,2024-11-04,2024-11-25,"Will Trump win 281-257 - AZ, GA, NC, PA?"
KXECDJT281,VOX,3,kalshi_leads,159,0.000504062977020738,0.10206939653312765,0.918831837946451,6.635331483495488e-05,0.3259960474534679,2024-11-04,2024-11-25,"Will Trump win 281-257 - AZ, GA, NC, PA?"
KXECDJT281,VOX,4,kalshi_leads,158,-0.002401723619348346,-0.4851308012012615,0.6282641324749816,0.0015063933445322863,0.3259960474534679,2024-11-04,2024-11-25,"Will Trump win 281-257 - AZ, GA, NC, PA?"
KXECDJT281,VOX,5,kalshi_leads,157,-0.0013610590795233028,-0.2744104521237101,0.784134599420216,0.0004855776239183207,0.3259960474534679,2024-11-04,2024-11-25,"Will Trump win 281-257 - AZ, GA, NC, PA?"
KXECDJT306,VDC,-5,etf_leads,63,0.004661821985298911,1.7658626342775665,0.08242299823589412,0.04863310881802163,0.3214474527210765,2024-11-04,2024-12-16,"Will Trump win 306-232 - AZ, GA, MI, PA, WI, NC?"
KXECDJT306,VDC,-4,etf_leads,64,-0.001493919387346919,-0.556844801373775,0.5796380729853721,0.004976340137284652,0.3214474527210765,2024-11-04,2024-12-16,"Will Trump win 306-232 - AZ, GA, MI, PA, WI, NC?"
KXECDJT306,VDC,-3,etf_leads,65,-0.0003308369693453628,-0.11430398951542635,0.9093603281491591,0.00020734433304880895,0.3214474527210765,2024-11-04,2024-12-16,"Will Trump win 306-232 - AZ, GA, MI, PA, WI, NC?"
KXECDJT306,VDC,-2,etf_leads,66,-0.0014417821571566722,-0.5025216470815742,0.6170254334510976,0.003930242336345868,0.3214474527210765,2024-11-04,2024-12-16,"Will Trump win 306-232 - AZ, GA, MI, PA, WI, NC?"
KXECDJT306,VDC,-1,etf_leads,67,0.0007955783858260596,0.12146002912492203,0.9037013833735721,0.00022691063334034922,0.3214474527210765,2024-11-04,2024-12-16,"Will Trump win 306-232 - AZ, GA, MI, PA, WI, NC?"
KXECDJT306,VDC,0,contemporaneous,68,-0.0023043308110303863,-0.350703610677257,0.7269276407766001,0.0018600643576451859,0.3214474527210765,2024-11-04,2024-12-16,"Will Trump win 306-232 - AZ, GA, MI, PA, WI, NC?"
KXECDJT306,VDC,1,kalshi_leads,67,0.0010589768984957785,0.15989640168076388,0.8734585336300812,0.0003931816438567104,0.3214474527210765,2024-11-04,2024-12-16,"Will Trump win 306-232 - AZ, GA, MI, PA, WI, NC?"
KXECDJT306,VDC,2,kalshi_leads,66,0.0018767993571129986,0.2813518409754814,0.7793482238765502,0.0012353292370017588,0.3214474527210765,2024-11-04,2024-12-16,"Will Trump win 306-232 - AZ, GA, MI, PA, WI, NC?"
KXECDJT306,VDC,3,kalshi_leads,65,-0.001391127662738479,-0.20701832353598604,0.8366632163177703,0.0006798008307410397,0.3214474527210765,2024-11-04,2024-12-16,"Will Trump win 306-232 - AZ, GA, MI, PA, WI, NC?"
KXECDJT306,VDC,4,kalshi_leads,64,-0.00020855306753873897,-0.03078062380597685,0.9755433658326285,1.528116651317024e-05,0.3214474527210765,2024-11-04,2024-12-16,"Will Trump win 306-232 - AZ, GA, MI, PA, WI, NC?"
KXECDJT306,VDC,5,kalshi_leads,63,0.0008267266880582605,0.1210794696744723,0.9040260509646381,0.0002402740246278956,0.3214474527210765,2024-11-04,2024-12-16,"Will Trump win 306-232 - AZ, GA, MI, PA, WI, NC?"
KXECDJT281,VGT,-5,etf_leads,157,-0.005913128420881834,-1.1332222677994952,0.2588707291707941,0.008217035171522613,0.3150074068770069,2024-11-04,2024-11-25,"Will Trump win 281-257 - AZ, GA, NC, PA?"
KXECDJT281,VGT,-4,etf_leads,158,0.003833831834054121,0.735339218654906,0.4632370113944835,0.0034542051006395402,0.3150074068770069,2024-11-04,2024-11-25,"Will Trump win 281-257 - AZ, GA, NC, PA?"
KXECDJT281,VGT,-3,etf_leads,159,-0.0013907219732434807,-0.2652293056804211,0.7911807436906577,0.0004478667432866734,0.3150074068770069,2024-11-04,2024-11-25,"Will Trump win 281-257 - AZ, GA, NC, PA?"
KXECDJT281,VGT,-2,etf_leads,160,-0.013078346815516806,-2.548630867664158,0.011767899624108916,0.039487515084101976,0.3150074068770069,2024-11-04,2024-11-25,"Will Trump win 281-257 - AZ, GA, NC, PA?"
KXECDJT281,VGT,-1,etf_leads,161,0.0013535966750994424,0.2235821447276006,0.8233694657506888,0.0003142972581327008,0.3150074068770069,2024-11-04,2024-11-25,"Will Trump win 281-257 - AZ, GA, NC, PA?"
KXECDJT281,VGT,0,contemporaneous,162,-0.0036702735940622945,-0.5390832788409704,0.5905787140078815,0.0018130243568788007,0.3150074068770069,2024-11-04,2024-11-25,"Will Trump win 281-257 - AZ, GA, NC, PA?"
KXECDJT281,VGT,1,kalshi_leads,161,0.0071208950134393646,1.0452618112577596,0.29748846888688224,0.006824628017969014,0.3150074068770069,2024-11-04,2024-11-25,"Will Trump win 281-257 - AZ, GA, NC, PA?"
KXECDJT281,VGT,2,kalshi_leads,160,0.003237812657821315,0.4731211062224729,0.6367797545969514,0.0014147272376074937,0.3150074068770069,2024-11-04,2024-11-25,"Will Trump win 281-257 - AZ, GA, NC, PA?"
KXECDJT281,VGT,3,kalshi_leads,159,-0.0009653847695065291,-0.140579778519119,0.8883821251351252,0.00012586106227596705,0.3150074068770069,2024-11-04,2024-11-25,"Will Trump win 281-257 - AZ, GA, NC, PA?"
KXECDJT281,VGT,4,kalshi_leads,158,0.0007263161350918184,0.10564536228139904,0.9159994538497852,7.153938541437643e-05,0.3150074068770069,2024-11-04,2024-11-25,"Will Trump win 281-257 - AZ, GA, NC, PA?"
KXECDJT281,VGT,5,kalshi_leads,157,-0.0007694573954757795,-0.111666128794798,0.9112326100084026,8.04407824374076e-05,0.3150074068770069,2024-11-04,2024-11-25,"Will Trump win 281-257 - AZ, GA, NC, PA?"
KXECDJT312,VAW,-5,etf_leads,122,0.0009126107649158645,0.3580247979218259,0.7209537563721469,0.001067041505609545,0.3098810916918901,2024-11-04,2024-12-12,Will Trump win 312-226 - swing state sweep?
KXECDJT312,VAW,-4,etf_leads,123,0.0034686474960042087,1.3748230401190702,0.17172686833121084,0.015380716600859268,0.3098810916918901,2024-11-04,2024-12-12,Will Trump win 312-226 - swing state sweep?
KXECDJT312,VAW,-3,etf_leads,124,-0.00464516664936931,-1.8665370999025925,0.06436710803541877,0.02776419173111666,0.3098810916918901,2024-11-04,2024-12-12,Will Trump win 312-226 - swing state sweep?
KXECDJT312,VAW,-2,etf_leads,125,0.004908097156302135,1.9461538992188336,0.05391670457684944,0.029872933462425366,0.3098810916918901,2024-11-04,2024-12-12,Will Trump win 312-226 - swing state sweep?
KXECDJT312,VAW,-1,etf_leads,126,-0.004983113922298371,-1.9540610131860607,0.052945156008473986,0.029873287446748664,0.3098810916918901,2024-11-04,2024-12-12,Will Trump win 312-226 - swing state sweep?
KXECDJT312,VAW,0,contemporaneous,127,0.008967583533042745,3.215774565398503,0.0016561470370978282,0.07640840773375435,0.3098810916918901,2024-11-04,2024-12-12,Will Trump win 312-226 - swing state sweep?
KXECDJT312,VAW,1,kalshi_leads,126,-0.0012277432463700198,-0.4219622959573702,0.6737832088066386,0.00143384580515582,0.3098810916918901,2024-11-04,2024-12-12,Will Trump win 312-226 - swing state sweep?
KXECDJT312,VAW,2,kalshi_leads,125,0.0014407700970438346,0.4933217973992081,0.6226648816475502,0.001974681501376807,0.3098810916918901,2024-11-04,2024-12-12,Will Trump win 312-226 - swing state sweep?
KXECDJT312,VAW,3,kalshi_leads,124,-0.002411072128934825,-0.8239772093603118,0.41156045090545246,0.005534270594203972,0.3098810916918901,2024-11-04,2024-12-12,Will Trump win 312-226 - swing state sweep?
KXECDJT312,VAW,4,kalshi_leads,123,0.0007796923315734473,0.2647276661893837,0.7916696805372793,0.0005788443917718045,0.3098810916918901,2024-11-04,2024-12-12,Will Trump win 312-226 - swing state sweep?
KXECDJT312,VAW,5,kalshi_leads,122,-0.0010383801629936158,-0.351139835260868,0.7260991831649007,0.0010264385406052456,0.3098810916918901,2024-11-04,2024-12-12,Will Trump win 312-226 - swing state sweep?
KXECDJT281,VCR,-5,etf_leads,157,-0.0029848620403731393,-0.5492316849952902,0.5836368497968043,0.0019423839555395839,0.2842956735630119,2024-11-04,2024-11-25,"Will Trump win 281-257 - AZ, GA, NC, PA?"
KXECDJT281,VCR,-4,etf_leads,158,0.003972525253935298,0.7326061001961719,0.4648980309621925,0.0034286634248451575,0.2842956735630119,2024-11-04,2024-11-25,"Will Trump win 281-257 - AZ, GA, NC, PA?"
KXECDJT281,VCR,-3,etf_leads,159,0.0006626767008524493,0.12129406146495933,0.9036132250515112,9.369981408680061e-05,0.2842956735630119,2024-11-04,2024-11-25,"Will Trump win 281-257 - AZ, GA, NC, PA?"
KXECDJT281,VCR,-2,etf_leads,160,-0.014093125668795309,-2.643446205978436,0.009033617866658183,0.042353480146321454,0.2842956735630119,2024-11-04,2024-11-25,"Will Trump win 281-257 - AZ, GA, NC, PA?"
KXECDJT281,VCR,-1,etf_leads,161,0.0022154115769013713,0.39106877783559746,0.6962699290185278,0.0009609297447171761,0.2842956735630119,2024-11-04,2024-11-25,"Will Trump win 281-257 - AZ, GA, NC, PA?"
KXECDJT281,VCR,0,contemporaneous,162,-0.0019419221023902755,-0.26108700507291316,0.7943611676026302,0.0004258587184496898,0.2842956735630119,2024-11-04,2024-11-25,"Will Trump win 281-257 - AZ, GA, NC, PA?"
KXECDJT281,VCR,1,kalshi_leads,161,0.004550643666132111,0.6105826621614985,0.5423476900994674,0.0023392395764041396,0.2842956735630119,2024-11-04,2024-11-25,"Will Trump win 281-257 - AZ, GA, NC, PA?"
KXECDJT281,VCR,2,kalshi_leads,160,0.0024448715012528,0.327022793019097,0.7440834862439404,0.0006764023420554599,0.2842956735630119,2024-11-04,2024-11-25,"Will Trump win 281-257 - AZ, GA, NC, PA?"
KXECDJT281,VCR,3,kalshi_leads,159,-0.007591755600499999,-1.0152776038923228,0.3115355758587748,0.006522707518025861,0.2842956735630119,2024-11-04,2024-11-25,"Will Trump win 281-257 - AZ, GA, NC, PA?"
KXECDJT281,VCR,4,kalshi_leads,158,0.0029273353915844525,0.3891705200066456,0.6976807202294659,0.0009699153613991207,0.2842956735630119,2024-11-04,2024-11-25,"Will Trump win 281-257 - AZ, GA, NC, PA?"
KXECDJT281,VCR,5,kalshi_leads,157,-0.0002860867697662625,-0.03799344755188489,0.9697417959603423,9.31282976668335e-06,0.2842956735630119,2024-11-04,2024-11-25,"Will Trump win 281-257 - AZ, GA, NC, PA?"
KXFEDDECISION-24DEC-C25,VFH,-5,etf_leads,1149,0.007747141968113872,3.9753168781879227,7.467939579956399e-05,0.01359055860806413,0.2706214856006831,2024-10-31,2024-12-18,Will the Federal Reserve Cut rates by 25bps at their December 2024 meeting?
KXFEDDECISION-24DEC-C25,VFH,-4,etf_leads,1150,0.0039035104666766693,2.0008837709184513,0.04564002099499266,0.003475280882466847,0.2706214856006831,2024-10-31,2024-12-18,Will the Federal Reserve Cut rates by 25bps at their December 2024 meeting?
KXFEDDECISION-24DEC-C25,VFH,-3,etf_leads,1151,-0.013146037408513224,-6.93785898634679,6.63452984134052e-12,0.04020760570266135,0.2706214856006831,2024-10-31,2024-12-18,Will the Federal Reserve Cut rates by 25bps at their December 2024 meeting?
KXFEDDECISION-24DEC-C25,VFH,-2,etf_leads,1152,-0.00357951953680615,-1.860837009065457,0.06302225722591656,0.003002016737217117,0.2706214856006831,2024-10-31,2024-12-18,Will the Federal Reserve Cut rates by 25bps at their December 2024 meeting?
KXFEDDECISION-24DEC-C25,VFH,-1,etf_leads,1153,0.0027391701057776718,1.4506192773584266,0.14715835967126378,0.0018248967544551853,0.2706214856006831,2024-10-31,2024-12-18,Will the Federal Reserve Cut rates by 25bps at their December 2024 meeting?
KXFEDDECISION-24DEC-C25,VFH,0,contemporaneous,1154,-0.0010079442005767093,-0.5698639565059105,0.5688810824789354,0.00028181719637099256,0.2706214856006831,2024-10-31,2024-12-18,Will the Federal Reserve Cut rates by 25bps at their December 2024 meeting?
KXFEDDECISION-24DEC-C25,VFH,1,kalshi_leads,1153,0.008323976683901137,4.749437535497478,2.2967774638391376e-06,0.019221183025382893,0.2706214856006831,2024-10-31,2024-12-18,Will the Federal Reserve Cut rates by 25bps at their December 2024 meeting?
KXFEDDECISION-24DEC-C25,VFH,2,kalshi_leads,1152,-0.008141297783115698,-4.64447959088532,3.802137419175704e-06,0.018412189410198065,0.2706214856006831,2024-10-31,2024-12-18,Will the Federal Reserve Cut rates by 25bps at their December 2024 meeting?
KXFEDDECISION-24DEC-C25,VFH,3,kalshi_leads,1151,0.008568184959576659,4.892565541216157,1.1370099843159264e-06,0.020407910691708775,0.2706214856006831,2024-10-31,2024-12-18,Will the Federal Reserve Cut rates by 25bps at their December 2024 meeting?
KXFEDDECISION-24DEC-C25,VFH,4,kalshi_leads,1150,-0.0017891271971458456,-1.011909642059185,0.3117944828025687,0.0008911573286001229,0.2706214856006831,2024-10-31,2024-12-18,Will the Federal Reserve Cut rates by 25bps at their December 2024 meeting?
KXFEDDECISION-24DEC-C25,VFH,5,kalshi_leads,1149,-0.006695426772775663,-3.8172289496447953,0.00014217132594396566,0.012544419482588998,0.2706214856006831,2024-10-31,2024-12-18,Will the Federal Reserve Cut rates by 25bps at their December 2024 meeting?
AAAGASM-24OCT31-US-3.15,VPU,-5,etf_leads,35,0.009854356899643783,0.5490487053995401,0.5866682679435404,0.009052291727191464,0.1991053646058067,2024-10-02,2024-10-31,Will average **gas prices** be above $3.15?
AAAGASM-24OCT31-US-3.15,VPU,-4,etf_leads,36,-0.006341814946533006,-0.3824611580106793,0.7044997953821193,0.004283821025894752,0.1991053646058067,2024-10-02,2024-10-31,Will average **gas prices** be above $3.15?
AAAGASM-24OCT31-US-3.15,VPU,-3,etf_leads,37,0.011994593350772114,0.7923590067780238,0.4334894526658223,0.01762197547136224,0.1991053646058067,2024-10-02,2024-10-31,Will average **gas prices** be above $3.15?
AAAGASM-24OCT31-US-3.15,VPU,-2,etf_leads,38,0.016105143455511062,1.079654869067777,0.2874764444442143,0.03136375903259869,0.1991053646058067,2024-10-02,2024-10-31,Will average **gas prices** be above $3.15?
AAAGASM-24OCT31-US-3.15,VPU,-1,etf_leads,39,-0.016183172409046688,-1.1002616365729447,0.278325226676085,0.03168169146163968,0.1991053646058067,2024-10-02,2024-10-31,Will average **gas prices** be above $3.15?
AAAGASM-24OCT31-US-3.15,VPU,0,contemporaneous,40,-0.01125929514517371,-0.7121477154758512,0.48072310295694853,0.013170393319696161,0.1991053646058067,2024-10-02,2024-10-31,Will average **gas prices** be above $3.15?
AAAGASM-24OCT31-US-3.15,VPU,1,kalshi_leads,39,0.020932216713333167,1.3295281859998915,0.19181314120870205,0.04559588771432943,0.1991053646058067,2024-10-02,2024-10-31,Will average **gas prices** be above $3.15?
AAAGASM-24OCT31-US-3.15,VPU,2,kalshi_leads,38,0.0037055854151225483,0.22908113293904162,0.8201023336804343,0.0014556049442087104,0.1991053646058067,2024-10-02,2024-10-31,Will average **gas prices** be above $3.15?
AAAGASM-24OCT31-US-3.15,VPU,3,kalshi_leads,37,0.0008265387043758831,0.06448126605344799,0.9489539099544544,0.0001187811371325953,0.1991053646058067,2024-10-02,2024-10-31,Will average **gas prices** be above $3.15?
AAAGASM-24OCT31-US-3.15,VPU,4,kalshi_leads,36,0.001416405600869363,0.10667326139491723,0.9156751413681226,0.00033456992834157706,0.1991053646058067,2024-10-02,2024-10-31,Will average **gas prices** be above $3.15?
AAAGASM-24OCT31-US-3.15,VPU,5,kalshi_leads,35,-0.008726234762549814,-0.7429396006412363,0.4627746622772553,0.016450879845344546,0.1991053646058067,2024-10-02,2024-10-31,Will average **gas prices** be above $3.15?
FEDDECISION-24NOV-H0,VDE,-5,etf_leads,256,0.01223224290020177,0.7429066510447944,0.4582247318792855,0.0021681640162635185,0.1925413869786475,2024-09-18,2024-11-07,Will the Federal Reserve Hike rates by 0bps at their November 2024 meeting?
FEDDECISION-24NOV-H0,VDE,-4,etf_leads,257,0.00355803024868096,0.2166986282705563,0.8286164806457073,0.00018411627336445413,0.1925413869786475,2024-09-18,2024-11-07,Will the Federal Reserve Hike rates by 0bps at their November 2024 meeting?
FEDDECISION-24NOV-H0,VDE,-3,etf_leads,258,-0.012852419908309756,-0.7851511544950187,0.43309096191550067,0.0024022711941180663,0.1925413869786475,2024-09-18,2024-11-07,Will the Federal Reserve Hike rates by 0bps at their November 2024 meeting?
FEDDECISION-24NOV-H0,VDE,-2,etf_leads,259,0.011551955102859652,0.7121047398513553,0.4770458589189128,0.001969239582082727,0.1925413869786475,2024-09-18,2024-11-07,Will the Federal Reserve Hike rates by 0bps at their November 2024 meeting?
FEDDECISION-24NOV-H0,VDE,-1,etf_leads,260,0.005038882599354286,0.31604895314910775,0.7522208830540204,0.00038700885138154284,0.1925413869786475,2024-09-18,2024-11-07,Will the Federal Reserve Hike rates by 0bps at their November 2024 meeting?
FEDDECISION-24NOV-H0,VDE,0,contemporaneous,261,0.006432052168955833,0.4070924608528464,0.6842763143238799,0.0006394528911914943,0.1925413869786475,2024-09-18,2024-11-07,Will the Federal Reserve Hike rates by 0bps at their November 2024 meeting?
FEDDECISION-24NOV-H0,VDE,1,kalshi_leads,260,-0.008758379978821127,-0.5532866514794096,0.5805462624110829,0.001185129146199948,0.1925413869786475,2024-09-18,2024-11-07,Will the Federal Reserve Hike rates by 0bps at their November 2024 meeting?
FEDDECISION-24NOV-H0,VDE,2,kalshi_leads,259,-0.007494446993025781,-0.4723789151715824,0.6370572215631756,0.0008675029700004888,0.1925413869786475,2024-09-18,2024-11-07,Will the Federal Reserve Hike rates by 0bps at their November 2024 meeting?
FEDDECISION-24NOV-H0,VDE,3,kalshi_leads,258,-0.007090359994693424,-0.44900219034049554,0.6538099334724534,0.0007868919030790122,0.1925413869786475,2024-09-18,2024-11-07,Will the Federal Reserve Hike rates by 0bps at their November 2024 meeting?
FEDDECISION-24NOV-H0,VDE,4,kalshi_leads,257,0.0030895857363751984,0.19521917625021265,0.8453768244742671,0.00014943071330442148,0.1925413869786475,2024-09-18,2024-11-07,Will the Federal Reserve Hike rates by 0bps at their November 2024 meeting?
FEDDECISION-24NOV-H0,VDE,5,kalshi_leads,256,0.02072316477065096,1.311225502383307,0.19096569833537996,0.006723435561103219,0.1925413869786475,2024-09-18,2024-11-07,Will the Federal Reserve Hike rates by 0bps at their November 2024 meeting?
FEDDECISION-24NOV-H0,VNQ,-5,etf_leads,256,0.010578630729234526,1.0337275258893879,0.302246776021936,0.0041894322891666835,0.1705945291867034,2024-09-18,2024-11-07,Will the Federal Reserve Hike rates by 0bps at their November 2024 meeting?
FEDDECISION-24NOV-H0,VNQ,-4,etf_leads,257,-0.010491906718618204,-1.0291552102074253,0.3043819217992272,0.004136389593909939,0.1705945291867034,2024-09-18,2024-11-07,Will the Federal Reserve Hike rates by 0bps at their November 2024 meeting?
FEDDECISION-24NOV-H0,VNQ,-3,etf_leads,258,0.006119857083694314,0.6006525901233271,0.5486027993235454,0.0014073273183530244,0.1705945291867034,2024-09-18,2024-11-07,Will the Federal Reserve Hike rates by 0bps at their November 2024 meeting?
FEDDECISION-24NOV-H0,VNQ,-2,etf_leads,259,0.0027434413987427074,0.27143484423849346,0.7862745087051817,0.00028659828405031007,0.1705945291867034,2024-09-18,2024-11-07,Will the Federal Reserve Hike rates by 0bps at their November 2024 meeting?
FEDDECISION-24NOV-H0,VNQ,-1,etf_leads,260,-0.011816133791924125,-1.1934636946153228,0.23378409305610487,0.0054904466742281555,0.1705945291867034,2024-09-18,2024-11-07,Will the Federal Reserve Hike rates by 0bps at their November 2024 meeting?
FEDDECISION-24NOV-H0,VNQ,0,contemporaneous,261,0.005647612733130761,0.5743193818846102,0.5662501556507058,0.0012719043396915986,0.1705945291867034,2024-09-18,2024-11-07,Will the Federal Reserve Hike rates by 0bps at their November 2024 meeting?
FEDDECISION-24NOV-H0,VNQ,1,kalshi_leads,260,-0.003341981403691778,-0.33893810160617827,0.7349320572010334,0.00044506940920696625,0.1705945291867034,2024-09-18,2024-11-07,Will the Federal Reserve Hike rates by 0bps at their November 2024 meeting?
FEDDECISION-24NOV-H0,VNQ,2,kalshi_leads,259,-0.009531666672455728,-0.9659498520914228,0.3349773517876393,0.003617446790072365,0.1705945291867034,2024-09-18,2024-11-07,Will the Federal Reserve Hike rates by 0bps at their November 2024 meeting?
FEDDECISION-24NOV-H0,VNQ,3,kalshi_leads,258,-0.005398772410096819,-0.5604533088536734,0.5756604231826624,0.0012254803840667794,0.1705945291867034,2024-09-18,2024-11-07,Will the Federal Reserve Hike rates by 0bps at their November 2024 meeting?
FEDDECISION-24NOV-H0,VNQ,4,kalshi_leads,257,-0.0003102554540268161,-0.03213079320435132,0.9743928812087003,4.048563498670887e-06,0.1705945291867034,2024-09-18,2024-11-07,Will the Federal Reserve Hike rates by 0bps at their November 2024 meeting?
FEDDECISION-24NOV-H0,VNQ,5,kalshi_leads,256,-0.02278565025140716,-2.3830550782012807,0.017905489477890633,0.02186912521331308,0.1705945291867034,2024-09-18,2024-11-07,Will the Federal Reserve Hike rates by 0bps at their November 2024 meeting?
KXFEDDECISION-24DEC-C25,VIS,-5,etf_leads,1148,0.0037394549488917075,2.5237317770893997,0.01174594876579864,0.005527067159238674,0.1537791226116408,2024-10-31,2024-12-18,Will the Federal Reserve Cut rates by 25bps at their December 2024 meeting?
KXFEDDECISION-24DEC-C25,VIS,-4,etf_leads,1149,0.0020488239922417315,1.3856407800891353,0.16612598033634668,0.0016711349535437625,0.1537791226116408,2024-10-31,2024-12-18,Will the Federal Reserve Cut rates by 25bps at their December 2024 meeting?
KXFEDDECISION-24DEC-C25,VIS,-3,etf_leads,1150,-0.005919067491542058,-4.07057728665544,5.0108405691111885e-05,0.014228088604157918,0.1537791226116408,2024-10-31,2024-12-18,Will the Federal Reserve Cut rates by 25bps at their December 2024 meeting?
KXFEDDECISION-24DEC-C25,VIS,-2,etf_leads,1151,-0.0021406669447262823,-1.4687801547661583,0.1421661434812025,0.0018740402503257814,0.1537791226116408,2024-10-31,2024-12-18,Will the Federal Reserve Cut rates by 25bps at their December 2024 meeting?
KXFEDDECISION-24DEC-C25,VIS,-1,etf_leads,1152,0.0006130205193339017,0.42836563787339504,0.6684651543800955,0.00015953725659445528,0.1537791226116408,2024-10-31,2024-12-18,Will the Federal Reserve Cut rates by 25bps at their December 2024 meeting?
KXFEDDECISION-24DEC-C25,VIS,0,contemporaneous,1153,8.419932139136183e-05,0.06285587823888543,0.949892182738816,3.4325350719566217e-06,0.1537791226116408,2024-10-31,2024-12-18,Will the Federal Reserve Cut rates by 25bps at their December 2024 meeting?
KXFEDDECISION-24DEC-C25,VIS,1,kalshi_leads,1152,0.0046516368971281615,3.4907060285878377,0.0005000007161230864,0.010484585740128116,0.1537791226116408,2024-10-31,2024-12-18,Will the Federal Reserve Cut rates by 25bps at their December 2024 meeting?
KXFEDDECISION-24DEC-C25,VIS,2,kalshi_leads,1151,-0.004896079613177802,-3.6785506755815973,0.00024542094340462394,0.011639884456121297,0.1537791226116408,2024-10-31,2024-12-18,Will the Federal Reserve Cut rates by 25bps at their December 2024 meeting?
KXFEDDECISION-24DEC-C25,VIS,3,kalshi_leads,1150,0.00762010134273727,5.773660647073745,9.97527409265717e-09,0.028218204683480352,0.1537791226116408,2024-10-31,2024-12-18,Will the Federal Reserve Cut rates by 25bps at their December 2024 meeting?
KXFEDDECISION-24DEC-C25,VIS,4,kalshi_leads,1149,-0.0044494610646195944,-3.338860779214236,0.0008682568647361352,0.009625705338773938,0.1537791226116408,2024-10-31,2024-12-18,Will the Federal Reserve Cut rates by 25bps at their December 2024 meeting?
KXFEDDECISION-24DEC-C25,VIS,5,kalshi_leads,1148,-0.002496854252904504,-1.8726654384414263,0.0613690486416041,0.003050765435184677,0.1537791226116408,2024-10-31,2024-12-18,Will the Federal Reserve Cut rates by 25bps at their December 2024 meeting?
KXFEDDECISION-24DEC-H0,VGT,-5,etf_leads,669,0.001403483517079597,0.47598759725573714,0.6342390771840867,0.00033956110997379607,0.1198576154549284,2024-10-31,2024-12-18,Will the Federal Reserve Hike rates by 0bps at their December 2024 meeting?
KXFEDDECISION-24DEC-H0,VGT,-4,etf_leads,670,-0.005989551349953726,-2.061702787873585,0.03962235361326723,0.006322966865741186,0.1198576154549284,2024-10-31,2024-12-18,Will the Federal Reserve Hike rates by 0bps at their December 2024 meeting?
KXFEDDECISION-24DEC-H0,VGT,-3,etf_leads,671,0.007061276011821625,2.4402545749318456,0.014935416324617114,0.008822578958594618,0.1198576154549284,2024-10-31,2024-12-18,Will the Federal Reserve Hike rates by 0bps at their December 2024 meeting?
KXFEDDECISION-24DEC-H0,VGT,-2,etf_leads,672,-0.0061249361514644045,-2.120099809710184,0.03436456718946025,0.006663984731250516,0.1198576154549284,2024-10-31,2024-12-18,Will the Federal Reserve Hike rates by 0bps at their December 2024 meeting?
KXFEDDECISION-24DEC-H0,VGT,-1,etf_leads,673,-0.0006707165547542431,-0.23157017085044085,0.8169424767936363,7.991126498751999e-05,0.1198576154549284,2024-10-31,2024-12-18,Will the Federal Reserve Hike rates by 0bps at their December 2024 meeting?
KXFEDDECISION-24DEC-H0,VGT,0,contemporaneous,674,0.004115030991060093,1.424837822140376,0.15466833188251292,0.0030119762161824326,0.1198576154549284,2024-10-31,2024-12-18,Will the Federal Reserve Hike rates by 0bps at their December 2024 meeting?
KXFEDDECISION-24DEC-H0,VGT,1,kalshi_leads,673,-0.00196834253970401,-0.6851506946353476,0.49348544502141367,0.0006991107150310372,0.1198576154549284,2024-10-31,2024-12-18,Will the Federal Reserve Hike rates by 0bps at their December 2024 meeting?
KXFEDDECISION-24DEC-H0,VGT,2,kalshi_leads,672,0.002388461094940968,0.8309840969819793,0.40627864191642904,0.001029587468205806,0.1198576154549284,2024-10-31,2024-12-18,Will the Federal Reserve Hike rates by 0bps at their December 2024 meeting?
KXFEDDECISION-24DEC-H0,VGT,3,kalshi_leads,671,-0.004452890696144845,-1.5508391776620631,0.12141314069247419,0.0035821922521172,0.1198576154549284,2024-10-31,2024-12-18,Will the Federal Reserve Hike rates by 0bps at their December 2024 meeting?
KXFEDDECISION-24DEC-H0,VGT,4,kalshi_leads,670,0.005112710988006264,1.7802570227160979,0.07548835437436567,0.004722079802790047,0.1198576154549284,2024-10-31,2024-12-18,Will the Federal Reserve Hike rates by 0bps at their December 2024 meeting?
KXFEDDECISION-24DEC-H0,VGT,5,kalshi_leads,669,0.0009609828329734214,0.33419104608492717,0.7383404485662661,0.0001674137299938483,0.1198576154549284,2024-10-31,2024-12-18,Will the Federal Reserve Hike rates by 0bps at their December 2024 meeting?
