k,direction,coef,t_stat,p_value,r_squared,n_obs,n_days,mean_window_sec,x_etf,y_etf
-10,y_leads_x,-5.3347149570917444e-08,-0.49675670115345527,0.6193606322665045,0.09969144331856294,822860,75,,VFH,VNQ
-9,y_leads_x,1.7743496786605608e-07,0.9939453661278962,0.3202494664040183,0.09969144331856294,822860,75,,VFH,VNQ
-8,y_leads_x,2.842938613271144e-07,1.864857102751379,0.06220143669416331,0.09969144331856294,822860,75,,VFH,VNQ
-7,y_leads_x,1.5525578544880142e-07,1.1308659318737526,0.25811152431565454,0.09969144331856294,822860,75,,VFH,VNQ
-6,y_leads_x,4.48198709047e-07,2.1478405873106707,0.031726421498994205,0.09969144331856294,822860,75,,VFH,VNQ
-5,y_leads_x,-3.4253952303888205e-08,-0.1666547895079833,0.8676416806793237,0.09969144331856294,822860,75,,VFH,VNQ
-4,y_leads_x,-1.2708493826898074e-08,-0.07244130849731502,0.9422507117027978,0.09969144331856294,822860,75,,VFH,VNQ
-3,y_leads_x,4.58207620319235e-07,1.7470951884125514,0.08062082789598667,0.09969144331856294,822860,75,,VFH,VNQ
-2,y_leads_x,1.2085025111824681e-06,2.7542654920666263,0.0058824028853697264,0.09969144331856294,822860,75,,VFH,VNQ
-1,y_leads_x,4.937706878104301e-06,3.0199693838543604,0.002528002384793268,0.09969144331856294,822860,75,,VFH,VNQ
0,contemporaneous,2.4870327092350917e-05,3.0019907661594307,0.0026822031146762986,0.09969144331856294,822860,75,,VFH,VNQ
1,x_leads_y,1.554820616151189e-06,1.3246777350951218,0.18527806090438148,0.09969144331856294,822860,75,,VFH,VNQ
2,x_leads_y,-8.310206870786543e-07,-1.157436388681689,0.2470941142814801,0.09969144331856294,822860,75,,VFH,VNQ
3,x_leads_y,7.563929018455624e-07,2.0329553804707365,0.04205703112647644,0.09969144331856294,822860,75,,VFH,VNQ
4,x_leads_y,4.867754065770912e-07,1.2645743793871793,0.20602394215089082,0.09969144331856294,822860,75,,VFH,VNQ
5,x_leads_y,-7.523738994459014e-07,-2.3974587647771854,0.016509239061864873,0.09969144331856294,822860,75,,VFH,VNQ
6,x_leads_y,-6.677722697608753e-07,-2.137715857024869,0.0325398117321038,0.09969144331856294,822860,75,,VFH,VNQ
7,x_leads_y,-3.0299042356635126e-07,-1.4868603455466949,0.13705169942150403,0.09969144331856294,822860,75,,VFH,VNQ
8,x_leads_y,-1.5752497172347377e-07,-1.2525131367002225,0.21038294453119888,0.09969144331856294,822860,75,,VFH,VNQ
9,x_leads_y,1.1716134115086536e-07,0.5397217546697038,0.5893889348428705,0.09969144331856294,822860,75,,VFH,VNQ
10,x_leads_y,-6.11977947409351e-07,-2.5988776139592886,0.009352911243441134,0.09969144331856294,822860,75,,VFH,VNQ
-10,y_leads_x,-4.285715628740726e-08,-0.23358841631611288,0.815304521435398,0.03278143932976163,822860,75,,VFH,VPU
-9,y_leads_x,-1.8278211688811087e-07,-1.2736101900090104,0.2028015990977755,0.03278143932976163,822860,75,,VFH,VPU
-8,y_leads_x,1.3279047254525367e-07,1.2969519521000548,0.19464771939075143,0.03278143932976163,822860,75,,VFH,VPU
-7,y_leads_x,1.056567826222651e-07,0.6245126419400616,0.5322909705907036,0.03278143932976163,822860,75,,VFH,VPU
-6,y_leads_x,3.5856733720017293e-07,1.9314495115259938,0.053427487298390135,0.03278143932976163,822860,75,,VFH,VPU
-5,y_leads_x,1.7348615560821286e-07,0.9779343381070379,0.32810680060836317,0.03278143932976163,822860,75,,VFH,VPU
-4,y_leads_x,2.6376475865640604e-07,1.6075760782007276,0.1079280548915139,0.03278143932976163,822860,75,,VFH,VPU
-3,y_leads_x,5.392389768685406e-07,2.0119326931512482,0.04422703252926049,0.03278143932976163,822860,75,,VFH,VPU
-2,y_leads_x,1.2158107555984728e-06,2.7303014035527844,0.006327644493886063,0.03278143932976163,822860,75,,VFH,VPU
-1,y_leads_x,3.988260827237028e-06,2.8924170414244417,0.0038229012574576564,0.03278143932976163,822860,75,,VFH,VPU
0,contemporaneous,1.2604979537010924e-05,1.432416569045652,0.1520246394534435,0.03278143932976163,822860,75,,VFH,VPU
1,x_leads_y,4.443694470215631e-06,2.2093638717122848,0.02714934183510429,0.03278143932976163,822860,75,,VFH,VPU
2,x_leads_y,1.935697116012064e-06,2.492161078411229,0.012696844146200974,0.03278143932976163,822860,75,,VFH,VPU
3,x_leads_y,8.480017889879549e-07,2.334305377709684,0.019579737353288634,0.03278143932976163,822860,75,,VFH,VPU
4,x_leads_y,5.026124939508145e-07,1.6374400368416286,0.10153855840989853,0.03278143932976163,822860,75,,VFH,VPU
5,x_leads_y,3.0014856292697197e-07,1.3613047324976544,0.17341740805915273,0.03278143932976163,822860,75,,VFH,VPU
6,x_leads_y,9.182227200568995e-08,0.617731447526266,0.536752378660646,0.03278143932976163,822860,75,,VFH,VPU
7,x_leads_y,1.360418813882379e-07,1.4146498693117946,0.15717117942036063,0.03278143932976163,822860,75,,VFH,VPU
8,x_leads_y,-4.9740772287557067e-08,-0.4387038342429255,0.660876148474543,0.03278143932976163,822860,75,,VFH,VPU
9,x_leads_y,-2.4281040642004715e-08,-0.12115973914449801,0.9035645126369329,0.03278143932976163,822860,75,,VFH,VPU
10,x_leads_y,-5.9564977925882146e-08,-0.404097613367804,0.6861409399305853,0.03278143932976163,822860,75,,VFH,VPU
-10,y_leads_x,2.1355129091210834e-07,1.475330274549028,0.1401237709295877,0.09100957447532876,1452649,75,,VNQ,VPU
-9,y_leads_x,2.2500804287810004e-07,1.5107101098292777,0.1308623254888787,0.09100957447532876,1452649,75,,VNQ,VPU
-8,y_leads_x,2.8702788769527197e-07,2.4143353009713917,0.015763948059081923,0.09100957447532876,1452649,75,,VNQ,VPU
-7,y_leads_x,4.86507726422502e-07,3.9984935002012403,6.374693130654808e-05,0.09100957447532876,1452649,75,,VNQ,VPU
-6,y_leads_x,4.989874068729718e-07,2.88911064395274,0.003863331120646955,0.09100957447532876,1452649,75,,VNQ,VPU
-5,y_leads_x,5.002058007743604e-07,3.304348212295643,0.0009519751044951551,0.09100957447532876,1452649,75,,VNQ,VPU
-4,y_leads_x,6.230773424532562e-07,4.18565993940173,2.84338771070824e-05,0.09100957447532876,1452649,75,,VNQ,VPU
-3,y_leads_x,1.3956777735360749e-06,6.61361509941838,3.750461364953784e-11,0.09100957447532876,1452649,75,,VNQ,VPU
-2,y_leads_x,2.3265112774874508e-06,13.905619700881312,5.85574796009804e-44,0.09100957447532876,1452649,75,,VNQ,VPU
-1,y_leads_x,5.100181642382219e-06,17.699570267988793,4.225188841607069e-70,0.09100957447532876,1452649,75,,VNQ,VPU
0,contemporaneous,1.8445699152584677e-05,11.376148777243824,5.497419937501643e-30,0.09100957447532876,1452649,75,,VNQ,VPU
1,x_leads_y,7.818120517926034e-06,18.186598311305392,6.590575032205148e-74,0.09100957447532876,1452649,75,,VNQ,VPU
2,x_leads_y,3.7818319720629543e-06,18.020495976306417,1.3453199998560706e-72,0.09100957447532876,1452649,75,,VNQ,VPU
3,x_leads_y,2.254651597811596e-06,11.465940162057217,1.9562349618264032e-30,0.09100957447532876,1452649,75,,VNQ,VPU
4,x_leads_y,1.1891057075234255e-06,7.830012895855727,4.878199280822164e-15,0.09100957447532876,1452649,75,,VNQ,VPU
5,x_leads_y,7.440641164824998e-07,3.6762883402677646,0.00023665203022542314,0.09100957447532876,1452649,75,,VNQ,VPU
6,x_leads_y,6.316584892827201e-07,3.5498827325648534,0.0003854027878243788,0.09100957447532876,1452649,75,,VNQ,VPU
7,x_leads_y,4.5776399694121796e-07,3.9115983991491,9.168728560170748e-05,0.09100957447532876,1452649,75,,VNQ,VPU
8,x_leads_y,8.041986334420917e-08,0.624136884578698,0.5325376924332013,0.09100957447532876,1452649,75,,VNQ,VPU
9,x_leads_y,6.660198402117639e-08,0.5104197184635589,0.6097574453346917,0.09100957447532876,1452649,75,,VNQ,VPU
10,x_leads_y,2.1398439024578543e-07,1.8239017078027389,0.068166933456079,0.09100957447532876,1452649,75,,VNQ,VPU
-10,y_leads_x,-7.871237127912074e-08,-1.1650164070234894,0.24401235161555324,0.22532984371152032,1506352,75,,VGT,VOX
-9,y_leads_x,-9.312089428152346e-09,-0.137325130599286,0.8907738072624192,0.22532984371152032,1506352,75,,VGT,VOX
-8,y_leads_x,-3.734154181236168e-08,-0.6093977227265144,0.5422608469878231,0.22532984371152032,1506352,75,,VGT,VOX
-7,y_leads_x,2.7511570838476823e-08,0.47980599273113717,0.6313653512447497,0.22532984371152032,1506352,75,,VGT,VOX
-6,y_leads_x,-1.6828207787691185e-08,-0.20659838644552236,0.8363235205093478,0.22532984371152032,1506352,75,,VGT,VOX
-5,y_leads_x,3.710254874611543e-08,0.5548322817364407,0.5790093843312274,0.22532984371152032,1506352,75,,VGT,VOX
-4,y_leads_x,1.537993799237712e-07,1.8944535535848348,0.05816483381268298,0.22532984371152032,1506352,75,,VGT,VOX
-3,y_leads_x,3.2703832021097663e-07,4.022090501778654,5.768388416944695e-05,0.22532984371152032,1506352,75,,VGT,VOX
-2,y_leads_x,8.873197261838273e-07,5.416343831782564,6.083007279597342e-08,0.22532984371152032,1506352,75,,VGT,VOX
-1,y_leads_x,3.3250217463059096e-06,9.017537738319064,1.9236413415717796e-19,0.22532984371152032,1506352,75,,VGT,VOX
0,contemporaneous,2.9387612870372834e-05,10.061599221938522,8.166089838259516e-24,0.22532984371152032,1506352,75,,VGT,VOX
1,x_leads_y,5.241924433912007e-06,7.809420158381431,5.745167865746964e-15,0.22532984371152032,1506352,75,,VGT,VOX
2,x_leads_y,2.146774433592242e-06,8.86062188018034,7.956931724436647e-19,0.22532984371152032,1506352,75,,VGT,VOX
3,x_leads_y,8.002362119820388e-07,3.1293068056140463,0.0017521925219196948,0.22532984371152032,1506352,75,,VGT,VOX
4,x_leads_y,5.097621821457274e-07,4.680073630785206,2.8677190699064317e-06,0.22532984371152032,1506352,75,,VGT,VOX
5,x_leads_y,5.462332368037734e-07,4.967643533401538,6.777139338296909e-07,0.22532984371152032,1506352,75,,VGT,VOX
6,x_leads_y,1.8486220045915736e-07,1.3053059349266534,0.19178869395836218,0.22532984371152032,1506352,75,,VGT,VOX
7,x_leads_y,1.0940270062473401e-07,1.0573588729697843,0.2903478338181371,0.22532984371152032,1506352,75,,VGT,VOX
8,x_leads_y,1.3520337682498045e-07,1.0733025070439914,0.2831354107247399,0.22532984371152032,1506352,75,,VGT,VOX
9,x_leads_y,4.663480950188586e-08,0.5783704203563627,0.563014059946467,0.22532984371152032,1506352,75,,VGT,VOX
10,x_leads_y,-5.192846558647751e-09,-0.046205434936114224,0.9631465106506827,0.22532984371152032,1506352,75,,VGT,VOX
-10,y_leads_x,1.003634716365093e-07,1.0640451584205832,0.2873082427837438,0.242003739194941,992459,75,,VCR,VIS
-9,y_leads_x,1.778160680869542e-07,1.1099134125342427,0.267036340230979,0.242003739194941,992459,75,,VCR,VIS
-8,y_leads_x,2.0477036795479733e-07,1.9985252491781331,0.045659745362874975,0.242003739194941,992459,75,,VCR,VIS
-7,y_leads_x,2.5906336000729756e-07,2.50052733847004,0.012400856138656925,0.242003739194941,992459,75,,VCR,VIS
-6,y_leads_x,3.881779422456349e-07,3.634241941257752,0.0002787991495368885,0.242003739194941,992459,75,,VCR,VIS
-5,y_leads_x,2.3054597713188274e-07,1.2275588342332673,0.21961262312432994,0.242003739194941,992459,75,,VCR,VIS
-4,y_leads_x,4.060943259328822e-07,2.86814621397729,0.004128846756438092,0.242003739194941,992459,75,,VCR,VIS
-3,y_leads_x,6.670096979103385e-07,2.3318606257186953,0.01970802443379572,0.242003739194941,992459,75,,VCR,VIS
-2,y_leads_x,1.0711592474343486e-06,3.8743365445224165,0.00010691557601499325,0.242003739194941,992459,75,,VCR,VIS
-1,y_leads_x,1.976686680536142e-06,4.025374273468874,5.688476703682683e-05,0.242003739194941,992459,75,,VCR,VIS
0,contemporaneous,3.6442659070547636e-05,4.3191938419401215,1.566001901046277e-05,0.242003739194941,992459,75,,VCR,VIS
1,x_leads_y,4.521407649233084e-06,2.5683135971377,0.010219465795014891,0.242003739194941,992459,75,,VCR,VIS
2,x_leads_y,1.120345147967922e-06,2.1235366842423464,0.033708904841261385,0.242003739194941,992459,75,,VCR,VIS
3,x_leads_y,1.5975394662181158e-06,4.241873162436977,2.2166195856544373e-05,0.242003739194941,992459,75,,VCR,VIS
4,x_leads_y,9.192328781080521e-07,2.6384952741753556,0.008327486105997133,0.242003739194941,992459,75,,VCR,VIS
5,x_leads_y,6.279953965189768e-07,1.948799967993624,0.05131931759974893,0.242003739194941,992459,75,,VCR,VIS
6,x_leads_y,3.942827037726873e-07,1.2808623414173146,0.20024202222068144,0.242003739194941,992459,75,,VCR,VIS
7,x_leads_y,6.4472016297909e-07,2.1854581904469184,0.028855268274695294,0.242003739194941,992459,75,,VCR,VIS
8,x_leads_y,5.560213684857369e-07,1.9330967867631752,0.0532242758559269,0.242003739194941,992459,75,,VCR,VIS
9,x_leads_y,-8.30015137719655e-08,-0.38851952892633507,0.697631604914894,0.242003739194941,992459,75,,VCR,VIS
10,x_leads_y,3.9737399820510793e-07,2.138161669492726,0.032503624151340164,0.242003739194941,992459,75,,VCR,VIS
-10,y_leads_x,5.6159648637235395e-08,0.549929439774254,0.582367770907408,0.2011751561911893,992430,75,,VCR,VAW
-9,y_leads_x,3.5783936211343417e-07,1.6617772781287055,0.09655743971937272,0.2011751561911893,992430,75,,VCR,VAW
-8,y_leads_x,2.116407318965539e-07,1.940100329027734,0.05236749804682071,0.2011751561911893,992430,75,,VCR,VAW
-7,y_leads_x,2.4925066446241414e-07,2.6378508394455276,0.008343327141490817,0.2011751561911893,992430,75,,VCR,VAW
-6,y_leads_x,4.974087367841912e-07,4.009921522395684,6.073893173928653e-05,0.2011751561911893,992430,75,,VCR,VAW
-5,y_leads_x,1.69728309343893e-07,1.0424839351156554,0.29718736977636373,0.2011751561911893,992430,75,,VCR,VAW
-4,y_leads_x,5.01304614817415e-07,3.2354595904753003,0.001214470746136318,0.2011751561911893,992430,75,,VCR,VAW
-3,y_leads_x,9.91713267901549e-07,4.099044159714334,4.148598837599925e-05,0.2011751561911893,992430,75,,VCR,VAW
-2,y_leads_x,1.2372893308019344e-06,4.364443062902325,1.2744703764880635e-05,0.2011751561911893,992430,75,,VCR,VAW
-1,y_leads_x,2.162410997449947e-06,4.921497794625893,8.588437032588495e-07,0.2011751561911893,992430,75,,VCR,VAW
0,contemporaneous,2.943716317024474e-05,4.598174191084457,4.262095841275619e-06,0.2011751561911893,992430,75,,VCR,VAW
1,x_leads_y,3.057518607481898e-06,1.871244592447672,0.06131118652116377,0.2011751561911893,992430,75,,VCR,VAW
2,x_leads_y,1.1502336607444798e-06,2.7422685756760488,0.006101642887069836,0.2011751561911893,992430,75,,VCR,VAW
3,x_leads_y,4.743045247373044e-07,1.0883907002251199,0.27642266489277667,0.2011751561911893,992430,75,,VCR,VAW
4,x_leads_y,1.0310772242205038e-06,5.705807057439601,1.1579310693340298e-08,0.2011751561911893,992430,75,,VCR,VAW
5,x_leads_y,9.465350768481576e-07,4.35678350032748,1.3198770428817239e-05,0.2011751561911893,992430,75,,VCR,VAW
6,x_leads_y,4.985923152006876e-07,2.608681769579881,0.00908917248255897,0.2011751561911893,992430,75,,VCR,VAW
7,x_leads_y,6.913633136550946e-07,4.173347446923114,3.0015666575525374e-05,0.2011751561911893,992430,75,,VCR,VAW
8,x_leads_y,6.58999135608682e-07,4.451573610580624,8.524330142692515e-06,0.2011751561911893,992430,75,,VCR,VAW
9,x_leads_y,5.622846666103078e-07,3.0050353032020545,0.002655500256685758,0.2011751561911893,992430,75,,VCR,VAW
10,x_leads_y,4.897998008224547e-07,3.8631091722287825,0.00011195294418402177,0.2011751561911893,992430,75,,VCR,VAW
-10,y_leads_x,1.5152699702783381e-07,1.2625422587043527,0.20675373019049892,0.08777848864532922,1139369,75,,VDE,VAW
-9,y_leads_x,1.4918233274649303e-07,1.863776647188869,0.06235307651527292,0.08777848864532922,1139369,75,,VDE,VAW
-8,y_leads_x,2.5708495416670693e-07,2.3725524549965153,0.01766565453718276,0.08777848864532922,1139369,75,,VDE,VAW
-7,y_leads_x,1.6031581060921848e-07,1.6711441621739416,0.09469320622595907,0.08777848864532922,1139369,75,,VDE,VAW
-6,y_leads_x,1.412914479450455e-07,1.350763537134979,0.1767711918300161,0.08777848864532922,1139369,75,,VDE,VAW
-5,y_leads_x,4.098145612936314e-07,2.045019192349794,0.04085296600329086,0.08777848864532922,1139369,75,,VDE,VAW
-4,y_leads_x,3.2235229192815475e-07,2.553036060412096,0.010678843951167841,0.08777848864532922,1139369,75,,VDE,VAW
-3,y_leads_x,8.978279443621748e-07,3.5824899418574154,0.000340334724569643,0.08777848864532922,1139369,75,,VDE,VAW
-2,y_leads_x,1.238216603817693e-06,7.091049269431735,1.3309894457476758e-12,0.08777848864532922,1139369,75,,VDE,VAW
-1,y_leads_x,2.734123991674235e-06,7.817633882671981,5.382546927276094e-15,0.08777848864532922,1139369,75,,VDE,VAW
0,contemporaneous,1.6921024485277246e-05,2.591988241007637,0.009542303311860631,0.08777848864532922,1139369,75,,VDE,VAW
1,x_leads_y,5.548301981341314e-06,6.0599116778467526,1.3619631344947493e-09,0.08777848864532922,1139369,75,,VDE,VAW
2,x_leads_y,3.4544495641368358e-06,8.137053764648474,4.0501289029698204e-16,0.08777848864532922,1139369,75,,VDE,VAW
3,x_leads_y,3.0617744818702032e-06,8.149179095355349,3.6640297129345816e-16,0.08777848864532922,1139369,75,,VDE,VAW
4,x_leads_y,2.3380252438521305e-06,10.447845925683954,1.4989093323477006e-25,0.08777848864532922,1139369,75,,VDE,VAW
5,x_leads_y,1.9892467355291e-06,8.191654800364885,2.5765874497355276e-16,0.08777848864532922,1139369,75,,VDE,VAW
6,x_leads_y,1.6974137452254055e-06,7.299865453295151,2.8805563312614836e-13,0.08777848864532922,1139369,75,,VDE,VAW
7,x_leads_y,1.3139831189546593e-06,4.942767086282471,7.702148063498709e-07,0.08777848864532922,1139369,75,,VDE,VAW
8,x_leads_y,1.320673429239291e-06,8.245341579071825,1.646890843061433e-16,0.08777848864532922,1139369,75,,VDE,VAW
9,x_leads_y,1.1258399951582285e-06,7.147356176030917,8.846512762597045e-13,0.08777848864532922,1139369,75,,VDE,VAW
10,x_leads_y,9.957721908685145e-07,7.177241272267157,7.11320954580706e-13,0.08777848864532922,1139369,75,,VDE,VAW
-10,y_leads_x,-4.6604789306778334e-07,-0.9659249537171025,0.3340817347357573,0.11462395854194118,632348,75,,VDC,VHT
-9,y_leads_x,1.1946929223639683e-07,0.6803208554647995,0.49630132194292487,0.11462395854194118,632348,75,,VDC,VHT
-8,y_leads_x,1.2736193107152435e-07,0.8099847808140286,0.4179489228384893,0.11462395854194118,632348,75,,VDC,VHT
-7,y_leads_x,5.385939903373868e-08,0.3524059601802031,0.7245338327574791,0.11462395854194118,632348,75,,VDC,VHT
-6,y_leads_x,4.5948229779840707e-07,3.5313816380227836,0.00041339482843080896,0.11462395854194118,632348,75,,VDC,VHT
-5,y_leads_x,2.004874803287665e-07,1.0471960532437037,0.2950091652163831,0.11462395854194118,632348,75,,VDC,VHT
-4,y_leads_x,3.5473792074633776e-07,1.272373576634671,0.20324041777502289,0.11462395854194118,632348,75,,VDC,VHT
-3,y_leads_x,1.947381307553257e-06,4.189910361184386,2.7906467419427782e-05,0.11462395854194118,632348,75,,VDC,VHT
-2,y_leads_x,1.6994787715680156e-06,2.4176019751734916,0.015623155689256821,0.11462395854194118,632348,75,,VDC,VHT
-1,y_leads_x,5.674561169204644e-06,10.735451516784966,6.937898098812016e-27,0.11462395854194118,632348,75,,VDC,VHT
0,contemporaneous,2.250540537808669e-05,6.130702529527316,8.749186020168534e-10,0.11462395854194118,632348,75,,VDC,VHT
1,x_leads_y,3.617575198347794e-06,5.555622090316508,2.766247809877258e-08,0.11462395854194118,632348,75,,VDC,VHT
2,x_leads_y,9.540420699603856e-07,3.860309384831772,0.00011324355122127613,0.11462395854194118,632348,75,,VDC,VHT
3,x_leads_y,1.3702307867736533e-07,0.5100007804819974,0.6100509150021375,0.11462395854194118,632348,75,,VDC,VHT
4,x_leads_y,2.592807342371167e-07,0.9061183028225985,0.36487323870391863,0.11462395854194118,632348,75,,VDC,VHT
5,x_leads_y,2.1301172811530138e-07,0.977029352461246,0.3285546210488002,0.11462395854194118,632348,75,,VDC,VHT
6,x_leads_y,2.21454271170146e-08,0.11927437933832773,0.90505798090538,0.11462395854194118,632348,75,,VDC,VHT
7,x_leads_y,1.5811170592003588e-07,1.0482243266526416,0.2945352650390114,0.11462395854194118,632348,75,,VDC,VHT
8,x_leads_y,1.6411024857370595e-09,0.009160483449672761,0.9926910939066399,0.11462395854194118,632348,75,,VDC,VHT
9,x_leads_y,1.8236918227406107e-07,1.2520085206427285,0.2105667591824577,0.11462395854194118,632348,75,,VDC,VHT
10,x_leads_y,8.600110096357123e-08,0.46931276167700814,0.6388460946985175,0.11462395854194118,632348,75,,VDC,VHT
-10,y_leads_x,2.052021039725724e-07,0.5734621585879588,0.5663318139556289,0.08525699464933878,632348,75,,VDC,VPU
-9,y_leads_x,6.360550043209608e-09,0.03564789723749221,0.9715631160986773,0.08525699464933878,632348,75,,VDC,VPU
-8,y_leads_x,1.0754611231682032e-07,0.570465975415774,0.5683616928866912,0.08525699464933878,632348,75,,VDC,VPU
-7,y_leads_x,4.0172603267340283e-07,3.1103840526699242,0.001868442345458596,0.08525699464933878,632348,75,,VDC,VPU
-6,y_leads_x,3.7533039924068084e-07,2.2754138007176556,0.022881118265197627,0.08525699464933878,632348,75,,VDC,VPU
-5,y_leads_x,8.692312384243932e-07,4.916416291346326,8.814286160012273e-07,0.08525699464933878,632348,75,,VDC,VPU
-4,y_leads_x,8.439025618127267e-07,3.8820742793145677,0.00010356922893721563,0.08525699464933878,632348,75,,VDC,VPU
-3,y_leads_x,1.2408488683139236e-06,3.735737586463277,0.00018716577031709222,0.08525699464933878,632348,75,,VDC,VPU
-2,y_leads_x,3.411862267841608e-06,7.062727214097763,1.632660397509364e-12,0.08525699464933878,632348,75,,VDC,VPU
-1,y_leads_x,6.8671901138065e-06,11.67370784012637,1.7368479514698873e-31,0.08525699464933878,632348,75,,VDC,VPU
0,contemporaneous,2.186662605106129e-05,6.306305714554263,2.857743057738105e-10,0.08525699464933878,632348,75,,VDC,VPU
1,x_leads_y,4.2477216339507174e-06,7.12889069777033,1.0118103931075377e-12,0.08525699464933878,632348,75,,VDC,VPU
2,x_leads_y,1.077888182777037e-06,4.280814657334029,1.862103962024887e-05,0.08525699464933878,632348,75,,VDC,VPU
3,x_leads_y,4.6426645497322197e-07,1.8790494919967897,0.06023773572460732,0.08525699464933878,632348,75,,VDC,VPU
4,x_leads_y,-6.34648722509718e-07,-2.413351374190433,0.015806573040409857,0.08525699464933878,632348,75,,VDC,VPU
5,x_leads_y,-4.196432510743156e-07,-1.4473209342799764,0.14780705859016915,0.08525699464933878,632348,75,,VDC,VPU
6,x_leads_y,-5.060591986247562e-07,-2.4119933653341046,0.01586557023335616,0.08525699464933878,632348,75,,VDC,VPU
7,x_leads_y,-2.9383424415634997e-07,-1.697267092146054,0.0896461757858718,0.08525699464933878,632348,75,,VDC,VPU
8,x_leads_y,-1.6129938881408453e-07,-1.0835095612581165,0.2785823092735704,0.08525699464933878,632348,75,,VDC,VPU
9,x_leads_y,-1.339143458836858e-07,-0.5738365429223404,0.5660784176328066,0.08525699464933878,632348,75,,VDC,VPU
10,x_leads_y,-4.3972640387907955e-07,-2.163667680842819,0.030489863116008778,0.08525699464933878,632348,75,,VDC,VPU
-10,y_leads_x,6.690280750627211e-08,0.8254270074549246,0.4091292071288415,0.23530043745254936,1506399,75,,VGT,VCR
-9,y_leads_x,9.48370978228527e-09,0.10720927833800598,0.9146229548070309,0.23530043745254936,1506399,75,,VGT,VCR
-8,y_leads_x,1.0848800489232492e-07,1.5306078110031707,0.12586635010000533,0.23530043745254936,1506399,75,,VGT,VCR
-7,y_leads_x,1.3210918538366976e-07,1.680339193920821,0.09289133941992937,0.23530043745254936,1506399,75,,VGT,VCR
-6,y_leads_x,1.0708814602800856e-07,0.947964574878745,0.3431474888458297,0.23530043745254936,1506399,75,,VGT,VCR
-5,y_leads_x,-4.456698136218747e-08,-0.29461716345358663,0.7682863493037126,0.23530043745254936,1506399,75,,VGT,VCR
-4,y_leads_x,1.5285774263867372e-07,1.4677998970043964,0.1421585854695968,0.23530043745254936,1506399,75,,VGT,VCR
-3,y_leads_x,2.1610598206455045e-07,1.7558278113743315,0.07911781408031827,0.23530043745254936,1506399,75,,VGT,VCR
-2,y_leads_x,6.883162520615142e-07,6.1929631687732725,5.904352994900128e-10,0.23530043745254936,1506399,75,,VGT,VCR
-1,y_leads_x,1.9240808241726387e-06,8.626416336861036,6.330427099102412e-18,0.23530043745254936,1506399,75,,VGT,VCR
0,contemporaneous,3.272021925742149e-05,7.94127347367048,2.001159104469382e-15,0.23530043745254936,1506399,75,,VGT,VCR
1,x_leads_y,5.134436535937783e-06,7.4496739635565685,9.357118232982706e-14,0.23530043745254936,1506399,75,,VGT,VCR
2,x_leads_y,3.140034944898793e-06,8.705947583019377,3.149323760438446e-18,0.23530043745254936,1506399,75,,VGT,VCR
3,x_leads_y,2.1233150107135237e-06,5.875220210319215,4.222816230584622e-09,0.23530043745254936,1506399,75,,VGT,VCR
4,x_leads_y,1.4269320101683068e-06,5.2104038401811215,1.8843002444283032e-07,0.23530043745254936,1506399,75,,VGT,VCR
5,x_leads_y,1.2328793915037106e-06,6.3240184715167445,2.5484724095902975e-10,0.23530043745254936,1506399,75,,VGT,VCR
6,x_leads_y,7.848094689762358e-07,5.584694390440617,2.3411152681145928e-08,0.23530043745254936,1506399,75,,VGT,VCR
7,x_leads_y,7.480788229497233e-07,4.941180425331652,7.765100925925564e-07,0.23530043745254936,1506399,75,,VGT,VCR
8,x_leads_y,8.42296586709625e-07,7.024942633893689,2.1415421741964007e-12,0.23530043745254936,1506399,75,,VGT,VCR
9,x_leads_y,7.231522371438937e-07,6.956785371879031,3.4812469216366446e-12,0.23530043745254936,1506399,75,,VGT,VCR
10,x_leads_y,5.313066920516596e-07,5.4199307887275845,5.96221132072717e-08,0.23530043745254936,1506399,75,,VGT,VCR
-10,y_leads_x,-1.7408531429499126e-07,-0.855852189386502,0.3920795433369727,0.2230748389125139,822853,75,,VFH,VCR
-9,y_leads_x,-1.207554215316912e-07,-0.7116525636363177,0.4766799489100114,0.2230748389125139,822853,75,,VFH,VCR
-8,y_leads_x,9.967858191225412e-08,1.071960743484301,0.2837376648395513,0.2230748389125139,822853,75,,VFH,VCR
-7,y_leads_x,-7.104419462040155e-08,-0.45319733101810405,0.6504066541627849,0.2230748389125139,822853,75,,VFH,VCR
-6,y_leads_x,-2.668966937599543e-07,-0.6735556645439028,0.5005938480396948,0.2230748389125139,822853,75,,VFH,VCR
-5,y_leads_x,-1.4357684438922597e-08,-0.08197566756261764,0.9346660627907227,0.2230748389125139,822853,75,,VFH,VCR
-4,y_leads_x,4.9227151894828475e-08,0.3698746878860285,0.7114758621981677,0.2230748389125139,822853,75,,VFH,VCR
-3,y_leads_x,4.6419627019601074e-07,2.3559448492174995,0.018475660489151922,0.2230748389125139,822853,75,,VFH,VCR
-2,y_leads_x,1.9223412327881177e-07,0.7495008777703441,0.45355536978660826,0.2230748389125139,822853,75,,VFH,VCR
-1,y_leads_x,1.8612955423587254e-06,3.1962928620769113,0.0013920573838685083,0.2230748389125139,822853,75,,VFH,VCR
0,contemporaneous,4.137302300531165e-05,10.4730284548381,1.149069146345763e-25,0.2230748389125139,822853,75,,VFH,VCR
1,x_leads_y,4.400899255584398e-06,2.3802097178018875,0.01730278755401407,0.2230748389125139,822853,75,,VFH,VCR
2,x_leads_y,1.9952050751031884e-06,2.047998093875698,0.04056018616861316,0.2230748389125139,822853,75,,VFH,VCR
3,x_leads_y,1.0785744505366572e-06,1.3881041000931256,0.1651053482645385,0.2230748389125139,822853,75,,VFH,VCR
4,x_leads_y,9.488268856687028e-07,1.9169251565773566,0.05524744060545306,0.2230748389125139,822853,75,,VFH,VCR
5,x_leads_y,8.484561646584239e-07,1.4112227359819167,0.15817894822730516,0.2230748389125139,822853,75,,VFH,VCR
6,x_leads_y,7.693783127506277e-07,4.267588056060159,1.9759778301880367e-05,0.2230748389125139,822853,75,,VFH,VCR
7,x_leads_y,6.834074149642551e-07,3.4096263876300883,0.0006505192829878663,0.2230748389125139,822853,75,,VFH,VCR
8,x_leads_y,4.4086489819232817e-07,2.2477833685848005,0.024590006887763586,0.2230748389125139,822853,75,,VFH,VCR
9,x_leads_y,4.520772470421227e-07,1.8196649699756626,0.06881004101467972,0.2230748389125139,822853,75,,VFH,VCR
10,x_leads_y,1.1303054923383515e-07,0.4927095781851771,0.6222178088900323,0.2230748389125139,822853,75,,VFH,VCR
-10,y_leads_x,1.514401461082048e-07,1.2620603845094616,0.20692705882490825,0.18936192393141238,956104,75,,VHT,VFH
-9,y_leads_x,1.3236000063028796e-07,0.884780856819082,0.37627483612690826,0.18936192393141238,956104,75,,VHT,VFH
-8,y_leads_x,9.509786550934114e-08,0.8529209354544914,0.3937031510333442,0.18936192393141238,956104,75,,VHT,VFH
-7,y_leads_x,3.545322043541884e-07,2.5297841192561776,0.011413272628459616,0.18936192393141238,956104,75,,VHT,VFH
-6,y_leads_x,2.1190565174653545e-07,1.229579505853612,0.21885460836893034,0.18936192393141238,956104,75,,VHT,VFH
-5,y_leads_x,3.4057251869787745e-07,1.5838247062999307,0.11323361534736592,0.18936192393141238,956104,75,,VHT,VFH
-4,y_leads_x,6.645238261594232e-07,3.5371160702961775,0.0004045218463227411,0.18936192393141238,956104,75,,VHT,VFH
-3,y_leads_x,1.1842704423945416e-06,3.183746649019199,0.0014538219576288878,0.18936192393141238,956104,75,,VHT,VFH
-2,y_leads_x,2.260079620879503e-06,4.359757396304471,1.3020671699439394e-05,0.18936192393141238,956104,75,,VHT,VFH
-1,y_leads_x,5.9458522164775695e-06,5.308150738644307,1.1074304196477453e-07,0.18936192393141238,956104,75,,VHT,VFH
0,contemporaneous,4.1073870663771e-05,2.987352064007828,0.002814054508157819,0.18936192393141238,956104,75,,VHT,VFH
1,x_leads_y,6.137277898819626e-06,5.7452000192693395,9.181239076575252e-09,0.18936192393141238,956104,75,,VHT,VFH
2,x_leads_y,2.069858896763492e-06,7.428301797686216,1.1000075251338203e-13,0.18936192393141238,956104,75,,VHT,VFH
3,x_leads_y,4.830231395745479e-07,2.5489541374962057,0.010804650818598516,0.18936192393141238,956104,75,,VHT,VFH
4,x_leads_y,5.60168844900187e-07,3.1572232611099773,0.001592793435363687,0.18936192393141238,956104,75,,VHT,VFH
5,x_leads_y,5.446234087141254e-07,2.2414242472912913,0.024998607348342996,0.18936192393141238,956104,75,,VHT,VFH
6,x_leads_y,2.1722745179680647e-07,1.3987232376219014,0.16189599306108293,0.18936192393141238,956104,75,,VHT,VFH
7,x_leads_y,1.7800969887990114e-07,1.4949584674840264,0.134925281717751,0.18936192393141238,956104,75,,VHT,VFH
8,x_leads_y,2.4220041301727725e-08,0.2268598397353094,0.8205327311258098,0.18936192393141238,956104,75,,VHT,VFH
9,x_leads_y,-1.6956289975001152e-07,-1.4188394891997296,0.1559458170021822,0.18936192393141238,956104,75,,VHT,VFH
10,x_leads_y,-2.2919161424753966e-09,-0.0101554799248349,0.991897238638728,0.18936192393141238,956104,75,,VHT,VFH
