group,etf,mode,spec,direction,K,n_ylags,wald_chi2,wald_df,p_value,n_obs,n_days,n_members,n_active,cov_type
ELECTION_trump_fav,VAW,calendar,linear,kalshi->etf,6,1,5.467519305664751,6,0.4853910995972305,1258,22,6,137,hac-panel
ELECTION_trump_fav,VAW,calendar,linear,etf->kalshi,6,5,6.0436912143863735,6,0.41831361428314995,1258,22,6,1243,hac-panel
ELECTION_trump_fav,VAW,event,linear,kalshi->etf,6,0,32.54140357418754,6,1.284598902864266e-05,159,5,6,102,hac-panel
ELECTION_trump_fav,VAW,event,linear,etf->kalshi,6,5,8.332394576378041,6,0.21474848371940916,159,5,6,157,hac-panel
ELECTION_trump_fav,VAW,calendar,probit,kalshi->etf,6,0,31.926771858591614,6,1.6853546165132247e-05,130,4,6,92,hac-panel
ELECTION_trump_fav,VAW,event,probit,kalshi->etf,6,0,8.923932004233587,6,0.17790149463320715,157,5,6,104,hac-panel
ELECTION_trump_fav,VCR,calendar,linear,kalshi->etf,6,1,11.86405602551539,6,0.06507117586114121,1258,22,6,137,hac-panel
ELECTION_trump_fav,VCR,calendar,linear,etf->kalshi,6,5,6.473377699747712,6,0.3722994504832576,1258,22,6,1249,hac-panel
ELECTION_trump_fav,VCR,event,linear,kalshi->etf,6,0,11.0772195793374,6,0.08601898638435632,159,5,6,102,hac-panel
ELECTION_trump_fav,VCR,event,linear,etf->kalshi,6,5,7.80707488429079,6,0.25258101883038814,159,5,6,156,hac-panel
ELECTION_trump_fav,VCR,calendar,probit,kalshi->etf,6,0,12.399149718399638,6,0.05363414269521817,130,4,6,92,hac-panel
ELECTION_trump_fav,VCR,event,probit,kalshi->etf,6,0,10.94814808236751,6,0.08999225919037818,156,5,6,103,hac-panel
ELECTION_trump_fav,VDC,calendar,linear,kalshi->etf,6,1,16.918278978289102,6,0.009588320222083979,1258,22,6,137,hac-panel
ELECTION_trump_fav,VDC,calendar,linear,etf->kalshi,6,5,7.992297873563886,6,0.23866812646068788,1258,22,6,1236,hac-panel
ELECTION_trump_fav,VDC,event,linear,kalshi->etf,6,1,15.868546664475865,6,0.014477193775569922,159,5,6,102,hac-panel
ELECTION_trump_fav,VDC,event,linear,etf->kalshi,6,5,8.707258960426662,6,0.19072324971287674,159,5,6,157,hac-panel
ELECTION_trump_fav,VDC,calendar,probit,kalshi->etf,6,1,5.694897099624457,6,0.45822049878442517,125,4,6,89,hac-panel
ELECTION_trump_fav,VDC,event,probit,kalshi->etf,6,1,8.797847597038238,6,0.18527022407176896,157,5,6,105,hac-panel
ELECTION_trump_fav,VDE,calendar,linear,kalshi->etf,6,2,9.825118357818264,6,0.1322124914299696,1258,22,6,137,hac-panel
ELECTION_trump_fav,VDE,calendar,linear,etf->kalshi,6,5,8.526300313671534,6,0.2020229250990569,1258,22,6,1231,hac-panel
ELECTION_trump_fav,VDE,event,linear,kalshi->etf,6,0,20.93199054907009,6,0.0018869501326983984,159,5,6,102,hac-panel
ELECTION_trump_fav,VDE,event,linear,etf->kalshi,6,5,14.763225169352772,6,0.02218043061122774,159,5,6,156,hac-panel
ELECTION_trump_fav,VDE,calendar,probit,kalshi->etf,6,1,4.536463004947833,6,0.6044802809776768,129,4,6,91,hac-panel
ELECTION_trump_fav,VDE,event,probit,kalshi->etf,6,0,9.654185491829244,6,0.13999086280767578,156,5,6,104,hac-panel
ELECTION_trump_fav,VFH,calendar,linear,kalshi->etf,6,1,25.51234613120993,6,0.00027435866729734357,1258,22,6,137,hac-panel
ELECTION_trump_fav,VFH,calendar,linear,etf->kalshi,6,5,3.0988601292462805,6,0.7963405121538975,1258,22,6,1218,hac-panel
ELECTION_trump_fav,VFH,event,linear,kalshi->etf,6,0,30.843589999507426,6,2.7153026505228807e-05,159,5,6,102,hac-panel
ELECTION_trump_fav,VFH,event,linear,etf->kalshi,6,5,4.6412179937500095,6,0.5905811207905607,159,5,6,152,hac-panel
ELECTION_trump_fav,VFH,calendar,probit,kalshi->etf,6,1,12.040432144845841,6,0.061072867413217935,123,4,6,86,hac-panel
ELECTION_trump_fav,VFH,event,probit,kalshi->etf,6,0,19.650613891773947,6,0.003194950379036943,152,5,6,103,hac-panel
ELECTION_trump_fav,VGT,calendar,linear,kalshi->etf,6,2,3.8742784171384352,6,0.6936852914592073,1258,22,6,137,hac-panel
ELECTION_trump_fav,VGT,calendar,linear,etf->kalshi,6,5,4.124615314473167,6,0.6598169384569335,1258,22,6,1253,hac-panel
ELECTION_trump_fav,VGT,event,linear,kalshi->etf,6,0,9.659344173393938,6,0.13975034776736744,159,5,6,102,hac-panel
ELECTION_trump_fav,VGT,event,linear,etf->kalshi,6,5,3.694970753607948,6,0.717874570405056,159,5,6,159,hac-panel
ELECTION_trump_fav,VGT,calendar,probit,kalshi->etf,6,0,20.79001776589487,6,0.0020009498901280777,131,4,6,93,hac-panel
ELECTION_trump_fav,VGT,event,probit,kalshi->etf,6,0,5.02137356482251,6,0.5410747334050616,159,5,6,106,hac-panel
ELECTION_trump_fav,VIS,calendar,linear,kalshi->etf,6,1,14.182631896340459,6,0.0276612840545527,1258,22,6,137,hac-panel
ELECTION_trump_fav,VIS,calendar,linear,etf->kalshi,6,5,6.694570934985829,6,0.35001871666559475,1258,22,6,1241,hac-panel
ELECTION_trump_fav,VIS,event,linear,kalshi->etf,6,0,34.70348806898719,6,4.9186465882479535e-06,159,5,6,102,hac-panel
ELECTION_trump_fav,VIS,event,linear,etf->kalshi,6,5,8.020140450799873,6,0.23663147629008163,159,5,6,155,hac-panel
ELECTION_trump_fav,VIS,calendar,probit,kalshi->etf,6,0,23.83987432565388,6,0.0005588842209444804,130,4,6,92,hac-panel
ELECTION_trump_fav,VIS,event,probit,kalshi->etf,6,0,14.740350505547523,6,0.022375242382447137,155,5,6,104,hac-panel
ELECTION_trump_fav,VNQ,calendar,linear,kalshi->etf,6,2,6.997864353165739,6,0.3210447475785872,1258,22,6,137,hac-panel
ELECTION_trump_fav,VNQ,calendar,linear,etf->kalshi,6,5,5.73225622318785,6,0.45384120150957774,1258,22,6,1209,hac-panel
ELECTION_trump_fav,VNQ,event,linear,kalshi->etf,6,0,20.93420706173616,6,0.0018852216993166051,159,5,6,102,hac-panel
ELECTION_trump_fav,VNQ,event,linear,etf->kalshi,6,5,13.976297648987705,6,0.029902055837152768,159,5,6,154,hac-panel
ELECTION_trump_fav,VNQ,calendar,probit,kalshi->etf,6,0,1.7091833456742034,6,0.944410097437946,126,4,6,90,hac-panel
ELECTION_trump_fav,VNQ,event,probit,kalshi->etf,6,0,11.082112794944639,6,0.08587154859330737,152,4,6,102,hac-panel
ELECTION_trump_fav,VOX,calendar,linear,kalshi->etf,6,2,8.636932524131643,6,0.1950496749790739,1258,22,6,137,hac-panel
ELECTION_trump_fav,VOX,calendar,linear,etf->kalshi,6,5,8.87471726211401,6,0.18074744783038316,1258,22,6,1234,hac-panel
ELECTION_trump_fav,VOX,event,linear,kalshi->etf,6,0,26.638548231174894,6,0.00016921454491151678,159,5,6,102,hac-panel
ELECTION_trump_fav,VOX,event,linear,etf->kalshi,6,5,6.7886168593408,6,0.3408390643637298,159,5,6,157,hac-panel
ELECTION_trump_fav,VOX,calendar,probit,kalshi->etf,6,0,10.502749115400672,6,0.10501499082820867,127,4,6,90,hac-panel
ELECTION_trump_fav,VOX,event,probit,kalshi->etf,6,0,18.96076166880636,6,0.0042304162404124945,155,5,6,102,hac-panel
FOMC_easing,VCR,calendar,linear,kalshi->etf,10,6,11.697671492797133,10,0.30579966905292455,3003,75,5,654,hac-panel
FOMC_easing,VCR,calendar,linear,etf->kalshi,10,5,13.12373959549471,10,0.21683547464601877,3003,75,5,2949,hac-panel
FOMC_easing,VCR,event,linear,kalshi->etf,10,1,8.276848329193463,10,0.6018146572380485,1002,43,4,618,hac-panel
FOMC_easing,VCR,event,linear,etf->kalshi,10,6,5.703336627365698,10,0.8395413916848267,1002,43,4,993,hac-panel
FOMC_easing,VCR,calendar,probit,kalshi->etf,10,0,24.56966958143666,10,0.00622369603209909,550,38,4,375,hac-panel
FOMC_easing,VCR,event,probit,kalshi->etf,10,1,13.131333393976641,10,0.21642126284258326,990,43,4,626,hac-panel
FOMC_easing,VDC,calendar,linear,kalshi->etf,10,1,10.32580423066123,10,0.41238931563133374,3003,75,5,654,hac-panel
FOMC_easing,VDC,calendar,linear,etf->kalshi,10,5,12.584456539801817,10,0.2478417900427315,3003,75,5,2933,hac-panel
FOMC_easing,VDC,event,linear,kalshi->etf,10,1,16.812784946310096,10,0.0786105859208921,1002,43,4,618,hac-panel
FOMC_easing,VDC,event,linear,etf->kalshi,10,6,11.353975009006904,10,0.33061308746947793,1002,43,4,983,hac-panel
FOMC_easing,VDC,calendar,probit,kalshi->etf,10,1,21.142642610552628,10,0.02012057653187133,546,38,4,374,hac-panel
FOMC_easing,VDC,event,probit,kalshi->etf,10,1,10.963156618786483,10,0.36039564942639835,977,41,4,616,hac-panel
FOMC_easing,VDE,calendar,linear,kalshi->etf,10,1,15.559533447221888,10,0.11295466660438205,3003,75,5,654,hac-panel
FOMC_easing,VDE,calendar,linear,etf->kalshi,10,5,5.761488840436119,10,0.8348879725511471,3003,75,5,2905,hac-panel
FOMC_easing,VDE,event,linear,kalshi->etf,10,0,13.219979737741768,10,0.2116312860421039,1002,43,4,618,hac-panel
FOMC_easing,VDE,event,linear,etf->kalshi,10,6,7.728264026288989,10,0.6553602747457582,1002,43,4,976,hac-panel
FOMC_easing,VDE,calendar,probit,kalshi->etf,10,1,6.302530041009396,10,0.7892378600716747,539,38,4,367,hac-panel
FOMC_easing,VDE,event,probit,kalshi->etf,10,0,9.271653715727163,10,0.5065314152414173,966,41,4,610,hac-panel
FOMC_easing,VFH,calendar,linear,kalshi->etf,10,5,8.91464868500107,10,0.5402224865117967,3003,75,5,654,hac-panel
FOMC_easing,VFH,calendar,linear,etf->kalshi,10,5,6.022125403884483,10,0.8134009489944325,3003,75,5,2896,hac-panel
FOMC_easing,VFH,event,linear,kalshi->etf,10,1,27.65645886281655,10,0.0020484673332983026,1002,43,4,618,hac-panel
FOMC_easing,VFH,event,linear,etf->kalshi,10,6,10.12954408073512,10,0.42920245556345293,1002,43,4,963,hac-panel
FOMC_easing,VFH,calendar,probit,kalshi->etf,10,0,18.509000880915384,10,0.04696094809525102,527,38,4,359,hac-panel
FOMC_easing,VFH,event,probit,kalshi->etf,10,1,20.99237462178912,10,0.021146800662331825,951,42,4,604,hac-panel
FOMC_easing,VGT,calendar,linear,kalshi->etf,10,6,6.23796188754216,10,0.7948901262365857,3007,75,5,654,hac-panel
FOMC_easing,VGT,calendar,linear,etf->kalshi,10,5,20.60159195444874,10,0.024049512158744724,3007,75,5,2969,hac-panel
FOMC_easing,VGT,event,linear,kalshi->etf,10,1,7.378882596056695,10,0.6892570095768373,1002,43,4,618,hac-panel
FOMC_easing,VGT,event,linear,etf->kalshi,10,6,9.890331874170116,10,0.45016704425782605,1002,43,4,1001,hac-panel
FOMC_easing,VGT,calendar,probit,kalshi->etf,10,0,20.340141302064183,10,0.02619479305788402,553,39,4,377,hac-panel
FOMC_easing,VGT,event,probit,kalshi->etf,10,0,10.390141003302778,10,0.4069569363050647,1001,43,4,630,hac-panel
FOMC_easing,VIS,calendar,linear,kalshi->etf,10,6,6.214600425807528,10,0.7969226382065419,3003,75,5,654,hac-panel
FOMC_easing,VIS,calendar,linear,etf->kalshi,10,5,11.594128246564036,10,0.31313765321760156,3003,75,5,2936,hac-panel
FOMC_easing,VIS,event,linear,kalshi->etf,10,1,18.372000826103335,10,0.049003484053439045,1002,43,4,618,hac-panel
FOMC_easing,VIS,event,linear,etf->kalshi,10,6,4.792865108567978,10,0.9045782654271608,1002,43,4,988,hac-panel
FOMC_easing,VIS,calendar,probit,kalshi->etf,10,0,12.512856595104635,10,0.252197259182627,544,39,4,375,hac-panel
FOMC_easing,VIS,event,probit,kalshi->etf,10,0,8.211277639119832,10,0.6082080832763299,981,42,4,618,hac-panel
FOMC_easing,VNQ,calendar,linear,kalshi->etf,10,6,10.160632184444893,10,0.4265153920776608,3007,75,5,654,hac-panel
FOMC_easing,VNQ,calendar,linear,etf->kalshi,10,5,9.947832624405402,10,0.445081996440136,3007,75,5,2885,hac-panel
FOMC_easing,VNQ,event,linear,kalshi->etf,10,1,28.762080526310537,10,0.0013614460836265628,1002,43,4,618,hac-panel
FOMC_easing,VNQ,event,linear,etf->kalshi,10,6,15.853204514636348,10,0.1039124054835416,1002,43,4,952,hac-panel
FOMC_easing,VNQ,calendar,probit,kalshi->etf,10,0,27.392860727827717,10,0.002256301304432914,529,39,4,364,hac-panel
FOMC_easing,VNQ,event,probit,kalshi->etf,10,1,24.248270553694933,10,0.006967981026150999,946,42,4,591,hac-panel
FOMC_easing,VOX,calendar,linear,kalshi->etf,10,5,11.651300928479627,10,0.3090711893480445,3003,75,5,654,hac-panel
FOMC_easing,VOX,calendar,linear,etf->kalshi,10,5,11.076488305060625,10,0.3515900041642136,3003,75,5,2909,hac-panel
FOMC_easing,VOX,event,linear,kalshi->etf,10,1,7.509472627442458,10,0.6766296880861663,1002,43,4,618,hac-panel
FOMC_easing,VOX,event,linear,etf->kalshi,10,6,6.213488361429934,10,0.7970192218353405,1002,43,4,977,hac-panel
FOMC_easing,VOX,calendar,probit,kalshi->etf,10,0,33.46165406892351,10,0.00022775044551153663,532,37,4,363,hac-panel
FOMC_easing,VOX,event,probit,kalshi->etf,10,1,4.19409055384195,10,0.9381666931054039,971,42,4,611,hac-panel
FOMC_easing,VPU,calendar,linear,kalshi->etf,10,1,22.670010065676248,10,0.012032392979342905,3003,75,5,654,hac-panel
FOMC_easing,VPU,calendar,linear,etf->kalshi,10,5,11.495314989508005,10,0.3202511357513139,3003,75,5,2943,hac-panel
FOMC_easing,VPU,event,linear,kalshi->etf,10,0,29.19531562004124,10,0.0011584618672183398,1002,43,4,618,hac-panel
FOMC_easing,VPU,event,linear,etf->kalshi,10,6,14.942186774984277,10,0.13418388194210534,1002,43,4,983,hac-panel
FOMC_easing,VPU,calendar,probit,kalshi->etf,10,1,17.356864787151387,10,0.06683110751846434,541,39,4,368,hac-panel
FOMC_easing,VPU,event,probit,kalshi->etf,10,0,15.280524849844486,10,0.12216421206700499,974,43,4,613,hac-panel
GAS_above,VAW,calendar,linear,kalshi->etf,4,1,17.257764490534882,4,0.0017222648238677727,706,25,4,20,hac-panel
GAS_above,VAW,calendar,linear,etf->kalshi,4,1,2.6680421395582883,4,0.6148182959137856,706,25,4,689,hac-panel
GAS_above,VCR,calendar,linear,kalshi->etf,4,1,40.87723396677906,4,2.8498249983657398e-08,706,25,4,20,hac-panel
GAS_above,VCR,calendar,linear,etf->kalshi,4,1,4.06426945732433,4,0.3973777949296025,706,25,4,692,hac-panel
GAS_above,VDC,calendar,linear,kalshi->etf,4,2,10.816550516354397,4,0.02870496731721698,706,25,4,20,hac-panel
GAS_above,VDC,calendar,linear,etf->kalshi,4,1,3.4488960227546066,4,0.48569123864220365,706,25,4,684,hac-panel
GAS_above,VDE,calendar,linear,kalshi->etf,4,1,4.330996501878704,4,0.3630597773149966,706,25,4,20,hac-panel
GAS_above,VDE,calendar,linear,etf->kalshi,4,1,1.9496058582609086,4,0.7450273733881044,706,25,4,696,hac-panel
GAS_above,VFH,calendar,linear,kalshi->etf,4,1,3.7753727236062455,4,0.4372584905722131,706,25,4,20,hac-panel
GAS_above,VFH,calendar,linear,etf->kalshi,4,1,1.7524375004845896,4,0.7811717039878838,706,25,4,681,hac-panel
GAS_above,VGT,calendar,linear,kalshi->etf,4,1,17.1625727682578,4,0.0017972914037834855,706,25,4,20,hac-panel
GAS_above,VGT,calendar,linear,etf->kalshi,4,1,3.6201961777170277,4,0.4598390697613899,706,25,4,701,hac-panel
GAS_above,VHT,calendar,linear,kalshi->etf,4,1,8.148286845681747,4,0.08629482086587559,706,25,4,20,hac-panel
GAS_above,VHT,calendar,linear,etf->kalshi,4,1,5.589237375150909,4,0.2319960903590898,706,25,4,696,hac-panel
GAS_above,VIS,calendar,linear,kalshi->etf,4,2,12.170565936546922,4,0.016126955426970558,706,25,4,20,hac-panel
GAS_above,VIS,calendar,linear,etf->kalshi,4,1,1.447426635534198,4,0.8359115705457535,706,25,4,696,hac-panel
GAS_above,VNQ,calendar,linear,kalshi->etf,4,1,15.563710785321154,4,0.0036641177818336197,706,25,4,20,hac-panel
GAS_above,VNQ,calendar,linear,etf->kalshi,4,1,6.794898301949025,4,0.1471320911285003,706,25,4,670,hac-panel
GAS_above,VOX,calendar,linear,kalshi->etf,4,1,20.895287973377588,4,0.00033217120534451784,706,25,4,20,hac-panel
GAS_above,VOX,calendar,linear,etf->kalshi,4,1,3.3795843998361574,4,0.4964223222509382,706,25,4,689,hac-panel
GAS_above,VPU,calendar,linear,kalshi->etf,4,1,21.093415964114538,4,0.00030344578109345853,706,25,4,20,hac-panel
GAS_above,VPU,calendar,linear,etf->kalshi,4,1,3.5034377217653545,4,0.4773558238957639,706,25,4,697,hac-panel
APPROVAL_strength,VAW,calendar,linear,kalshi->etf,4,1,4.994053826042099,4,0.28790815414184995,587,31,4,12,hac-panel
APPROVAL_strength,VAW,calendar,linear,etf->kalshi,4,0,2.071665731087433,4,0.7225794787610685,587,31,4,570,hac-panel
APPROVAL_strength,VCR,calendar,linear,kalshi->etf,4,1,5.634735855088849,4,0.22813749886176626,587,31,4,12,hac-panel
APPROVAL_strength,VCR,calendar,linear,etf->kalshi,4,0,4.69629097616477,4,0.3199025434867377,587,31,4,580,hac-panel
APPROVAL_strength,VFH,calendar,linear,kalshi->etf,4,1,0.8354788824514074,4,0.9336293314756763,587,31,4,12,hac-panel
APPROVAL_strength,VFH,calendar,linear,etf->kalshi,4,0,5.2875769145234655,4,0.25904213894370887,587,31,4,574,hac-panel
APPROVAL_strength,VGT,calendar,linear,kalshi->etf,4,1,8.317317615337391,4,0.08062212342478432,601,31,4,12,hac-panel
APPROVAL_strength,VGT,calendar,linear,etf->kalshi,4,0,4.637088251194819,4,0.32660037337390885,601,31,4,586,hac-panel
APPROVAL_strength,VHT,calendar,linear,kalshi->etf,4,1,4.760572408145606,4,0.31275791493747157,593,31,4,12,hac-panel
APPROVAL_strength,VHT,calendar,linear,etf->kalshi,4,0,2.768265762582896,4,0.5973229274415071,593,31,4,579,hac-panel
APPROVAL_strength,VIS,calendar,linear,kalshi->etf,4,0,4.425497146629494,4,0.3514732232409464,587,31,4,12,hac-panel
APPROVAL_strength,VIS,calendar,linear,etf->kalshi,4,0,3.809032589656559,4,0.4324669264401927,587,31,4,577,hac-panel
APPROVAL_strength,VNQ,calendar,linear,kalshi->etf,4,1,4.218735457647437,4,0.37721184513069267,601,31,4,12,hac-panel
APPROVAL_strength,VNQ,calendar,linear,etf->kalshi,4,0,0.92928312508613,4,0.9203226009324768,601,31,4,565,hac-panel
APPROVAL_strength,VOX,calendar,linear,kalshi->etf,4,1,12.328692113997738,4,0.015067287604548604,589,31,4,12,hac-panel
APPROVAL_strength,VOX,calendar,linear,etf->kalshi,4,0,2.7148815804002644,4,0.6066130500680851,589,31,4,571,hac-panel
