k_lag,direction,coef,t_stat,p_value,r_squared,n_obs,n_days,n_members_used,n_params,n_active,n_ylags,group,etf,mode,K_chosen,n_active_events,n_members,p_fdr
-8,etf_leads_kalshi,0.00010307371453964058,1.193840194673867,0.23254048529653482,0.507039807169998,65,2,4,21,44,0,ELECTION_trump_fav,VAW,event,8,289,6,0.3593807500037356
-7,etf_leads_kalshi,0.0002087474843148554,1.545728339103519,0.12217019009780136,0.507039807169998,65,2,4,21,44,0,ELECTION_trump_fav,VAW,event,8,289,6,0.3420504009059258
-6,etf_leads_kalshi,0.0003028141774767916,2.380133075570973,0.017306386888458952,0.507039807169998,65,2,4,21,44,0,ELECTION_trump_fav,VAW,event,8,289,6,0.10661456547715317
-5,etf_leads_kalshi,0.00017854683805786862,1.3558056850325932,0.1751610020139941,0.507039807169998,65,2,4,21,44,0,ELECTION_trump_fav,VAW,event,8,289,6,0.3420504009059258
-4,etf_leads_kalshi,0.0002217956775049417,1.63493746228859,0.10206215816958487,0.507039807169998,65,2,4,21,44,0,ELECTION_trump_fav,VAW,event,8,289,6,0.3420504009059258
-3,etf_leads_kalshi,0.00023078700566990206,1.2781228361375165,0.20120611817995637,0.507039807169998,65,2,4,21,44,0,ELECTION_trump_fav,VAW,event,8,289,6,0.3420504009059258
-2,etf_leads_kalshi,0.00020260047333669524,1.435271034812437,0.15120987833482827,0.507039807169998,65,2,4,21,44,0,ELECTION_trump_fav,VAW,event,8,289,6,0.3420504009059258
-1,etf_leads_kalshi,0.0002036497003402567,0.9753920978529196,0.3293658019193728,0.507039807169998,65,2,4,21,44,0,ELECTION_trump_fav,VAW,event,8,289,6,0.46660155271911147
0,contemp,1.8365567211494595e-05,0.12884057161221132,0.8974838015530237,0.507039807169998,65,2,4,21,44,0,ELECTION_trump_fav,VAW,event,8,289,6,0.8974838015530237
1,kalshi_leads_etf,0.00011835498209218737,0.6490716821423013,0.5162920444939818,0.507039807169998,65,2,4,21,44,0,ELECTION_trump_fav,VAW,event,8,289,6,0.6269260540284065
2,kalshi_leads_etf,-4.8793074219893725e-05,-0.7062167450503032,0.48005335851775155,0.507039807169998,65,2,4,21,44,0,ELECTION_trump_fav,VAW,event,8,289,6,0.6269260540284065
3,kalshi_leads_etf,-0.00025013808389213744,-2.3491893747452672,0.018814335084203503,0.507039807169998,65,2,4,21,44,0,ELECTION_trump_fav,VAW,event,8,289,6,0.10661456547715317
4,kalshi_leads_etf,-0.00026393340028197157,-1.615669036308856,0.10616588897450946,0.507039807169998,65,2,4,21,44,0,ELECTION_trump_fav,VAW,event,8,289,6,0.3420504009059258
5,kalshi_leads_etf,3.799027114911726e-05,0.43388809224462144,0.6643697072252195,0.507039807169998,65,2,4,21,44,0,ELECTION_trump_fav,VAW,event,8,289,6,0.7058928139267957
6,kalshi_leads_etf,0.00010636656313808683,1.3360442131027954,0.18153482246801056,0.507039807169998,65,2,4,21,44,0,ELECTION_trump_fav,VAW,event,8,289,6,0.3420504009059258
7,kalshi_leads_etf,0.00018377523226358197,5.572019291866249,2.5180352936655453e-08,0.507039807169998,65,2,4,21,44,0,ELECTION_trump_fav,VAW,event,8,289,6,4.280659999231427e-07
8,kalshi_leads_etf,1.703046887377085e-05,0.5539369997919538,0.5796219622506453,0.507039807169998,65,2,4,21,44,0,ELECTION_trump_fav,VAW,event,8,289,6,0.6569048905507314
-8,etf_leads_kalshi,0.0002496686821846012,14.123172125767688,2.7340210092747606e-45,0.6628241162230859,65,2,4,21,44,0,ELECTION_trump_fav,VCR,event,8,289,6,2.3239178578835463e-44
-7,etf_leads_kalshi,0.00015894380027017113,4.951624319588077,7.359657941378384e-07,0.6628241162230859,65,2,4,21,44,0,ELECTION_trump_fav,VCR,event,8,289,6,3.1278546250858135e-06
-6,etf_leads_kalshi,0.0002941046312905954,9.6593015551153,4.489140558219085e-22,0.6628241162230859,65,2,4,21,44,0,ELECTION_trump_fav,VCR,event,8,289,6,2.5438463163241477e-21
-5,etf_leads_kalshi,0.0001524421464617465,14.769395952649006,2.3077191952118875e-49,0.6628241162230859,65,2,4,21,44,0,ELECTION_trump_fav,VCR,event,8,289,6,3.923122631860209e-48
-4,etf_leads_kalshi,8.729292324949816e-05,2.154732727105632,0.031182755237655117,0.6628241162230859,65,2,4,21,44,0,ELECTION_trump_fav,VCR,event,8,289,6,0.06626335488001713
-3,etf_leads_kalshi,0.00012998837955728801,1.368747341131987,0.17107826649405,0.6628241162230859,65,2,4,21,44,0,ELECTION_trump_fav,VCR,event,8,289,6,0.24236087753323748
-2,etf_leads_kalshi,-2.76345748934262e-05,-0.6612727997716512,0.5084373817863393,0.6628241162230859,65,2,4,21,44,0,ELECTION_trump_fav,VCR,event,8,289,6,0.5402147181479856
-1,etf_leads_kalshi,9.611205248532426e-05,0.9427427219383798,0.3458125155412759,0.6628241162230859,65,2,4,21,44,0,ELECTION_trump_fav,VCR,event,8,289,6,0.39192085094677936
0,contemp,0.00015046571938483823,1.4950332951664453,0.13490575291954143,0.6628241162230859,65,2,4,21,44,0,ELECTION_trump_fav,VCR,event,8,289,6,0.2084907090574731
1,kalshi_leads_etf,-0.0002208344400672134,-3.6679408707135424,0.00024451170933715774,0.6628241162230859,65,2,4,21,44,0,ELECTION_trump_fav,VCR,event,8,289,6,0.0008313398117463363
2,kalshi_leads_etf,-3.4143757123963176e-05,-0.27085006243913096,0.7865063541658079,0.6628241162230859,65,2,4,21,44,0,ELECTION_trump_fav,VCR,event,8,289,6,0.7865063541658079
3,kalshi_leads_etf,-0.00045039993430260467,-3.39308440634589,0.0006911033937190234,0.6628241162230859,65,2,4,21,44,0,ELECTION_trump_fav,VCR,event,8,289,6,0.0019581262822038997
4,kalshi_leads_etf,-0.0002943015615979167,-1.7400380969563944,0.08185232865318409,0.6628241162230859,65,2,4,21,44,0,ELECTION_trump_fav,VCR,event,8,289,6,0.13914895871041294
5,kalshi_leads_etf,-8.211701926929697e-05,-0.9792950834662764,0.32743419902400817,0.6628241162230859,65,2,4,21,44,0,ELECTION_trump_fav,VCR,event,8,289,6,0.39192085094677936
6,kalshi_leads_etf,-0.00018123594944207443,-1.9806840931578729,0.04762671171928637,0.6628241162230859,65,2,4,21,44,0,ELECTION_trump_fav,VCR,event,8,289,6,0.08996156658087424
7,kalshi_leads_etf,0.0001900487904675773,3.0819215825333486,0.0020566901054392965,0.6628241162230859,65,2,4,21,44,0,ELECTION_trump_fav,VCR,event,8,289,6,0.004994818827495435
8,kalshi_leads_etf,7.962108563149119e-05,1.0101656313104832,0.3124159423555113,0.6628241162230859,65,2,4,21,44,0,ELECTION_trump_fav,VCR,event,8,289,6,0.39192085094677936
-8,etf_leads_kalshi,-0.00012336800535835837,-0.6688736787569963,0.5035760618412412,0.516446603169473,65,2,4,23,44,2,ELECTION_trump_fav,VDC,event,8,289,6,0.7714183271838433
-7,etf_leads_kalshi,-0.00010114828021360068,-3.085333392186371,0.002033241016254566,0.516446603169473,65,2,4,23,44,2,ELECTION_trump_fav,VDC,event,8,289,6,0.01728254863816381
-6,etf_leads_kalshi,-6.856656721006081e-05,-0.35382238584389886,0.7234719958662132,0.516446603169473,65,2,4,23,44,2,ELECTION_trump_fav,VDC,event,8,289,6,0.8785017092661161
-5,etf_leads_kalshi,-2.5961828160525516e-05,-0.2418349256806076,0.8089080752145625,0.516446603169473,65,2,4,23,44,2,ELECTION_trump_fav,VDC,event,8,289,6,0.9167624852431709
-4,etf_leads_kalshi,-2.554947311027042e-05,-0.44129269093146667,0.6590011168384231,0.516446603169473,65,2,4,23,44,2,ELECTION_trump_fav,VDC,event,8,289,6,0.8617706912502456
-3,etf_leads_kalshi,0.00011193171786312883,3.7028500950996395,0.00021319086399263065,0.516446603169473,65,2,4,23,44,2,ELECTION_trump_fav,VDC,event,8,289,6,0.003624244687874721
-2,etf_leads_kalshi,5.661264859116366e-05,1.13826799998905,0.255008591793521,0.516446603169473,65,2,4,23,44,2,ELECTION_trump_fav,VDC,event,8,289,6,0.7044248087300079
-1,etf_leads_kalshi,0.00022706334134193007,1.933061092404405,0.053228672335892055,0.516446603169473,65,2,4,23,44,2,ELECTION_trump_fav,VDC,event,8,289,6,0.29734366044219923
0,contemp,1.4171222334545272e-05,0.14224239449761827,0.8868885462469387,0.516446603169473,65,2,4,23,44,2,ELECTION_trump_fav,VDC,event,8,289,6,0.9423190803873723
1,kalshi_leads_etf,0.0002507310354338927,0.8805764676190747,0.37854710015017146,0.516446603169473,65,2,4,23,44,2,ELECTION_trump_fav,VDC,event,8,289,6,0.7150334113947683
2,kalshi_leads_etf,0.00040470430866501936,1.3319405499806587,0.18287972477549408,0.516446603169473,65,2,4,23,44,2,ELECTION_trump_fav,VDC,event,8,289,6,0.6217910642366798
3,kalshi_leads_etf,-5.0018935156818676e-05,-1.0353831776403357,0.30048999875619675,0.516446603169473,65,2,4,23,44,2,ELECTION_trump_fav,VDC,event,8,289,6,0.7044248087300079
4,kalshi_leads_etf,0.0002315457238591986,0.9711089495652576,0.3314940276376508,0.516446603169473,65,2,4,23,44,2,ELECTION_trump_fav,VDC,event,8,289,6,0.7044248087300079
5,kalshi_leads_etf,-4.271733492814372e-06,-0.032594483026618784,0.9739979694014981,0.516446603169473,65,2,4,23,44,2,ELECTION_trump_fav,VDC,event,8,289,6,0.9739979694014981
6,kalshi_leads_etf,0.00024719111741902227,1.812148758131374,0.06996321422169394,0.516446603169473,65,2,4,23,44,2,ELECTION_trump_fav,VDC,event,8,289,6,0.29734366044219923
7,kalshi_leads_etf,3.2976906712554204e-05,0.6307921505693346,0.5281764364404085,0.516446603169473,65,2,4,23,44,2,ELECTION_trump_fav,VDC,event,8,289,6,0.7714183271838433
8,kalshi_leads_etf,4.2751622514666244e-05,0.6059761603076427,0.5445305838944776,0.516446603169473,65,2,4,23,44,2,ELECTION_trump_fav,VDC,event,8,289,6,0.7714183271838433
-8,etf_leads_kalshi,-6.671318061147644e-05,-0.404379416795407,0.685933733816375,0.38482476459371495,65,2,4,21,44,0,ELECTION_trump_fav,VDE,event,8,289,6,0.7326180230815772
-7,etf_leads_kalshi,4.165730954529622e-05,2.6683851177392097,0.007621683870497818,0.38482476459371495,65,2,4,21,44,0,ELECTION_trump_fav,VDE,event,8,289,6,0.0185098036854947
-6,etf_leads_kalshi,7.312427364312682e-05,1.032811972947287,0.3016918995640012,0.38482476459371495,65,2,4,21,44,0,ELECTION_trump_fav,VDE,event,8,289,6,0.3945201763529247
-5,etf_leads_kalshi,8.489436427210291e-05,1.096302040446036,0.2729466167546305,0.38482476459371495,65,2,4,21,44,0,ELECTION_trump_fav,VDE,event,8,289,6,0.3866743737357265
-4,etf_leads_kalshi,-0.00013278090716875156,-7.027782874214886,2.098410918933973e-12,0.38482476459371495,65,2,4,21,44,0,ELECTION_trump_fav,VDE,event,8,289,6,3.567298562187754e-11
-3,etf_leads_kalshi,-0.00029241048626121863,-3.773624224074889,0.00016089304814175909,0.38482476459371495,65,2,4,21,44,0,ELECTION_trump_fav,VDE,event,8,289,6,0.0006837954546024762
-2,etf_leads_kalshi,-0.00022499047594035115,-3.0054999035137953,0.002651446801997262,0.38482476459371495,65,2,4,21,44,0,ELECTION_trump_fav,VDE,event,8,289,6,0.007512432605658909
-1,etf_leads_kalshi,-7.081251072526716e-05,-0.5365236283820598,0.5915967103091122,0.38482476459371495,65,2,4,21,44,0,ELECTION_trump_fav,VDE,event,8,289,6,0.7183674339467792
0,contemp,-0.00024727733226808876,-4.937416942652555,7.916410384515792e-07,0.38482476459371495,65,2,4,21,44,0,ELECTION_trump_fav,VDE,event,8,289,6,6.728948826838423e-06
1,kalshi_leads_etf,-0.0002930156749555562,-1.5928734987682256,0.11118857252980072,0.38482476459371495,65,2,4,21,44,0,ELECTION_trump_fav,VDE,event,8,289,6,0.17183688481878293
2,kalshi_leads_etf,-0.0003266889817387501,-2.587123982920325,0.009678076169765676,0.38482476459371495,65,2,4,21,44,0,ELECTION_trump_fav,VDE,event,8,289,6,0.020565911860752063
3,kalshi_leads_etf,-0.00017941237509400083,-0.3995026856456221,0.6895228452532491,0.38482476459371495,65,2,4,21,44,0,ELECTION_trump_fav,VDE,event,8,289,6,0.7326180230815772
4,kalshi_leads_etf,-0.00010847861343947175,-2.2717107359380218,0.02310398732205415,0.38482476459371495,65,2,4,21,44,0,ELECTION_trump_fav,VDE,event,8,289,6,0.043640864941657836
5,kalshi_leads_etf,-3.489627447470727e-05,-0.08155292357852435,0.9350022380729415,0.38482476459371495,65,2,4,21,44,0,ELECTION_trump_fav,VDE,event,8,289,6,0.9350022380729415
6,kalshi_leads_etf,-0.00032685775389944326,-1.639181181636629,0.10117553179969044,0.38482476459371495,65,2,4,21,44,0,ELECTION_trump_fav,VDE,event,8,289,6,0.17183688481878293
7,kalshi_leads_etf,-0.0004375587507530024,-4.492523199591155,7.03842481977299e-06,0.38482476459371495,65,2,4,21,44,0,ELECTION_trump_fav,VDE,event,8,289,6,3.9884407312046944e-05
8,kalshi_leads_etf,-0.000294732995287047,-3.436583281256644,0.0005891012120478119,0.38482476459371495,65,2,4,21,44,0,ELECTION_trump_fav,VDE,event,8,289,6,0.0020029441209625603
-8,etf_leads_kalshi,2.7169049827697588e-05,1.741202576481976,0.0816480758024443,0.5828256918706682,65,2,4,21,44,0,ELECTION_trump_fav,VFH,event,8,289,6,0.13880172886415532
-7,etf_leads_kalshi,0.0001848233318389752,2.761290776696372,0.0057573391961101865,0.5828256918706682,65,2,4,21,44,0,ELECTION_trump_fav,VFH,event,8,289,6,0.013982109476267596
-6,etf_leads_kalshi,0.00022455143439304811,4.404970078598913,1.0579848012664946e-05,0.5828256918706682,65,2,4,21,44,0,ELECTION_trump_fav,VFH,event,8,289,6,2.9976236035884013e-05
-5,etf_leads_kalshi,0.00011655824511282269,10.007693418762626,1.4100159184479695e-23,0.5828256918706682,65,2,4,21,44,0,ELECTION_trump_fav,VFH,event,8,289,6,7.990090204538494e-23
-4,etf_leads_kalshi,2.6108861525422293e-07,0.006989117743565556,0.994423536258446,0.5828256918706682,65,2,4,21,44,0,ELECTION_trump_fav,VFH,event,8,289,6,0.994423536258446
-3,etf_leads_kalshi,0.00010435436958612636,1.602963068872936,0.10894280792923443,0.5828256918706682,65,2,4,21,44,0,ELECTION_trump_fav,VFH,event,8,289,6,0.16836615770881683
-2,etf_leads_kalshi,0.00010789189586983802,0.8182063045987635,0.4132393957913705,0.5828256918706682,65,2,4,21,44,0,ELECTION_trump_fav,VFH,event,8,289,6,0.5017906948895213
-1,etf_leads_kalshi,8.749192632399889e-05,2.1209944432794914,0.0339222700450473,0.5828256918706682,65,2,4,21,44,0,ELECTION_trump_fav,VFH,event,8,289,6,0.06407539897397822
0,contemp,-9.285710655431356e-07,-0.2110206273303726,0.8328711754823996,0.5828256918706682,65,2,4,21,44,0,ELECTION_trump_fav,VFH,event,8,289,6,0.8849256239500496
1,kalshi_leads_etf,-0.00027562797388620825,-2.1672592096888454,0.030215094892959572,0.5828256918706682,65,2,4,21,44,0,ELECTION_trump_fav,VFH,event,8,289,6,0.06407539897397822
2,kalshi_leads_etf,-0.00010612004030004483,-0.9336596821227727,0.35047946858650125,0.5828256918706682,65,2,4,21,44,0,ELECTION_trump_fav,VFH,event,8,289,6,0.4583193050746555
3,kalshi_leads_etf,-0.00044174693352164467,-10.247720780008894,1.211669666679543e-24,0.5828256918706682,65,2,4,21,44,0,ELECTION_trump_fav,VFH,event,8,289,6,1.0299192166776116e-23
4,kalshi_leads_etf,-0.0002746770442845092,-1.490290427897445,0.13614788825563354,0.5828256918706682,65,2,4,21,44,0,ELECTION_trump_fav,VFH,event,8,289,6,0.19287617502881416
5,kalshi_leads_etf,-0.00023609978503661327,-721.4021634040648,0.0,0.5828256918706682,65,2,4,21,44,0,ELECTION_trump_fav,VFH,event,8,289,6,0.0
6,kalshi_leads_etf,-0.0003027618718715709,-6.0773849505118145,1.2215826498967975e-09,0.5828256918706682,65,2,4,21,44,0,ELECTION_trump_fav,VFH,event,8,289,6,4.153381009649111e-09
7,kalshi_leads_etf,-5.3119132375145395e-05,-0.5315390244299943,0.5950453060993782,0.5828256918706682,65,2,4,21,44,0,ELECTION_trump_fav,VFH,event,8,289,6,0.674384680245962
8,kalshi_leads_etf,-0.00018723418338444643,-6.957069358836323,3.4742394022386953e-12,0.5828256918706682,65,2,4,21,44,0,ELECTION_trump_fav,VFH,event,8,289,6,1.4765517459514454e-11
-8,etf_leads_kalshi,0.00019654656748858488,4.1070151962463415,4.008048696359415e-05,0.4921855877626957,65,2,4,21,44,0,ELECTION_trump_fav,VGT,event,8,289,6,0.00013627365567622012
-7,etf_leads_kalshi,5.6393099746242604e-05,0.9463156297617672,0.34398762375775793,0.4921855877626957,65,2,4,21,44,0,ELECTION_trump_fav,VGT,event,8,289,6,0.5847789603881884
-6,etf_leads_kalshi,6.395755377425529e-05,1.288288432281125,0.1976455783401877,0.4921855877626957,65,2,4,21,44,0,ELECTION_trump_fav,VGT,event,8,289,6,0.373330536864799
-5,etf_leads_kalshi,-5.255471876371153e-06,-0.09714494909882641,0.922611285422079,0.4921855877626957,65,2,4,21,44,0,ELECTION_trump_fav,VGT,event,8,289,6,0.980274490760959
-4,etf_leads_kalshi,1.5101140444131832e-05,0.20381884817169196,0.8384950632949596,0.4921855877626957,65,2,4,21,44,0,ELECTION_trump_fav,VGT,event,8,289,6,0.9502944050676209
-3,etf_leads_kalshi,-6.855369034079424e-07,-0.01624598870388831,0.9870381466156675,0.4921855877626957,65,2,4,21,44,0,ELECTION_trump_fav,VGT,event,8,289,6,0.9870381466156675
-2,etf_leads_kalshi,-9.754626869939564e-05,-1.5654139158874891,0.1174858875747382,0.4921855877626957,65,2,4,21,44,0,ELECTION_trump_fav,VGT,event,8,289,6,0.24965751109631867
-1,etf_leads_kalshi,-0.00015563429517785032,-22.327211790269924,2.0108820974290385e-110,0.4921855877626957,65,2,4,21,44,0,ELECTION_trump_fav,VGT,event,8,289,6,1.7092497828146829e-109
0,contemp,-0.0001883644423843028,-3.1358394613422025,0.0017136298046478316,0.4921855877626957,65,2,4,21,44,0,ELECTION_trump_fav,VGT,event,8,289,6,0.004855284446502189
1,kalshi_leads_etf,-0.0003198227654247932,-1.9916656657879632,0.04640775326106568,0.4921855877626957,65,2,4,21,44,0,ELECTION_trump_fav,VGT,event,8,289,6,0.11270454363401665
2,kalshi_leads_etf,-0.0001123067128173842,-8.463298865894673,2.5991849461420924e-17,0.4921855877626957,65,2,4,21,44,0,ELECTION_trump_fav,VGT,event,8,289,6,1.472871469480519e-16
3,kalshi_leads_etf,-0.000256684521251751,-7.2174755412970635,5.296151716425028e-13,0.4921855877626957,65,2,4,21,44,0,ELECTION_trump_fav,VGT,event,8,289,6,2.250864479480637e-12
4,kalshi_leads_etf,-0.0004051949032753053,-31.92283283223837,1.287569016588786e-223,0.4921855877626957,65,2,4,21,44,0,ELECTION_trump_fav,VGT,event,8,289,6,2.188867328200936e-222
5,kalshi_leads_etf,-1.6764992646073328e-05,-0.37858120408992096,0.7049988819691978,0.4921855877626957,65,2,4,21,44,0,ELECTION_trump_fav,VGT,event,8,289,6,0.8912258380506977
6,kalshi_leads_etf,-5.369328452672551e-05,-0.4647688641164306,0.6420969871254124,0.4921855877626957,65,2,4,21,44,0,ELECTION_trump_fav,VGT,event,8,289,6,0.8912258380506977
7,kalshi_leads_etf,0.00014834969192922188,0.8428372630030064,0.3993194646004006,0.4921855877626957,65,2,4,21,44,0,ELECTION_trump_fav,VGT,event,8,289,6,0.6171300816551645
8,kalshi_leads_etf,5.178849150750185e-05,0.3398749655548519,0.7339506901593981,0.4921855877626957,65,2,4,21,44,0,ELECTION_trump_fav,VGT,event,8,289,6,0.8912258380506977
-8,etf_leads_kalshi,2.193557800678662e-05,0.46495523223205715,0.6419635161397417,0.5099106049707294,65,2,4,21,44,0,ELECTION_trump_fav,VIS,event,8,289,6,0.7275586516250406
-7,etf_leads_kalshi,6.734953622712101e-06,0.30512598063238516,0.7602702044406999,0.5099106049707294,65,2,4,21,44,0,ELECTION_trump_fav,VIS,event,8,289,6,0.8077870922182436
-6,etf_leads_kalshi,-9.698200349327787e-06,-0.10845162683773635,0.9136374503006465,0.5099106049707294,65,2,4,21,44,0,ELECTION_trump_fav,VIS,event,8,289,6,0.9136374503006465
-5,etf_leads_kalshi,-1.9749183050270163e-05,-6.311359645866663,2.7659458026383645e-10,0.5099106049707294,65,2,4,21,44,0,ELECTION_trump_fav,VIS,event,8,289,6,1.5673692881617399e-09
-4,etf_leads_kalshi,-3.984082416536707e-05,-0.6235376998309557,0.5329312361394296,0.5099106049707294,65,2,4,21,44,0,ELECTION_trump_fav,VIS,event,8,289,6,0.7120576428676867
-3,etf_leads_kalshi,-2.2539225372032582e-05,-0.5644850361179381,0.5724240811419151,0.5099106049707294,65,2,4,21,44,0,ELECTION_trump_fav,VIS,event,8,289,6,0.7120576428676867
-2,etf_leads_kalshi,-3.699753630663679e-05,-0.5440596704044558,0.586400411773389,0.5099106049707294,65,2,4,21,44,0,ELECTION_trump_fav,VIS,event,8,289,6,0.7120576428676867
-1,etf_leads_kalshi,-0.00011874755361742914,-1.4852661199114832,0.1374733429389501,0.5099106049707294,65,2,4,21,44,0,ELECTION_trump_fav,VIS,event,8,289,6,0.2337046829962152
0,contemp,-0.00024729106623044356,-2.477251407186766,0.013239860462700342,0.5099106049707294,65,2,4,21,44,0,ELECTION_trump_fav,VIS,event,8,289,6,0.02500862531843398
1,kalshi_leads_etf,-0.00014334669209520984,-3.1366675354766103,0.0017087977654083356,0.5099106049707294,65,2,4,21,44,0,ELECTION_trump_fav,VIS,event,8,289,6,0.004149937430277387
2,kalshi_leads_etf,-0.00029114986519670604,-3.194329186251336,0.001401561997000279,0.5099106049707294,65,2,4,21,44,0,ELECTION_trump_fav,VIS,event,8,289,6,0.003971092324834123
3,kalshi_leads_etf,-0.0003775068048788758,-8.764870632898992,1.86991257973788e-18,0.5099106049707294,65,2,4,21,44,0,ELECTION_trump_fav,VIS,event,8,289,6,3.178851385554396e-17
4,kalshi_leads_etf,-0.0004668257641712789,-2.492194486426902,0.012695649882961306,0.5099106049707294,65,2,4,21,44,0,ELECTION_trump_fav,VIS,event,8,289,6,0.02500862531843398
5,kalshi_leads_etf,-0.00015870743161218418,-3.981501978079809,6.848115111780853e-05,0.5099106049707294,65,2,4,21,44,0,ELECTION_trump_fav,VIS,event,8,289,6,0.00029104489225068627
6,kalshi_leads_etf,-0.00021950117610092075,-6.436310496519106,1.2241249746497237e-10,0.5099106049707294,65,2,4,21,44,0,ELECTION_trump_fav,VIS,event,8,289,6,1.0405062284522652e-09
7,kalshi_leads_etf,9.062819952290774e-05,0.9964546930236426,0.31902927023076955,0.5099106049707294,65,2,4,21,44,0,ELECTION_trump_fav,VIS,event,8,289,6,0.49304523581118925
8,kalshi_leads_etf,2.86227954652458e-05,3.8296517358001227,0.00012832473840394218,0.5099106049707294,65,2,4,21,44,0,ELECTION_trump_fav,VIS,event,8,289,6,0.0004363041105734034
-8,etf_leads_kalshi,8.05994345481895e-05,2.0528895645206933,0.040083289339580955,0.411130668032733,65,2,4,21,44,0,ELECTION_trump_fav,VNQ,event,8,289,6,0.13628318375457524
-7,etf_leads_kalshi,3.618817970288598e-05,0.2402791655352787,0.8101138454573558,0.411130668032733,65,2,4,21,44,0,ELECTION_trump_fav,VNQ,event,8,289,6,0.8101138454573558
-6,etf_leads_kalshi,0.000129282596878575,0.7114104347695194,0.4768299346466992,0.411130668032733,65,2,4,21,44,0,ELECTION_trump_fav,VNQ,event,8,289,6,0.6755090740828238
-5,etf_leads_kalshi,3.909928432879207e-05,0.4744432516191399,0.6351838563608448,0.411130668032733,65,2,4,21,44,0,ELECTION_trump_fav,VNQ,event,8,289,6,0.731137387906414
-4,etf_leads_kalshi,-6.826405217811912e-05,-2.2224084098315746,0.02625571751282428,0.411130668032733,65,2,4,21,44,0,ELECTION_trump_fav,VNQ,event,8,289,6,0.1115867994295032
-3,etf_leads_kalshi,-6.903669548344024e-05,-1.5559671707994966,0.11971589908495894,0.411130668032733,65,2,4,21,44,0,ELECTION_trump_fav,VNQ,event,8,289,6,0.2890440608827312
-2,etf_leads_kalshi,-0.00014399492807774323,-1.4907744020731561,0.13602073453304997,0.411130668032733,65,2,4,21,44,0,ELECTION_trump_fav,VNQ,event,8,289,6,0.2890440608827312
-1,etf_leads_kalshi,0.00027313982142837095,1.1806295015735857,0.23774993859938265,0.411130668032733,65,2,4,21,44,0,ELECTION_trump_fav,VNQ,event,8,289,6,0.44908321735438944
0,contemp,-5.1882576277842564e-06,-1.494811488621821,0.13496364715112263,0.411130668032733,65,2,4,21,44,0,ELECTION_trump_fav,VNQ,event,8,289,6,0.2890440608827312
1,kalshi_leads_etf,0.00011437427317378156,0.6120005696640556,0.5405373806616689,0.411130668032733,65,2,4,21,44,0,ELECTION_trump_fav,VNQ,event,8,289,6,0.7068565747114133
2,kalshi_leads_etf,0.00018030882744113572,2.349019298778205,0.018822931181199876,0.411130668032733,65,2,4,21,44,0,ELECTION_trump_fav,VNQ,event,8,289,6,0.10666327669346595
3,kalshi_leads_etf,0.00010056611948965757,0.7335532358839534,0.46322107101526455,0.411130668032733,65,2,4,21,44,0,ELECTION_trump_fav,VNQ,event,8,289,6,0.6755090740828238
4,kalshi_leads_etf,0.0004176213540719068,4.41694769936035,1.0010443932405392e-05,0.411130668032733,65,2,4,21,44,0,ELECTION_trump_fav,VNQ,event,8,289,6,8.508877342544584e-05
5,kalshi_leads_etf,0.00030315415768791457,0.7495124349831692,0.45354840659271034,0.411130668032733,65,2,4,21,44,0,ELECTION_trump_fav,VNQ,event,8,289,6,0.6755090740828238
6,kalshi_leads_etf,5.4804326366611503e-05,0.46055037139486693,0.6451212246233065,0.411130668032733,65,2,4,21,44,0,ELECTION_trump_fav,VNQ,event,8,289,6,0.731137387906414
7,kalshi_leads_etf,3.989335139624413e-05,0.3502503150672117,0.7261508492542502,0.411130668032733,65,2,4,21,44,0,ELECTION_trump_fav,VNQ,event,8,289,6,0.7715352773326408
8,kalshi_leads_etf,-2.2120617449331788e-05,-4.951982087176838,7.346136789779259e-07,0.411130668032733,65,2,4,21,44,0,ELECTION_trump_fav,VNQ,event,8,289,6,1.248843254262474e-05
-8,etf_leads_kalshi,7.108739538451672e-05,0.9297100899417676,0.3525212088742542,0.5500771403370575,65,2,4,21,44,0,ELECTION_trump_fav,VOX,event,8,289,6,0.5641801701583116
-7,etf_leads_kalshi,1.9232710140759026e-06,0.016642105994541145,0.9867221334761768,0.5500771403370575,65,2,4,21,44,0,ELECTION_trump_fav,VOX,event,8,289,6,0.9894070624301717
-6,etf_leads_kalshi,1.5756571403485938e-06,0.013276668447878866,0.9894070624301717,0.5500771403370575,65,2,4,21,44,0,ELECTION_trump_fav,VOX,event,8,289,6,0.9894070624301717
-5,etf_leads_kalshi,2.8567662082046207e-05,0.2943547556986325,0.7684868358743453,0.5500771403370575,65,2,4,21,44,0,ELECTION_trump_fav,VOX,event,8,289,6,0.8709517473242581
-4,etf_leads_kalshi,-4.602397035262948e-06,-0.9057697087523918,0.36505775716126043,0.5500771403370575,65,2,4,21,44,0,ELECTION_trump_fav,VOX,event,8,289,6,0.5641801701583116
-3,etf_leads_kalshi,6.931436157512948e-05,2.942138007905366,0.003259546263878855,0.5500771403370575,65,2,4,21,44,0,ELECTION_trump_fav,VOX,event,8,289,6,0.013853071621485134
-2,etf_leads_kalshi,5.525729623138148e-06,1.1662536624288882,0.24351190197478456,0.5500771403370575,65,2,4,21,44,0,ELECTION_trump_fav,VOX,event,8,289,6,0.5174627916964172
-1,etf_leads_kalshi,0.0002990083210974863,3.231823834133986,0.0012300286210258325,0.5500771403370575,65,2,4,21,44,0,ELECTION_trump_fav,VOX,event,8,289,6,0.00697016218581305
0,contemp,0.00020843312838722647,6.946294049799718,3.750067203396113e-12,0.5500771403370575,65,2,4,21,44,0,ELECTION_trump_fav,VOX,event,8,289,6,3.187557122886696e-11
1,kalshi_leads_etf,4.8756852208443156e-05,0.3058253334002815,0.7597376387619286,0.5500771403370575,65,2,4,21,44,0,ELECTION_trump_fav,VOX,event,8,289,6,0.8709517473242581
2,kalshi_leads_etf,0.00042972843691261133,2.352428969552437,0.01865125159291148,0.5500771403370575,65,2,4,21,44,0,ELECTION_trump_fav,VOX,event,8,289,6,0.05879428941526076
3,kalshi_leads_etf,0.00023327951664385048,1.3770070295548862,0.16851007450517508,0.5500771403370575,65,2,4,21,44,0,ELECTION_trump_fav,VOX,event,8,289,6,0.4092387523697109
4,kalshi_leads_etf,5.7230691404842714e-05,0.6294823370635277,0.5290333286851897,0.5500771403370575,65,2,4,21,44,0,ELECTION_trump_fav,VOX,event,8,289,6,0.691812814434479
5,kalshi_leads_etf,0.00014604534812792398,1.0473244323144801,0.2949499712855361,0.5500771403370575,65,2,4,21,44,0,ELECTION_trump_fav,VOX,event,8,289,6,0.557127723539346
6,kalshi_leads_etf,0.00018713225427155372,2.312485823254562,0.020750925675974388,0.5500771403370575,65,2,4,21,44,0,ELECTION_trump_fav,VOX,event,8,289,6,0.05879428941526076
7,kalshi_leads_etf,0.00024616315914619035,6.957263248773303,3.469463018443127e-12,0.5500771403370575,65,2,4,21,44,0,ELECTION_trump_fav,VOX,event,8,289,6,3.187557122886696e-11
8,kalshi_leads_etf,8.217290085809934e-06,0.752072388775682,0.45200752746779926,0.5500771403370575,65,2,4,21,44,0,ELECTION_trump_fav,VOX,event,8,289,6,0.640343997246049
-10,etf_leads_kalshi,-4.2146136979144884e-05,-0.7176151066100578,0.47299464045790707,0.04993961430230287,566,26,3,25,343,1,FOMC_easing,VCR,event,10,1905,5,0.683257234178447
-9,etf_leads_kalshi,-6.850621308665571e-05,-1.0921257117141194,0.27477784946856854,0.04993961430230287,566,26,3,25,343,1,FOMC_easing,VCR,event,10,1905,5,0.683257234178447
-8,etf_leads_kalshi,-3.53706984151858e-05,-0.6669781025002345,0.5047861206398627,0.04993961430230287,566,26,3,25,343,1,FOMC_easing,VCR,event,10,1905,5,0.683257234178447
-7,etf_leads_kalshi,-4.4356715002101085e-05,-0.7885005924485171,0.43040395217467553,0.04993961430230287,566,26,3,25,343,1,FOMC_easing,VCR,event,10,1905,5,0.683257234178447
-6,etf_leads_kalshi,4.506221169968509e-05,0.786900014873193,0.43134039882232145,0.04993961430230287,566,26,3,25,343,1,FOMC_easing,VCR,event,10,1905,5,0.683257234178447
-5,etf_leads_kalshi,-6.588247082827451e-05,-1.4699680630470604,0.14157040386693176,0.04993961430230287,566,26,3,25,343,1,FOMC_easing,VCR,event,10,1905,5,0.683257234178447
-4,etf_leads_kalshi,5.5078634575548504e-05,1.12663929728875,0.2598950171158628,0.04993961430230287,566,26,3,25,343,1,FOMC_easing,VCR,event,10,1905,5,0.683257234178447
-3,etf_leads_kalshi,5.616607544587582e-05,0.5894358116667863,0.5555689592001332,0.04993961430230287,566,26,3,25,343,1,FOMC_easing,VCR,event,10,1905,5,0.683257234178447
-2,etf_leads_kalshi,8.689903135218748e-05,2.011301547973173,0.04429361510317133,0.04993961430230287,566,26,3,25,343,1,FOMC_easing,VCR,event,10,1905,5,0.683257234178447
-1,etf_leads_kalshi,-9.165061688986186e-05,-1.28252910939337,0.19965710025751982,0.04993961430230287,566,26,3,25,343,1,FOMC_easing,VCR,event,10,1905,5,0.683257234178447
0,contemp,-3.225375338423489e-05,-0.4373963088638612,0.6618239605626599,0.04993961430230287,566,26,3,25,343,1,FOMC_easing,VCR,event,10,1905,5,0.7078000501193387
1,kalshi_leads_etf,1.474058377043027e-05,0.42053415211009015,0.6740952858279415,0.04993961430230287,566,26,3,25,343,1,FOMC_easing,VCR,event,10,1905,5,0.7078000501193387
2,kalshi_leads_etf,9.374442237527372e-06,0.25441983551180475,0.7991712284953686,0.04993961430230287,566,26,3,25,343,1,FOMC_easing,VCR,event,10,1905,5,0.7991712284953686
3,kalshi_leads_etf,-3.361361232787922e-05,-0.8672254064609372,0.38581851827356606,0.04993961430230287,566,26,3,25,343,1,FOMC_easing,VCR,event,10,1905,5,0.683257234178447
4,kalshi_leads_etf,1.830106341739964e-05,0.6787833610677759,0.4972751379836198,0.04993961430230287,566,26,3,25,343,1,FOMC_easing,VCR,event,10,1905,5,0.683257234178447
5,kalshi_leads_etf,-2.9261447031803108e-05,-0.8354142157824187,0.4034845284865739,0.04993961430230287,566,26,3,25,343,1,FOMC_easing,VCR,event,10,1905,5,0.683257234178447
6,kalshi_leads_etf,-3.824682352458588e-05,-1.1701537849686312,0.24193908717286716,0.04993961430230287,566,26,3,25,343,1,FOMC_easing,VCR,event,10,1905,5,0.683257234178447
7,kalshi_leads_etf,-1.79660549183847e-05,-0.5451518885490068,0.5856490578672402,0.04993961430230287,566,26,3,25,343,1,FOMC_easing,VCR,event,10,1905,5,0.683257234178447
8,kalshi_leads_etf,-2.29930937197295e-05,-0.970090525093165,0.33200137139524,0.04993961430230287,566,26,3,25,343,1,FOMC_easing,VCR,event,10,1905,5,0.683257234178447
9,kalshi_leads_etf,-2.0487433708994885e-05,-0.7824379880615634,0.43395721587149827,0.04993961430230287,566,26,3,25,343,1,FOMC_easing,VCR,event,10,1905,5,0.683257234178447
10,kalshi_leads_etf,1.3816574280586231e-05,0.5991890496662001,0.5490468241532922,0.04993961430230287,566,26,3,25,343,1,FOMC_easing,VCR,event,10,1905,5,0.683257234178447
-10,etf_leads_kalshi,-3.290188057420743e-05,-0.8692850206639198,0.38469125396557313,0.06181329722517126,566,26,3,25,343,1,FOMC_easing,VDC,event,10,1905,5,0.7842615875707953
-9,etf_leads_kalshi,1.0919777462678682e-05,0.5021598741734378,0.6155550659269708,0.06181329722517126,566,26,3,25,343,1,FOMC_easing,VDC,event,10,1905,5,0.8617770922977591
-8,etf_leads_kalshi,2.8782270251749474e-06,0.07766846083506,0.9380917829026533,0.06181329722517126,566,26,3,25,343,1,FOMC_easing,VDC,event,10,1905,5,0.9663208957269259
-7,etf_leads_kalshi,-1.7912973656994376e-05,-1.151934683390139,0.249347914598813,0.06181329722517126,566,26,3,25,343,1,FOMC_easing,VDC,event,10,1905,5,0.748043743796439
-6,etf_leads_kalshi,-1.0512333535654355e-05,-0.32985393125104684,0.7415103345227514,0.06181329722517126,566,26,3,25,343,1,FOMC_easing,VDC,event,10,1905,5,0.9159833544104576
-5,etf_leads_kalshi,-7.975744521260106e-06,-0.2530970686584827,0.8001932040240827,0.06181329722517126,566,26,3,25,343,1,FOMC_easing,VDC,event,10,1905,5,0.9335587380280965
-4,etf_leads_kalshi,-1.2213449677998554e-05,-0.4384428853241649,0.6610652643686974,0.06181329722517126,566,26,3,25,343,1,FOMC_easing,VDC,event,10,1905,5,0.8676481594839154
-3,etf_leads_kalshi,4.727365967592176e-05,0.911016589638797,0.3622866327201756,0.06181329722517126,566,26,3,25,343,1,FOMC_easing,VDC,event,10,1905,5,0.7842615875707953
-2,etf_leads_kalshi,6.446892804411988e-05,2.0686883619625043,0.03857534001517937,0.06181329722517126,566,26,3,25,343,1,FOMC_easing,VDC,event,10,1905,5,0.4050410701593834
-1,etf_leads_kalshi,-3.958542140631256e-05,-1.2700299578705039,0.20407395912914428,0.06181329722517126,566,26,3,25,343,1,FOMC_easing,VDC,event,10,1905,5,0.714258856952005
0,contemp,-2.6645544315324008e-05,-0.5303952602860894,0.5958379115343304,0.06181329722517126,566,26,3,25,343,1,FOMC_easing,VDC,event,10,1905,5,0.8617770922977591
1,kalshi_leads_etf,8.297900147430064e-07,0.04222303993106889,0.9663208957269259,0.06181329722517126,566,26,3,25,343,1,FOMC_easing,VDC,event,10,1905,5,0.9663208957269259
2,kalshi_leads_etf,-4.031042754856836e-05,-2.130715862481309,0.03311255747337345,0.06181329722517126,566,26,3,25,343,1,FOMC_easing,VDC,event,10,1905,5,0.4050410701593834
3,kalshi_leads_etf,1.2340115299904012e-05,0.5746279206979381,0.565542964830703,0.06181329722517126,566,26,3,25,343,1,FOMC_easing,VDC,event,10,1905,5,0.8617770922977591
4,kalshi_leads_etf,1.7993546705362207e-05,0.8224801337829921,0.41080368872755946,0.06181329722517126,566,26,3,25,343,1,FOMC_easing,VDC,event,10,1905,5,0.7842615875707953
5,kalshi_leads_etf,-1.0321768949995506e-06,-0.05376684210024674,0.9571209274607979,0.06181329722517126,566,26,3,25,343,1,FOMC_easing,VDC,event,10,1905,5,0.9663208957269259
6,kalshi_leads_etf,1.0154337846209001e-05,0.677505916453943,0.49808501750786716,0.06181329722517126,566,26,3,25,343,1,FOMC_easing,VDC,event,10,1905,5,0.8617770922977591
7,kalshi_leads_etf,2.5263142501914313e-05,1.498115525984311,0.13410323790847636,0.06181329722517126,566,26,3,25,343,1,FOMC_easing,VDC,event,10,1905,5,0.5717525693036605
8,kalshi_leads_etf,-1.0848729122224761e-05,-1.043623471676011,0.2966596290731085,0.06181329722517126,566,26,3,25,343,1,FOMC_easing,VDC,event,10,1905,5,0.7787315263169099
9,kalshi_leads_etf,2.417387358307897e-05,1.4903525415086916,0.13613156411991914,0.06181329722517126,566,26,3,25,343,1,FOMC_easing,VDC,event,10,1905,5,0.5717525693036605
10,kalshi_leads_etf,2.775050786537866e-05,1.7533850075802364,0.07953594270202131,0.06181329722517126,566,26,3,25,343,1,FOMC_easing,VDC,event,10,1905,5,0.5567515989141493
-10,etf_leads_kalshi,-0.00013316981774339038,-1.6971773898640319,0.08966312841935752,0.0645328031058856,566,26,3,24,343,0,FOMC_easing,VDE,event,10,1905,5,0.5891197887624088
-9,etf_leads_kalshi,-9.76598599153298e-07,-0.02680262216028619,0.9786171617891177,0.0645328031058856,566,26,3,24,343,0,FOMC_easing,VDE,event,10,1905,5,0.9786171617891177
-8,etf_leads_kalshi,-8.937903978884224e-05,-2.276552378488917,0.022812969396725082,0.0645328031058856,566,26,3,24,343,0,FOMC_easing,VDE,event,10,1905,5,0.444063937209564
-7,etf_leads_kalshi,-1.3687673991086062e-05,-0.22364077458373804,0.8230368336056729,0.0645328031058856,566,26,3,24,343,0,FOMC_easing,VDE,event,10,1905,5,0.9602096392066185
-6,etf_leads_kalshi,-3.713589010085232e-05,-0.7675198961598323,0.44277246838469664,0.0645328031058856,566,26,3,24,343,0,FOMC_easing,VDE,event,10,1905,5,0.7152478335445099
-5,etf_leads_kalshi,-4.5903980460870164e-05,-1.179139620799787,0.23834258401666752,0.0645328031058856,566,26,3,24,343,0,FOMC_easing,VDE,event,10,1905,5,0.5891197887624088
-4,etf_leads_kalshi,-9.961946295274372e-07,-0.029347950323440834,0.9765870845265073,0.0645328031058856,566,26,3,24,343,0,FOMC_easing,VDE,event,10,1905,5,0.9786171617891177
-3,etf_leads_kalshi,0.00013654571608640143,1.3705485236831925,0.17051573915398832,0.0645328031058856,566,26,3,24,343,0,FOMC_easing,VDE,event,10,1905,5,0.5891197887624088
-2,etf_leads_kalshi,8.516216935245904e-05,1.1443466366089166,0.25247990946960375,0.0645328031058856,566,26,3,24,343,0,FOMC_easing,VDE,event,10,1905,5,0.5891197887624088
-1,etf_leads_kalshi,-0.00011641764820020149,-2.030637275242425,0.042291803543768,0.0645328031058856,566,26,3,24,343,0,FOMC_easing,VDE,event,10,1905,5,0.444063937209564
0,contemp,-3.926998057782887e-05,-0.5556603506269507,0.5784430663392057,0.0645328031058856,566,26,3,24,343,0,FOMC_easing,VDE,event,10,1905,5,0.8338682483114042
1,kalshi_leads_etf,3.258646839455627e-05,0.8439129688202639,0.3987180406226366,0.0645328031058856,566,26,3,24,343,0,FOMC_easing,VDE,event,10,1905,5,0.7152478335445099
2,kalshi_leads_etf,-8.732524174430266e-06,-0.2607958245790233,0.7942499645565786,0.0645328031058856,566,26,3,24,343,0,FOMC_easing,VDE,event,10,1905,5,0.9602096392066185
3,kalshi_leads_etf,2.333223062904348e-06,0.05560068301155642,0.9556599203838368,0.0645328031058856,566,26,3,24,343,0,FOMC_easing,VDE,event,10,1905,5,0.9786171617891177
4,kalshi_leads_etf,1.9655069090205203e-05,0.5307093909892362,0.5956201773652887,0.0645328031058856,566,26,3,24,343,0,FOMC_easing,VDE,event,10,1905,5,0.8338682483114042
5,kalshi_leads_etf,-3.407346392105728e-05,-1.0182577864478979,0.3085554639267779,0.0645328031058856,566,26,3,24,343,0,FOMC_easing,VDE,event,10,1905,5,0.6479664742462337
6,kalshi_leads_etf,-1.1451172118398374e-05,-0.37406534344421194,0.7083557019874708,0.0645328031058856,566,26,3,24,343,0,FOMC_easing,VDE,event,10,1905,5,0.9297168588585555
7,kalshi_leads_etf,-2.6748502227834714e-05,-1.2288289081780746,0.2191359604824642,0.0645328031058856,566,26,3,24,343,0,FOMC_easing,VDE,event,10,1905,5,0.5891197887624088
8,kalshi_leads_etf,-3.891620885090369e-05,-1.3262301175141948,0.18476348620018013,0.0645328031058856,566,26,3,24,343,0,FOMC_easing,VDE,event,10,1905,5,0.5891197887624088
9,kalshi_leads_etf,-2.022555550246922e-05,-0.7949851607027049,0.42662213419218964,0.0645328031058856,566,26,3,24,343,0,FOMC_easing,VDE,event,10,1905,5,0.7152478335445099
10,kalshi_leads_etf,3.300066828793526e-05,1.275387087199681,0.2021722668642174,0.0645328031058856,566,26,3,24,343,0,FOMC_easing,VDE,event,10,1905,5,0.5891197887624088
-10,etf_leads_kalshi,-7.094278953692557e-05,-1.0690752763209428,0.285035751146684,0.06943983478765048,566,26,3,25,343,1,FOMC_easing,VFH,event,10,1905,5,0.8014489559410428
-9,etf_leads_kalshi,3.556344502325376e-06,0.10688322706351205,0.914881619821877,0.06943983478765048,566,26,3,25,343,1,FOMC_easing,VFH,event,10,1905,5,0.9845509619811914
-8,etf_leads_kalshi,-9.549670717035342e-06,-0.2357941781763892,0.813592385942934,0.06943983478765048,566,26,3,25,343,1,FOMC_easing,VFH,event,10,1905,5,0.9845509619811914
-7,etf_leads_kalshi,-1.3027042192832169e-06,-0.019363707769471463,0.9845509619811914,0.06943983478765048,566,26,3,25,343,1,FOMC_easing,VFH,event,10,1905,5,0.9845509619811914
-6,etf_leads_kalshi,-2.7216500385940847e-06,-0.06586244500122437,0.947487340180787,0.06943983478765048,566,26,3,25,343,1,FOMC_easing,VFH,event,10,1905,5,0.9845509619811914
-5,etf_leads_kalshi,-2.132909658976275e-05,-0.4657998319218417,0.6413587854151721,0.06943983478765048,566,26,3,25,343,1,FOMC_easing,VFH,event,10,1905,5,0.9616539017754427
-4,etf_leads_kalshi,1.991694846592988e-05,0.6805835036805595,0.4961350679635027,0.06943983478765048,566,26,3,25,343,1,FOMC_easing,VFH,event,10,1905,5,0.8014489559410428
-3,etf_leads_kalshi,8.689969262202906e-05,0.9367370300124086,0.3488938434039017,0.06943983478765048,566,26,3,25,343,1,FOMC_easing,VFH,event,10,1905,5,0.8014489559410428
-2,etf_leads_kalshi,3.751036159718502e-05,0.7254574248938731,0.4681714548820606,0.06943983478765048,566,26,3,25,343,1,FOMC_easing,VFH,event,10,1905,5,0.8014489559410428
-1,etf_leads_kalshi,-8.540805622702498e-05,-1.5692118866992029,0.11659857540109722,0.06943983478765048,566,26,3,25,343,1,FOMC_easing,VFH,event,10,1905,5,0.8014489559410428
0,contemp,-4.940796936988842e-05,-0.6857240127707411,0.4928871614118965,0.06943983478765048,566,26,3,25,343,1,FOMC_easing,VFH,event,10,1905,5,0.8014489559410428
1,kalshi_leads_etf,5.006546461333712e-05,1.198951084912847,0.230546966219345,0.06943983478765048,566,26,3,25,343,1,FOMC_easing,VFH,event,10,1905,5,0.8014489559410428
2,kalshi_leads_etf,-4.163991866748344e-05,-1.1558748505521932,0.24773235094812618,0.06943983478765048,566,26,3,25,343,1,FOMC_easing,VFH,event,10,1905,5,0.8014489559410428
3,kalshi_leads_etf,2.9662877673232514e-05,0.7344242443189001,0.46269021514242137,0.06943983478765048,566,26,3,25,343,1,FOMC_easing,VFH,event,10,1905,5,0.8014489559410428
4,kalshi_leads_etf,6.126149037005646e-06,0.2234284390502856,0.8232020725400929,0.06943983478765048,566,26,3,25,343,1,FOMC_easing,VFH,event,10,1905,5,0.9845509619811914
5,kalshi_leads_etf,-1.0265317794902306e-05,-0.4030714753786714,0.6868956441253162,0.06943983478765048,566,26,3,25,343,1,FOMC_easing,VFH,event,10,1905,5,0.9616539017754427
6,kalshi_leads_etf,-1.8990578103566455e-05,-0.8704606940990186,0.3840486904698014,0.06943983478765048,566,26,3,25,343,1,FOMC_easing,VFH,event,10,1905,5,0.8014489559410428
7,kalshi_leads_etf,3.4616864399679684e-05,2.068950049106492,0.03855077429733467,0.06943983478765048,566,26,3,25,343,1,FOMC_easing,VFH,event,10,1905,5,0.8014489559410428
8,kalshi_leads_etf,-2.5306583649078284e-05,-1.3300445783826806,0.1835035840758188,0.06943983478765048,566,26,3,25,343,1,FOMC_easing,VFH,event,10,1905,5,0.8014489559410428
9,kalshi_leads_etf,2.138096247831788e-06,0.11017905061925505,0.9122673762939467,0.06943983478765048,566,26,3,25,343,1,FOMC_easing,VFH,event,10,1905,5,0.9845509619811914
10,kalshi_leads_etf,1.2903962430188428e-05,0.6816546859540215,0.4954573269310075,0.06943983478765048,566,26,3,25,343,1,FOMC_easing,VFH,event,10,1905,5,0.8014489559410428
-10,etf_leads_kalshi,-5.332225556249299e-05,-1.0407015159968613,0.29801409942192736,0.0461137846397488,566,26,3,25,343,1,FOMC_easing,VGT,event,10,1905,5,0.7673533897332192
-9,etf_leads_kalshi,-3.912958910436459e-05,-0.8129365851811244,0.4162544173745557,0.0461137846397488,566,26,3,25,343,1,FOMC_easing,VGT,event,10,1905,5,0.7673533897332192
-8,etf_leads_kalshi,-1.0955486980041705e-05,-0.23000785699769466,0.8180856643851065,0.0461137846397488,566,26,3,25,343,1,FOMC_easing,VGT,event,10,1905,5,0.8589899476043619
-7,etf_leads_kalshi,-4.903691746496708e-05,-0.9051346715129748,0.36539404600744996,0.0461137846397488,566,26,3,25,343,1,FOMC_easing,VGT,event,10,1905,5,0.7673533897332192
-6,etf_leads_kalshi,3.200670683062257e-05,0.5167851015299174,0.6053061813377194,0.0461137846397488,566,26,3,25,343,1,FOMC_easing,VGT,event,10,1905,5,0.7673533897332192
-5,etf_leads_kalshi,-2.7342424190861643e-05,-0.561168789762694,0.5746824770695025,0.0461137846397488,566,26,3,25,343,1,FOMC_easing,VGT,event,10,1905,5,0.7673533897332192
-4,etf_leads_kalshi,6.202122518873784e-05,1.1427408798113239,0.25314619144428996,0.0461137846397488,566,26,3,25,343,1,FOMC_easing,VGT,event,10,1905,5,0.7673533897332192
-3,etf_leads_kalshi,8.323352700966267e-05,0.7198855998233997,0.4715954349364174,0.0461137846397488,566,26,3,25,343,1,FOMC_easing,VGT,event,10,1905,5,0.7673533897332192
-2,etf_leads_kalshi,9.264206343085379e-05,2.304524851175355,0.02119319897976673,0.0461137846397488,566,26,3,25,343,1,FOMC_easing,VGT,event,10,1905,5,0.44505717857510135
-1,etf_leads_kalshi,-5.295091139035772e-05,-0.6667924545272746,0.5049047131012456,0.0461137846397488,566,26,3,25,343,1,FOMC_easing,VGT,event,10,1905,5,0.7673533897332192
0,contemp,-5.0787350043665894e-05,-0.5558893594790065,0.5782864926965874,0.0461137846397488,566,26,3,25,343,1,FOMC_easing,VGT,event,10,1905,5,0.7673533897332192
1,kalshi_leads_etf,6.752250684475918e-05,1.9999172905888147,0.04550919575717609,0.0461137846397488,566,26,3,25,343,1,FOMC_easing,VGT,event,10,1905,5,0.47784655545034893
2,kalshi_leads_etf,-1.259001937540086e-05,-0.3032508743780545,0.7616986810117786,0.0461137846397488,566,26,3,25,343,1,FOMC_easing,VGT,event,10,1905,5,0.8589899476043619
3,kalshi_leads_etf,-6.463237351606922e-06,-0.14828285493735383,0.8821195455528705,0.0461137846397488,566,26,3,25,343,1,FOMC_easing,VGT,event,10,1905,5,0.8821195455528705
4,kalshi_leads_etf,9.197406100175982e-06,0.25702335876338234,0.7971607409747237,0.0461137846397488,566,26,3,25,343,1,FOMC_easing,VGT,event,10,1905,5,0.8589899476043619
5,kalshi_leads_etf,-3.6571474447387566e-05,-1.2447872162932567,0.21320997644768525,0.0461137846397488,566,26,3,25,343,1,FOMC_easing,VGT,event,10,1905,5,0.7673533897332192
6,kalshi_leads_etf,-4.572923399748352e-05,-1.4273753042608115,0.1534717452489437,0.0461137846397488,566,26,3,25,343,1,FOMC_easing,VGT,event,10,1905,5,0.7673533897332192
7,kalshi_leads_etf,1.6271625834743743e-05,0.49416332392920276,0.6211908393078441,0.0461137846397488,566,26,3,25,343,1,FOMC_easing,VGT,event,10,1905,5,0.7673533897332192
8,kalshi_leads_etf,-3.938003317004872e-05,-1.7316667183425352,0.08333291962762365,0.0461137846397488,566,26,3,25,343,1,FOMC_easing,VGT,event,10,1905,5,0.5833304373933657
9,kalshi_leads_etf,-2.0554587402074105e-05,-0.4944518910056322,0.6209870745462824,0.0461137846397488,566,26,3,25,343,1,FOMC_easing,VGT,event,10,1905,5,0.7673533897332192
10,kalshi_leads_etf,2.431487175329785e-05,0.9707654367642772,0.331665097753698,0.0461137846397488,566,26,3,25,343,1,FOMC_easing,VGT,event,10,1905,5,0.7673533897332192
-10,etf_leads_kalshi,-7.650144735131968e-05,-1.831638023723116,0.06700536786978659,0.09505193524088962,566,26,3,25,343,1,FOMC_easing,VIS,event,10,1905,5,0.5591861089465932
-9,etf_leads_kalshi,-6.058198618639687e-06,-0.20463270352945945,0.8378591023245351,0.09505193524088962,566,26,3,25,343,1,FOMC_easing,VIS,event,10,1905,5,0.9260547973060651
-8,etf_leads_kalshi,-2.145086435984742e-05,-0.48756317447694064,0.6258592850462729,0.09505193524088962,566,26,3,25,343,1,FOMC_easing,VIS,event,10,1905,5,0.9260547973060651
-7,etf_leads_kalshi,-3.417405012620182e-05,-0.45669449269160867,0.647890649880263,0.09505193524088962,566,26,3,25,343,1,FOMC_easing,VIS,event,10,1905,5,0.9260547973060651
-6,etf_leads_kalshi,3.092917365404484e-05,0.9050576937657677,0.3654348233044383,0.09505193524088962,566,26,3,25,343,1,FOMC_easing,VIS,event,10,1905,5,0.9260547973060651
-5,etf_leads_kalshi,1.45786762768878e-05,0.35153661745534037,0.7251858064180088,0.09505193524088962,566,26,3,25,343,1,FOMC_easing,VIS,event,10,1905,5,0.9260547973060651
-4,etf_leads_kalshi,2.0365387084333827e-05,0.666579710310866,0.5050406327729807,0.09505193524088962,566,26,3,25,343,1,FOMC_easing,VIS,event,10,1905,5,0.9260547973060651
-3,etf_leads_kalshi,8.284540191952007e-05,0.8430893695696333,0.39917846360472964,0.09505193524088962,566,26,3,25,343,1,FOMC_easing,VIS,event,10,1905,5,0.9260547973060651
-2,etf_leads_kalshi,4.947540068789829e-05,1.216356535995799,0.22384913343739288,0.09505193524088962,566,26,3,25,343,1,FOMC_easing,VIS,event,10,1905,5,0.9260547973060651
-1,etf_leads_kalshi,-0.00010748590479228613,-1.6436650740488485,0.1002454040754906,0.09505193524088962,566,26,3,25,343,1,FOMC_easing,VIS,event,10,1905,5,0.5591861089465932
0,contemp,-8.157968859973572e-05,-1.059330652967098,0.28944921960465897,0.09505193524088962,566,26,3,25,343,1,FOMC_easing,VIS,event,10,1905,5,0.9260547973060651
1,kalshi_leads_etf,-9.858447412867505e-08,-0.002147178803110266,0.9982868005001311,0.09505193524088962,566,26,3,25,343,1,FOMC_easing,VIS,event,10,1905,5,0.9982868005001311
2,kalshi_leads_etf,-2.2828612540461247e-05,-0.6454300445393688,0.5186485385797479,0.09505193524088962,566,26,3,25,343,1,FOMC_easing,VIS,event,10,1905,5,0.9260547973060651
3,kalshi_leads_etf,8.822187099094934e-06,0.23965780804914286,0.8105955460641006,0.09505193524088962,566,26,3,25,343,1,FOMC_easing,VIS,event,10,1905,5,0.9260547973060651
4,kalshi_leads_etf,-3.2372104897474517e-07,-0.011636949241476003,0.9907152674200814,0.09505193524088962,566,26,3,25,343,1,FOMC_easing,VIS,event,10,1905,5,0.9982868005001311
5,kalshi_leads_etf,-7.355534920659845e-06,-0.2718999215017299,0.7856989715963312,0.09505193524088962,566,26,3,25,343,1,FOMC_easing,VIS,event,10,1905,5,0.9260547973060651
6,kalshi_leads_etf,-1.6967050125182514e-05,-0.8483088761851209,0.39626597560045285,0.09505193524088962,566,26,3,25,343,1,FOMC_easing,VIS,event,10,1905,5,0.9260547973060651
7,kalshi_leads_etf,3.924839169369176e-05,1.891211066002712,0.05859617473857655,0.09505193524088962,566,26,3,25,343,1,FOMC_easing,VIS,event,10,1905,5,0.5591861089465932
8,kalshi_leads_etf,5.908552722067303e-06,0.388401477889531,0.6977189507112916,0.09505193524088962,566,26,3,25,343,1,FOMC_easing,VIS,event,10,1905,5,0.9260547973060651
9,kalshi_leads_etf,1.27994632047373e-05,0.6092914854038858,0.5423312498352011,0.09505193524088962,566,26,3,25,343,1,FOMC_easing,VIS,event,10,1905,5,0.9260547973060651
10,kalshi_leads_etf,2.544587385785885e-05,1.614072784458157,0.10651163979935108,0.09505193524088962,566,26,3,25,343,1,FOMC_easing,VIS,event,10,1905,5,0.5591861089465932
-10,etf_leads_kalshi,-1.504663125545218e-05,-0.31896829246540426,0.7497505568314431,0.057907152369456316,566,26,3,25,343,1,FOMC_easing,VNQ,event,10,1905,5,0.8286716680768581
-9,etf_leads_kalshi,2.303648561791946e-05,0.7520181295726245,0.45204015626444083,0.057907152369456316,566,26,3,25,343,1,FOMC_easing,VNQ,event,10,1905,5,0.60650252533985
-8,etf_leads_kalshi,2.6762444353486863e-05,0.8191356046435742,0.41270904999896507,0.057907152369456316,566,26,3,25,343,1,FOMC_easing,VNQ,event,10,1905,5,0.60650252533985
-7,etf_leads_kalshi,2.1489051869685264e-05,0.6954919045091832,0.48674708280118806,0.057907152369456316,566,26,3,25,343,1,FOMC_easing,VNQ,event,10,1905,5,0.60650252533985
-6,etf_leads_kalshi,4.547530993313843e-05,1.8081876275962692,0.07057730357538533,0.057907152369456316,566,26,3,25,343,1,FOMC_easing,VNQ,event,10,1905,5,0.4940411250276973
-5,etf_leads_kalshi,4.0195660841785716e-05,0.8866616389347335,0.3752610973450352,0.057907152369456316,566,26,3,25,343,1,FOMC_easing,VNQ,event,10,1905,5,0.60650252533985
-4,etf_leads_kalshi,3.7800054448551676e-05,1.0867249456470915,0.2771583860313612,0.057907152369456316,566,26,3,25,343,1,FOMC_easing,VNQ,event,10,1905,5,0.60650252533985
-3,etf_leads_kalshi,9.126412168973649e-05,1.2887908824809862,0.19747079660635314,0.057907152369456316,566,26,3,25,343,1,FOMC_easing,VNQ,event,10,1905,5,0.60650252533985
-2,etf_leads_kalshi,5.2654013389119506e-05,1.1137923947990722,0.26536826038496963,0.057907152369456316,566,26,3,25,343,1,FOMC_easing,VNQ,event,10,1905,5,0.60650252533985
-1,etf_leads_kalshi,-5.0914024871788766e-05,-1.2966370644357923,0.19475609321711784,0.057907152369456316,566,26,3,25,343,1,FOMC_easing,VNQ,event,10,1905,5,0.60650252533985
0,contemp,-4.592882516956272e-05,-0.7362499008244539,0.4615786290251569,0.057907152369456316,566,26,3,25,343,1,FOMC_easing,VNQ,event,10,1905,5,0.60650252533985
1,kalshi_leads_etf,-4.3973241526118374e-05,-0.9324406788507392,0.351108830287878,0.057907152369456316,566,26,3,25,343,1,FOMC_easing,VNQ,event,10,1905,5,0.60650252533985
2,kalshi_leads_etf,-4.375488332288429e-05,-1.0210185257492488,0.3072456616632696,0.057907152369456316,566,26,3,25,343,1,FOMC_easing,VNQ,event,10,1905,5,0.60650252533985
3,kalshi_leads_etf,8.572657469843124e-06,0.19513812867852656,0.8452848139260676,0.057907152369456316,566,26,3,25,343,1,FOMC_easing,VNQ,event,10,1905,5,0.887549054622371
4,kalshi_leads_etf,3.344537370453951e-05,1.9230770057223165,0.05447037964981935,0.057907152369456316,566,26,3,25,343,1,FOMC_easing,VNQ,event,10,1905,5,0.4940411250276973
5,kalshi_leads_etf,-2.0883423918784377e-05,-0.6887537663871599,0.4909782347989262,0.057907152369456316,566,26,3,25,343,1,FOMC_easing,VNQ,event,10,1905,5,0.60650252533985
6,kalshi_leads_etf,-7.1914174483661826e-06,-0.31972969849623983,0.7491732444552829,0.057907152369456316,566,26,3,25,343,1,FOMC_easing,VNQ,event,10,1905,5,0.8286716680768581
7,kalshi_leads_etf,2.3650133692099714e-05,0.9175317573382741,0.3588640594862965,0.057907152369456316,566,26,3,25,343,1,FOMC_easing,VNQ,event,10,1905,5,0.60650252533985
8,kalshi_leads_etf,1.2190562319884247e-05,0.9101264833312274,0.36275580933850815,0.057907152369456316,566,26,3,25,343,1,FOMC_easing,VNQ,event,10,1905,5,0.60650252533985
9,kalshi_leads_etf,-1.2268527577662403e-06,-0.054120857132588004,0.9568388750100605,0.057907152369456316,566,26,3,25,343,1,FOMC_easing,VNQ,event,10,1905,5,0.9568388750100605
10,kalshi_leads_etf,4.0798065711079405e-05,2.163195694738834,0.0305261312640662,0.057907152369456316,566,26,3,25,343,1,FOMC_easing,VNQ,event,10,1905,5,0.4940411250276973
-10,etf_leads_kalshi,-6.417977083887837e-05,-1.4079574794342662,0.1591436611461312,0.050215205347138414,566,26,3,25,343,1,FOMC_easing,VOX,event,10,1905,5,0.47743098343839363
-9,etf_leads_kalshi,6.674012047190813e-08,0.0018118976737019885,0.9985543156114225,0.050215205347138414,566,26,3,25,343,1,FOMC_easing,VOX,event,10,1905,5,0.9985543156114225
-8,etf_leads_kalshi,-4.361074374229671e-05,-1.168487745022883,0.24261007967557002,0.050215205347138414,566,26,3,25,343,1,FOMC_easing,VOX,event,10,1905,5,0.6315142817266898
-7,etf_leads_kalshi,-1.233408247396604e-05,-0.31982339076462607,0.7491022149186772,0.050215205347138414,566,26,3,25,343,1,FOMC_easing,VOX,event,10,1905,5,0.8739525840717901
-6,etf_leads_kalshi,3.6572207273301406e-06,0.07626720496093498,0.9392065164772752,0.050215205347138414,566,26,3,25,343,1,FOMC_easing,VOX,event,10,1905,5,0.9861668423011389
-5,etf_leads_kalshi,-5.46192009047238e-05,-1.7485568210972882,0.08036765558552164,0.050215205347138414,566,26,3,25,343,1,FOMC_easing,VOX,event,10,1905,5,0.32673122883510397
-4,etf_leads_kalshi,2.33631323438041e-05,0.7633732278240695,0.44524084163908306,0.050215205347138414,566,26,3,25,343,1,FOMC_easing,VOX,event,10,1905,5,0.8500052431291585
-3,etf_leads_kalshi,3.719461507228943e-05,0.4531789855633042,0.6504198631935286,0.050215205347138414,566,26,3,25,343,1,FOMC_easing,VOX,event,10,1905,5,0.8739525840717901
-2,etf_leads_kalshi,2.9377008234754455e-05,0.7929873546421723,0.4277851902878055,0.050215205347138414,566,26,3,25,343,1,FOMC_easing,VOX,event,10,1905,5,0.8500052431291585
-1,etf_leads_kalshi,-0.00010667304500260172,-2.4609961660365136,0.013855184666114875,0.050215205347138414,566,26,3,25,343,1,FOMC_easing,VOX,event,10,1905,5,0.1803290852273048
0,contemp,-3.650659396102422e-05,-0.6315068043577498,0.5277092015929943,0.050215205347138414,566,26,3,25,343,1,FOMC_easing,VOX,event,10,1905,5,0.8524533256502215
1,kalshi_leads_etf,2.512559466217768e-05,1.1015692615211192,0.270648977882867,0.050215205347138414,566,26,3,25,343,1,FOMC_easing,VOX,event,10,1905,5,0.6315142817266898
2,kalshi_leads_etf,-4.3756672306135004e-05,-2.2297913505062374,0.025761297889614967,0.050215205347138414,566,26,3,25,343,1,FOMC_easing,VOX,event,10,1905,5,0.1803290852273048
3,kalshi_leads_etf,-1.5571597396313526e-05,-0.40132603520335314,0.6881800977008747,0.050215205347138414,566,26,3,25,343,1,FOMC_easing,VOX,event,10,1905,5,0.8739525840717901
4,kalshi_leads_etf,-9.497523532962519e-06,-0.36424973514315545,0.7156715308503511,0.050215205347138414,566,26,3,25,343,1,FOMC_easing,VOX,event,10,1905,5,0.8739525840717901
5,kalshi_leads_etf,-3.580881252262483e-05,-1.6779760240599257,0.09335177966717256,0.050215205347138414,566,26,3,25,343,1,FOMC_easing,VOX,event,10,1905,5,0.32673122883510397
6,kalshi_leads_etf,-3.97316486754989e-05,-1.7599566911765012,0.07841514998376725,0.050215205347138414,566,26,3,25,343,1,FOMC_easing,VOX,event,10,1905,5,0.32673122883510397
7,kalshi_leads_etf,-6.939717640226927e-06,-0.417746227351272,0.676132669836288,0.050215205347138414,566,26,3,25,343,1,FOMC_easing,VOX,event,10,1905,5,0.8739525840717901
8,kalshi_leads_etf,-4.042107113338331e-05,-2.3409319565345186,0.019235672476495883,0.050215205347138414,566,26,3,25,343,1,FOMC_easing,VOX,event,10,1905,5,0.1803290852273048
9,kalshi_leads_etf,-1.4850503833801301e-05,-0.6523602123041216,0.5141688252012313,0.050215205347138414,566,26,3,25,343,1,FOMC_easing,VOX,event,10,1905,5,0.8524533256502215
10,kalshi_leads_etf,3.9732866639016074e-06,0.21345214846393265,0.8309743089859505,0.050215205347138414,566,26,3,25,343,1,FOMC_easing,VOX,event,10,1905,5,0.9184452888792084
-10,etf_leads_kalshi,1.1052831397448301e-05,0.32930078493493925,0.7419283508830055,0.049406235119927255,566,26,3,24,343,0,FOMC_easing,VPU,event,10,1905,5,0.865583076030173
-9,etf_leads_kalshi,4.619320296947775e-05,2.3015985141200974,0.021357824018309688,0.049406235119927255,566,26,3,24,343,0,FOMC_easing,VPU,event,10,1905,5,0.4149383218835771
-8,etf_leads_kalshi,1.5312551695780594e-05,0.7048474574821608,0.48090517124201937,0.049406235119927255,566,26,3,24,343,0,FOMC_easing,VPU,event,10,1905,5,0.7875165041229552
-7,etf_leads_kalshi,-1.5256261239362158e-06,-0.026809328796647214,0.978611812589717,0.049406235119927255,566,26,3,24,343,0,FOMC_easing,VPU,event,10,1905,5,0.978611812589717
-6,etf_leads_kalshi,6.151825807732027e-05,1.5608726302521272,0.1185538062524506,0.049406235119927255,566,26,3,24,343,0,FOMC_easing,VPU,event,10,1905,5,0.4149383218835771
-5,etf_leads_kalshi,-1.886882267062698e-05,-0.6592291739575317,0.5097486154951102,0.049406235119927255,566,26,3,24,343,0,FOMC_easing,VPU,event,10,1905,5,0.7875165041229552
-4,etf_leads_kalshi,-1.000622296763351e-05,-0.2728571195711442,0.7849630497530403,0.049406235119927255,566,26,3,24,343,0,FOMC_easing,VPU,event,10,1905,5,0.8675907392007288
-3,etf_leads_kalshi,4.2732311029438936e-05,0.5686459126373704,0.5695964602240605,0.049406235119927255,566,26,3,24,343,0,FOMC_easing,VPU,event,10,1905,5,0.7875165041229552
-2,etf_leads_kalshi,3.0177528535347503e-05,0.5318440014604533,0.594834044499392,0.049406235119927255,566,26,3,24,343,0,FOMC_easing,VPU,event,10,1905,5,0.7875165041229552
-1,etf_leads_kalshi,-6.513772717998849e-05,-1.7110839574874892,0.08706561520046892,0.049406235119927255,566,26,3,24,343,0,FOMC_easing,VPU,event,10,1905,5,0.4149383218835771
0,contemp,-6.802789889847633e-05,-1.010580525781635,0.31221724040416143,0.049406235119927255,566,26,3,24,343,0,FOMC_easing,VPU,event,10,1905,5,0.7285068942763767
1,kalshi_leads_etf,-3.35472705991024e-05,-0.7892774778493636,0.4299498471363641,0.049406235119927255,566,26,3,24,343,0,FOMC_easing,VPU,event,10,1905,5,0.7875165041229552
2,kalshi_leads_etf,-5.349998626474257e-05,-1.7029624653311606,0.08857509288329198,0.049406235119927255,566,26,3,24,343,0,FOMC_easing,VPU,event,10,1905,5,0.4149383218835771
3,kalshi_leads_etf,1.1001629594984568e-05,0.33311347774666983,0.7390486260646405,0.049406235119927255,566,26,3,24,343,0,FOMC_easing,VPU,event,10,1905,5,0.865583076030173
4,kalshi_leads_etf,1.568985190089093e-05,0.6574120154476909,0.51091602779447,0.049406235119927255,566,26,3,24,343,0,FOMC_easing,VPU,event,10,1905,5,0.7875165041229552
5,kalshi_leads_etf,-1.460566662003963e-05,-0.5243824299105672,0.6000125745698706,0.049406235119927255,566,26,3,24,343,0,FOMC_easing,VPU,event,10,1905,5,0.7875165041229552
6,kalshi_leads_etf,3.419443622542891e-05,1.4067836133431582,0.1594915631033792,0.049406235119927255,566,26,3,24,343,0,FOMC_easing,VPU,event,10,1905,5,0.4784746893101376
7,kalshi_leads_etf,6.099480594867833e-05,1.9185890415349334,0.05503636354258061,0.049406235119927255,566,26,3,24,343,0,FOMC_easing,VPU,event,10,1905,5,0.4149383218835771
8,kalshi_leads_etf,7.329580091168311e-07,0.03426775305839055,0.9726636390912825,0.049406235119927255,566,26,3,24,343,0,FOMC_easing,VPU,event,10,1905,5,0.978611812589717
9,kalshi_leads_etf,3.327587928002708e-05,1.2546431384545795,0.20960833601276696,0.049406235119927255,566,26,3,24,343,0,FOMC_easing,VPU,event,10,1905,5,0.5502218820335133
10,kalshi_leads_etf,2.5232276958680828e-05,1.6461429760017288,0.09973432621251334,0.049406235119927255,566,26,3,24,343,0,FOMC_easing,VPU,event,10,1905,5,0.4149383218835771
