k_lag,direction,coef,t_stat,p_value,r_squared,n_obs,n_days,n_members_used,n_params,n_active,group,etf,mode,K_chosen,n_active_events,n_members,p_fdr
-8,etf_leads_kalshi,-3.0822185977214e-05,-11.009795049924676,3.4278259715851073e-28,0.15898840890092025,165,3,4,26,107,ELECTION_trump_fav,VAW,event,8,391,6,2.913652075847341e-27
-7,etf_leads_kalshi,1.1014415567519012e-05,1.1934433157726032,0.23269579939835872,0.15898840890092025,165,3,4,26,107,ELECTION_trump_fav,VAW,event,8,391,6,0.30429450690554605
-6,etf_leads_kalshi,3.23701201271795e-05,2.244482767477704,0.024801356456897496,0.15898840890092025,165,3,4,26,107,ELECTION_trump_fav,VAW,event,8,391,6,0.04684700664080638
-5,etf_leads_kalshi,1.2279785322049448e-05,0.2521525410535422,0.8009231597479721,0.15898840890092025,165,3,4,26,107,ELECTION_trump_fav,VAW,event,8,391,6,0.8996207618185156
-4,etf_leads_kalshi,-1.4674163103310475e-05,-3.3374708192045017,0.0008454459906229911,0.15898840890092025,165,3,4,26,107,ELECTION_trump_fav,VAW,event,8,391,6,0.002395430306765141
-3,etf_leads_kalshi,-1.8907103365955312e-05,-0.5838974402904071,0.5592893154370442,0.15898840890092025,165,3,4,26,107,ELECTION_trump_fav,VAW,event,8,391,6,0.6791370258878394
-2,etf_leads_kalshi,-5.475968321254019e-06,-6.710179739611783,1.943848272880161e-11,0.15898840890092025,165,3,4,26,107,ELECTION_trump_fav,VAW,event,8,391,6,8.261355159740685e-11
-1,etf_leads_kalshi,-1.419345873392997e-06,-0.05138003517561283,0.9590226933792818,0.15898840890092025,165,3,4,26,107,ELECTION_trump_fav,VAW,event,8,391,6,0.9590226933792818
0,contemp,3.541604124414879e-05,1.510746509496141,0.1308530477463324,0.15898840890092025,165,3,4,26,107,ELECTION_trump_fav,VAW,event,8,391,6,0.1853751509739709
1,kalshi_leads_etf,-1.2808103979389126e-05,-2.3528466285877303,0.018630316606128697,0.15898840890092025,165,3,4,26,107,ELECTION_trump_fav,VAW,event,8,391,6,0.03958942278802348
2,kalshi_leads_etf,-7.387558392080339e-05,-3.0197163240003357,0.0025301153859281626,0.15898840890092025,165,3,4,26,107,ELECTION_trump_fav,VAW,event,8,391,6,0.00614456593725411
3,kalshi_leads_etf,-3.405957416179698e-06,-0.1933282626048117,0.8467018934762499,0.15898840890092025,165,3,4,26,107,ELECTION_trump_fav,VAW,event,8,391,6,0.8996207618185156
4,kalshi_leads_etf,-7.423594673642531e-05,-1.5750799843901886,0.11523798347378321,0.15898840890092025,165,3,4,26,107,ELECTION_trump_fav,VAW,event,8,391,6,0.17809506536857403
5,kalshi_leads_etf,-0.00010395366285683726,-7.722059652507205,1.1446479766281908e-14,0.15898840890092025,165,3,4,26,107,ELECTION_trump_fav,VAW,event,8,391,6,6.486338534226414e-14
6,kalshi_leads_etf,-9.829738021585402e-05,-26.001061516761254,4.81712077845093e-149,0.15898840890092025,165,3,4,26,107,ELECTION_trump_fav,VAW,event,8,391,6,8.189105323366582e-148
7,kalshi_leads_etf,-6.523712319895744e-05,-3.5085570372796444,0.0004505446146530744,0.15898840890092025,165,3,4,26,107,ELECTION_trump_fav,VAW,event,8,391,6,0.001531851689820453
8,kalshi_leads_etf,-6.256014974018246e-05,-1.662350386289285,0.09644254054018404,0.15898840890092025,165,3,4,26,107,ELECTION_trump_fav,VAW,event,8,391,6,0.16395231891831286
-8,etf_leads_kalshi,-8.549458967568569e-05,-5.6180747333699,1.9309698220313993e-08,0.2331100017169766,165,3,4,26,107,ELECTION_trump_fav,VCR,event,8,391,6,6.565297394906758e-08
-7,etf_leads_kalshi,-6.171690790185712e-05,-2.005267820943351,0.04493442301440638,0.2331100017169766,165,3,4,26,107,ELECTION_trump_fav,VCR,event,8,391,6,0.06944410829499167
-6,etf_leads_kalshi,8.242811891831792e-06,1.083924691229323,0.27839819089756956,0.2331100017169766,165,3,4,26,107,ELECTION_trump_fav,VCR,event,8,391,6,0.3640591727122064
-5,etf_leads_kalshi,-1.3840486236296172e-05,-0.9004698914630791,0.3678702411964867,0.2331100017169766,165,3,4,26,107,ELECTION_trump_fav,VCR,event,8,391,6,0.41691960668935163
-4,etf_leads_kalshi,-0.0001150534068938278,-2.428679148443852,0.01515393637951386,0.2331100017169766,165,3,4,26,107,ELECTION_trump_fav,VCR,event,8,391,6,0.028624102050192845
-3,etf_leads_kalshi,-4.548058812054516e-05,-1.281800958984613,0.1999124777227398,0.2331100017169766,165,3,4,26,107,ELECTION_trump_fav,VCR,event,8,391,6,0.28320934344054804
-2,etf_leads_kalshi,-5.214735754911499e-08,-0.0013968231188499236,0.9988854967617178,0.2331100017169766,165,3,4,26,107,ELECTION_trump_fav,VCR,event,8,391,6,0.9988854967617178
-1,etf_leads_kalshi,4.856015383786026e-05,4.808698328897619,1.519162601451667e-06,0.2331100017169766,165,3,4,26,107,ELECTION_trump_fav,VCR,event,8,391,6,4.30429403744639e-06
0,contemp,-2.7277769739917737e-06,-0.2160333153283688,0.8289617787951645,0.2331100017169766,165,3,4,26,107,ELECTION_trump_fav,VCR,event,8,391,6,0.8807718899698623
1,kalshi_leads_etf,-0.00014973254825001946,-2.232253188171369,0.025598233877346138,0.2331100017169766,165,3,4,26,107,ELECTION_trump_fav,VCR,event,8,391,6,0.043516997591488436
2,kalshi_leads_etf,-0.00018925074817467433,-62.73600482463596,0.0,0.2331100017169766,165,3,4,26,107,ELECTION_trump_fav,VCR,event,8,391,6,0.0
3,kalshi_leads_etf,-0.00013132230502760632,-13.333759842249748,1.4728359932114578e-40,0.2331100017169766,165,3,4,26,107,ELECTION_trump_fav,VCR,event,8,391,6,1.251910594229739e-39
4,kalshi_leads_etf,-0.00016649389338844567,-11.643350370108553,2.4807534029729356e-31,0.2331100017169766,165,3,4,26,107,ELECTION_trump_fav,VCR,event,8,391,6,1.4057602616846634e-30
5,kalshi_leads_etf,-0.00017973379483581493,-3.7345001844087644,0.00018808835350816197,0.2331100017169766,165,3,4,26,107,ELECTION_trump_fav,VCR,event,8,391,6,0.0004567860013769648
6,kalshi_leads_etf,-6.62356525566637e-05,-7.797211123750504,6.3290304854018246e-15,0.2331100017169766,165,3,4,26,107,ELECTION_trump_fav,VCR,event,8,391,6,2.6898379562957754e-14
7,kalshi_leads_etf,-0.00011840617893061299,-3.0830999984914165,0.0020485630460477457,0.2331100017169766,165,3,4,26,107,ELECTION_trump_fav,VCR,event,8,391,6,0.0043531964728514595
8,kalshi_leads_etf,-5.2688570108491666e-05,-1.0276687584031226,0.3041056684792216,0.2331100017169766,165,3,4,26,107,ELECTION_trump_fav,VCR,event,8,391,6,0.36927116886762623
-8,etf_leads_kalshi,-5.481959901714018e-05,-1.4894864217083472,0.1363593262718629,0.17019384455293596,165,3,4,26,107,ELECTION_trump_fav,VDC,event,8,391,6,0.14488178416385433
-7,etf_leads_kalshi,-7.121646257724087e-05,-3.7562534163834442,0.00017247604783030156,0.17019384455293596,165,3,4,26,107,ELECTION_trump_fav,VDC,event,8,391,6,0.00032578809034612514
-6,etf_leads_kalshi,-7.335375690389023e-05,-2.991140125646321,0.0027793792292216354,0.17019384455293596,165,3,4,26,107,ELECTION_trump_fav,VDC,event,8,391,6,0.003937453908063983
-5,etf_leads_kalshi,-3.784346406351773e-05,-1.0388646094898975,0.2988677077356049,0.17019384455293596,165,3,4,26,107,ELECTION_trump_fav,VDC,event,8,391,6,0.2988677077356049
-4,etf_leads_kalshi,-8.49768207525241e-05,-14.14576262144593,1.9835460079282875e-45,0.17019384455293596,165,3,4,26,107,ELECTION_trump_fav,VDC,event,8,391,6,8.430070533695222e-45
-3,etf_leads_kalshi,-7.306263175636037e-05,-1.7838929627387539,0.07444105964321857,0.17019384455293596,165,3,4,26,107,ELECTION_trump_fav,VDC,event,8,391,6,0.09039271528105113
-2,etf_leads_kalshi,-0.00010041000457915781,-13.511151462683145,1.34402697149722e-41,0.17019384455293596,165,3,4,26,107,ELECTION_trump_fav,VDC,event,8,391,6,4.5696917030905474e-41
-1,etf_leads_kalshi,-7.304575065074812e-05,-17.03038643570384,4.888036976536832e-65,0.17019384455293596,165,3,4,26,107,ELECTION_trump_fav,VDC,event,8,391,6,4.1548314300563075e-64
0,contemp,-0.00011370247080430417,-15.937602172084352,3.474314993615523e-57,0.17019384455293596,165,3,4,26,107,ELECTION_trump_fav,VDC,event,8,391,6,1.9687784963821297e-56
1,kalshi_leads_etf,-9.584516729608413e-05,-12.252253106271228,1.6339246598889844e-34,0.17019384455293596,165,3,4,26,107,ELECTION_trump_fav,VDC,event,8,391,6,4.629453203018789e-34
2,kalshi_leads_etf,-6.373396490254524e-05,-1.596445802292803,0.11038929704052203,0.17019384455293596,165,3,4,26,107,ELECTION_trump_fav,VDC,event,8,391,6,0.1251078699792583
3,kalshi_leads_etf,-0.0001061472801385248,-3.6671345875574666,0.000245283707953221,0.17019384455293596,165,3,4,26,107,ELECTION_trump_fav,VDC,event,8,391,6,0.0004169823035204757
4,kalshi_leads_etf,-0.00012648320311743977,-3.5895235200020297,0.00033128294122097384,0.17019384455293596,165,3,4,26,107,ELECTION_trump_fav,VDC,event,8,391,6,0.000511982727341505
5,kalshi_leads_etf,-0.00011391115469818773,-5.506037932125881,3.669994856616954e-08,0.17019384455293596,165,3,4,26,107,ELECTION_trump_fav,VDC,event,8,391,6,8.912844651784032e-08
6,kalshi_leads_etf,-0.0001230581002094252,-20.665516286570703,7.079592397663863e-95,0.17019384455293596,165,3,4,26,107,ELECTION_trump_fav,VDC,event,8,391,6,1.2035307076028568e-93
7,kalshi_leads_etf,-0.00014783955263833224,-3.9345841634109595,8.334086165374934e-05,0.17019384455293596,165,3,4,26,107,ELECTION_trump_fav,VDC,event,8,391,6,0.00017709933101421734
8,kalshi_leads_etf,-5.95828076156176e-05,-2.0710996251332876,0.03834948689049924,0.17019384455293596,165,3,4,26,107,ELECTION_trump_fav,VDC,event,8,391,6,0.05014932901065285
-8,etf_leads_kalshi,-3.462613975991145e-05,-17.65985692538462,8.545600577563266e-70,0.1893905036605743,165,3,4,26,107,ELECTION_trump_fav,VDE,event,8,391,6,2.90550419637151e-69
-7,etf_leads_kalshi,-0.00010585163018457176,-5.359081197234659,8.364625749821007e-08,0.1893905036605743,165,3,4,26,107,ELECTION_trump_fav,VDE,event,8,391,6,1.1849886478913093e-07
-6,etf_leads_kalshi,-0.0001522501629236372,-30.269469633896275,2.8926942222694154e-201,0.1893905036605743,165,3,4,26,107,ELECTION_trump_fav,VDE,event,8,391,6,4.917580177858006e-200
-5,etf_leads_kalshi,-0.00016426477870966206,-6.332522907102789,2.411844649664533e-10,0.1893905036605743,165,3,4,26,107,ELECTION_trump_fav,VDE,event,8,391,6,4.100135904429706e-10
-4,etf_leads_kalshi,-0.0001364353809529407,-6.024563972256169,1.6956612743808563e-09,0.1893905036605743,165,3,4,26,107,ELECTION_trump_fav,VDE,event,8,391,6,2.6205674240431412e-09
-3,etf_leads_kalshi,-0.00011618038725992338,-24.222403544457467,1.2921322522678469e-129,0.1893905036605743,165,3,4,26,107,ELECTION_trump_fav,VDE,event,8,391,6,5.491562072138349e-129
-2,etf_leads_kalshi,-0.00015891966908988567,-3.0174617017685144,0.002549012482020446,0.1893905036605743,165,3,4,26,107,ELECTION_trump_fav,VDE,event,8,391,6,0.0030952294424533987
-1,etf_leads_kalshi,-0.00011387375973803974,-26.377180268668358,2.5042192315378846e-153,0.1893905036605743,165,3,4,26,107,ELECTION_trump_fav,VDE,event,8,391,6,2.128586346807202e-152
0,contemp,-5.2988099388535564e-05,-10.591948731755686,3.247595400209884e-26,0.1893905036605743,165,3,4,26,107,ELECTION_trump_fav,VDE,event,8,391,6,7.887017400509718e-26
1,kalshi_leads_etf,-0.00013898020820244896,-2.3121600442784875,0.02076886525078104,0.1893905036605743,165,3,4,26,107,ELECTION_trump_fav,VDE,event,8,391,6,0.022066919328954854
2,kalshi_leads_etf,-0.0001082945270403127,-7.066670264545164,1.5869542888281022e-12,0.1893905036605743,165,3,4,26,107,ELECTION_trump_fav,VDE,event,8,391,6,2.9975803233419706e-12
3,kalshi_leads_etf,-0.0001530455975460412,-25.234776688189392,1.664220916476772e-140,0.1893905036605743,165,3,4,26,107,ELECTION_trump_fav,VDE,event,8,391,6,9.430585193368374e-140
4,kalshi_leads_etf,-0.0001019890646852267,-9.831142198144907,8.267569936795298e-23,0.1893905036605743,165,3,4,26,107,ELECTION_trump_fav,VDE,event,8,391,6,1.756858611569001e-22
5,kalshi_leads_etf,-0.0002203919159461328,-3.019003723199015,0.002536074147804966,0.1893905036605743,165,3,4,26,107,ELECTION_trump_fav,VDE,event,8,391,6,0.0030952294424533987
6,kalshi_leads_etf,-0.0001037004748431205,-15.48614092056094,4.303594864859485e-54,0.1893905036605743,165,3,4,26,107,ELECTION_trump_fav,VDE,event,8,391,6,1.219351878376854e-53
7,kalshi_leads_etf,-7.747737282125591e-05,-1.8359560653993174,0.0663641547092019,0.1893905036605743,165,3,4,26,107,ELECTION_trump_fav,VDE,event,8,391,6,0.0663641547092019
8,kalshi_leads_etf,-0.00017560018751633838,-2.3928568446571696,0.01671776246602852,0.1893905036605743,165,3,4,26,107,ELECTION_trump_fav,VDE,event,8,391,6,0.01894679746149899
-8,etf_leads_kalshi,-7.477535128352007e-05,-7.317244779562342,2.531139065068068e-13,0.15202023910426266,165,3,4,26,107,ELECTION_trump_fav,VFH,event,8,391,6,1.4343121368719052e-12
-7,etf_leads_kalshi,-3.71861908316873e-05,-1.3209044854252496,0.1865332139866086,0.15202023910426266,165,3,4,26,107,ELECTION_trump_fav,VFH,event,8,391,6,0.26425538648102886
-6,etf_leads_kalshi,1.3315330594645857e-05,0.3792621994256466,0.7044931669741308,0.15202023910426266,165,3,4,26,107,ELECTION_trump_fav,VFH,event,8,391,6,0.7617064769395794
-5,etf_leads_kalshi,-6.018132284020192e-05,-1.5073045886028877,0.13173260197224376,0.15202023910426266,165,3,4,26,107,ELECTION_trump_fav,VFH,event,8,391,6,0.21763715767827208
-4,etf_leads_kalshi,-7.68190474996317e-05,-2.844864530448455,0.004443031472790778,0.15202023910426266,165,3,4,26,107,ELECTION_trump_fav,VFH,event,8,391,6,0.009441441879680403
-3,etf_leads_kalshi,2.5245502517648796e-05,0.311540890306553,0.7553894624304789,0.15202023910426266,165,3,4,26,107,ELECTION_trump_fav,VFH,event,8,391,6,0.7617064769395794
-2,etf_leads_kalshi,-9.881861825559276e-05,-4.4227913139722,9.743384321485695e-06,0.15202023910426266,165,3,4,26,107,ELECTION_trump_fav,VFH,event,8,391,6,4.140938336631421e-05
-1,etf_leads_kalshi,-0.0001384385926720825,-7.574227550548823,3.612707059850135e-14,0.15202023910426266,165,3,4,26,107,ELECTION_trump_fav,VFH,event,8,391,6,3.070801000872615e-13
0,contemp,-0.0001076932546935,-3.1295911464613897,0.0017504975656932283,0.15202023910426266,165,3,4,26,107,ELECTION_trump_fav,VFH,event,8,391,6,0.004251208373826412
1,kalshi_leads_etf,-0.00016332601957047573,-24.048092401939073,8.740339445362323e-128,0.15202023910426266,165,3,4,26,107,ELECTION_trump_fav,VFH,event,8,391,6,1.485857705711595e-126
2,kalshi_leads_etf,-0.00014140568605058978,-1.4727292982583442,0.14082404320358782,0.15202023910426266,165,3,4,26,107,ELECTION_trump_fav,VFH,event,8,391,6,0.21763715767827208
3,kalshi_leads_etf,-0.00014521948025206845,-2.1506093310556733,0.03150704820545966,0.15202023910426266,165,3,4,26,107,ELECTION_trump_fav,VFH,event,8,391,6,0.059513313276979354
4,kalshi_leads_etf,-0.00010188898797928455,-0.9026816962914076,0.36669485355622444,0.15202023910426266,165,3,4,26,107,ELECTION_trump_fav,VFH,event,8,391,6,0.4452723221754154
5,kalshi_leads_etf,-6.988630305492237e-05,-3.3879997585185504,0.0007040432631190052,0.15202023910426266,165,3,4,26,107,ELECTION_trump_fav,VFH,event,8,391,6,0.002393747094604618
6,kalshi_leads_etf,1.5877077535235177e-05,0.30324064389428224,0.7617064769395794,0.15202023910426266,165,3,4,26,107,ELECTION_trump_fav,VFH,event,8,391,6,0.7617064769395794
7,kalshi_leads_etf,-5.737781827325373e-06,-3.2030980305021837,0.001359576924332824,0.15202023910426266,165,3,4,26,107,ELECTION_trump_fav,VFH,event,8,391,6,0.003852134618943001
8,kalshi_leads_etf,-4.8199329536641726e-05,-1.1311537550315494,0.25799038233259064,0.15202023910426266,165,3,4,26,107,ELECTION_trump_fav,VFH,event,8,391,6,0.33737203843492625
-8,etf_leads_kalshi,-6.583124247334132e-05,-7.621109646238332,2.5150418876979842e-14,0.17826693870089194,165,3,4,26,107,ELECTION_trump_fav,VGT,event,8,391,6,2.1377856045432865e-13
-7,etf_leads_kalshi,-1.0443837958969084e-05,-2.1087591136337656,0.03496537943840626,0.17826693870089194,165,3,4,26,107,ELECTION_trump_fav,VGT,event,8,391,6,0.0990685750754844
-6,etf_leads_kalshi,1.391373389459663e-05,0.6366333032508593,0.5243637271325248,0.17826693870089194,165,3,4,26,107,ELECTION_trump_fav,VGT,event,8,391,6,0.8103803055684473
-5,etf_leads_kalshi,-3.4362567316178824e-05,-0.49060552526963863,0.6237054777598603,0.17826693870089194,165,3,4,26,107,ELECTION_trump_fav,VGT,event,8,391,6,0.8198316469617173
-4,etf_leads_kalshi,-6.340286307456775e-05,-1.9248591320919617,0.054246983878033464,0.17826693870089194,165,3,4,26,107,ELECTION_trump_fav,VGT,event,8,391,6,0.13174267513236698
-3,etf_leads_kalshi,2.4687309070184257e-06,0.05822623503851526,0.953568423629497,0.17826693870089194,165,3,4,26,107,ELECTION_trump_fav,VGT,event,8,391,6,0.953568423629497
-2,etf_leads_kalshi,5.708704746402338e-05,3.702304769957439,0.00021364975212950551,0.17826693870089194,165,3,4,26,107,ELECTION_trump_fav,VGT,event,8,391,6,0.0009080114465503985
-1,etf_leads_kalshi,-3.2516525561180484e-06,-0.19083560687160955,0.8486543910592228,0.17826693870089194,165,3,4,26,107,ELECTION_trump_fav,VGT,event,8,391,6,0.9442463150691461
0,contemp,1.1006390307103619e-05,0.23301417562521756,0.8157503981626673,0.17826693870089194,165,3,4,26,107,ELECTION_trump_fav,VGT,event,8,391,6,0.9442463150691461
1,kalshi_leads_etf,-7.029784950000832e-05,-14.65596101019825,1.2339825984654581e-48,0.17826693870089194,165,3,4,26,107,ELECTION_trump_fav,VGT,event,8,391,6,2.097770417391279e-47
2,kalshi_leads_etf,-0.00011522964851446934,-2.251489693763881,0.024354538926782177,0.17826693870089194,165,3,4,26,107,ELECTION_trump_fav,VGT,event,8,391,6,0.0828054323510594
3,kalshi_leads_etf,-1.251503591119773e-05,-0.13994630622938517,0.8887024141827258,0.17826693870089194,165,3,4,26,107,ELECTION_trump_fav,VGT,event,8,391,6,0.9442463150691461
4,kalshi_leads_etf,-3.3724625147606015e-05,-0.4860523033240851,0.626930082970725,0.17826693870089194,165,3,4,26,107,ELECTION_trump_fav,VGT,event,8,391,6,0.8198316469617173
5,kalshi_leads_etf,-6.451432104658572e-05,-1.6204408754782784,0.10513760531421595,0.17826693870089194,165,3,4,26,107,ELECTION_trump_fav,VGT,event,8,391,6,0.2234174112927089
6,kalshi_leads_etf,-7.347410824535346e-05,-1.398063807713004,0.16209390696944825,0.17826693870089194,165,3,4,26,107,ELECTION_trump_fav,VGT,event,8,391,6,0.30617737983118004
7,kalshi_leads_etf,-5.369138759993874e-05,-4.677645033588449,2.9018831847530742e-06,0.17826693870089194,165,3,4,26,107,ELECTION_trump_fav,VGT,event,8,391,6,1.6444004713600753e-05
8,kalshi_leads_etf,1.2814498223760763e-05,0.8028433539387841,0.42206528037432,0.17826693870089194,165,3,4,26,107,ELECTION_trump_fav,VGT,event,8,391,6,0.717510976636344
-8,etf_leads_kalshi,-7.142939663840545e-05,-12.918660211617611,3.532387049901784e-38,0.12483502786908407,165,3,4,26,107,ELECTION_trump_fav,VIS,event,8,391,6,3.0025289924165163e-37
-7,etf_leads_kalshi,-3.137256874580613e-05,-20.57566431770563,4.534745754025577e-94,0.12483502786908407,165,3,4,26,107,ELECTION_trump_fav,VIS,event,8,391,6,7.709067781843482e-93
-6,etf_leads_kalshi,2.245499140268938e-05,0.45334275526179446,0.6503019501891485,0.12483502786908407,165,3,4,26,107,ELECTION_trump_fav,VIS,event,8,391,6,0.9226408942865992
-5,etf_leads_kalshi,-2.9990932567599463e-05,-0.37784072378596933,0.7055489191603406,0.12483502786908407,165,3,4,26,107,ELECTION_trump_fav,VIS,event,8,391,6,0.9226408942865992
-4,etf_leads_kalshi,-3.568221423845624e-05,-2.040807194407712,0.0412699951935808,0.12483502786908407,165,3,4,26,107,ELECTION_trump_fav,VIS,event,8,391,6,0.14031798365817472
-3,etf_leads_kalshi,3.321078596813322e-05,0.4320625862096007,0.6656959260977815,0.12483502786908407,165,3,4,26,107,ELECTION_trump_fav,VIS,event,8,391,6,0.9226408942865992
-2,etf_leads_kalshi,-4.151764693460366e-06,-0.14476326711027773,0.8848977852557908,0.12483502786908407,165,3,4,26,107,ELECTION_trump_fav,VIS,event,8,391,6,0.9567346076092158
-1,etf_leads_kalshi,-6.592259930833157e-05,-2.310472517037241,0.020862008372512463,0.12483502786908407,165,3,4,26,107,ELECTION_trump_fav,VIS,event,8,391,6,0.08866353558317797
0,contemp,5.696199074689398e-06,0.1250851983299953,0.9004561012792619,0.12483502786908407,165,3,4,26,107,ELECTION_trump_fav,VIS,event,8,391,6,0.9567346076092158
1,kalshi_leads_etf,-3.238743767403081e-05,-1.1502776795792955,0.25002952094165487,0.12483502786908407,165,3,4,26,107,ELECTION_trump_fav,VIS,event,8,391,6,0.5602979592167727
2,kalshi_leads_etf,-7.608121621096925e-05,-1.024923632561116,0.30539922270259023,0.12483502786908407,165,3,4,26,107,ELECTION_trump_fav,VIS,event,8,391,6,0.576865198438226
3,kalshi_leads_etf,-2.7538100199119638e-06,-0.04069409552377775,0.9675397687876311,0.12483502786908407,165,3,4,26,107,ELECTION_trump_fav,VIS,event,8,391,6,0.9675397687876311
4,kalshi_leads_etf,-1.7830590382714525e-05,-0.14423107251558895,0.8853180051457135,0.12483502786908407,165,3,4,26,107,ELECTION_trump_fav,VIS,event,8,391,6,0.9567346076092158
5,kalshi_leads_etf,-3.0310063749130635e-05,-1.1998768206669976,0.2301871833966287,0.12483502786908407,165,3,4,26,107,ELECTION_trump_fav,VIS,event,8,391,6,0.5602979592167727
6,kalshi_leads_etf,-3.048334775443174e-05,-0.5986550036313172,0.5494029687737577,0.12483502786908407,165,3,4,26,107,ELECTION_trump_fav,VIS,event,8,391,6,0.9226408942865992
7,kalshi_leads_etf,-8.045031455687458e-05,-7.042447375813213,1.8889218550375463e-12,0.12483502786908407,165,3,4,26,107,ELECTION_trump_fav,VIS,event,8,391,6,1.0703890511879428e-11
8,kalshi_leads_etf,-2.570955538000622e-05,-1.1177597228180827,0.26366962786671655,0.12483502786908407,165,3,4,26,107,ELECTION_trump_fav,VIS,event,8,391,6,0.5602979592167727
-8,etf_leads_kalshi,-8.092920393868381e-05,-2.9401367722953147,0.003280673973351113,0.18266942785411566,165,3,4,26,107,ELECTION_trump_fav,VNQ,event,8,391,6,0.00464762146224741
-7,etf_leads_kalshi,-0.0001285338878084635,-7.592041835157096,3.1490330566093203e-14,0.18266942785411566,165,3,4,26,107,ELECTION_trump_fav,VNQ,event,8,391,6,1.338339049058961e-13
-6,etf_leads_kalshi,-5.6653609565505454e-05,-1.3908211078257804,0.16427968070257937,0.18266942785411566,165,3,4,26,107,ELECTION_trump_fav,VNQ,event,8,391,6,0.17454716074649057
-5,etf_leads_kalshi,-9.009948508867732e-05,-25.322628895103843,1.799822062086003e-141,0.18266942785411566,165,3,4,26,107,ELECTION_trump_fav,VNQ,event,8,391,6,3.059697505546205e-140
-4,etf_leads_kalshi,-9.153205425847456e-05,-6.691918941475935,2.2026287287620712e-11,0.18266942785411566,165,3,4,26,107,ELECTION_trump_fav,VNQ,event,8,391,6,5.3492411984221734e-11
-3,etf_leads_kalshi,-8.423555446197282e-05,-3.433111577376264,0.0005966964876526028,0.18266942785411566,165,3,4,26,107,ELECTION_trump_fav,VNQ,event,8,391,6,0.0009221672990994771
-2,etf_leads_kalshi,-0.00017851262042276717,-4.273062660905923,1.9280624567587988e-05,0.18266942785411566,165,3,4,26,107,ELECTION_trump_fav,VNQ,event,8,391,6,3.641895751655509e-05
-1,etf_leads_kalshi,-0.00013868111349977605,-6.962458030746531,3.343862334834539e-12,0.18266942785411566,165,3,4,26,107,ELECTION_trump_fav,VNQ,event,8,391,6,9.474276615364527e-12
0,contemp,-0.00013216095082492504,-3.5567973923983276,0.00037540345813849324,0.18266942785411566,165,3,4,26,107,ELECTION_trump_fav,VNQ,event,8,391,6,0.0006381858788354385
1,kalshi_leads_etf,-0.0001734218715371746,-4.671821061462708,2.9854099120737154e-06,0.18266942785411566,165,3,4,26,107,ELECTION_trump_fav,VNQ,event,8,391,6,6.343996063156646e-06
2,kalshi_leads_etf,-0.0001515176118351092,-11.673263243995397,1.7459511543292246e-31,0.18266942785411566,165,3,4,26,107,ELECTION_trump_fav,VNQ,event,8,391,6,1.484058481179841e-30
3,kalshi_leads_etf,-0.00011690019816319929,-11.215224398758746,3.433145340631925e-29,0.18266942785411566,165,3,4,26,107,ELECTION_trump_fav,VNQ,event,8,391,6,1.9454490263580908e-28
4,kalshi_leads_etf,-0.00017949130021884568,-7.46833924861613,8.121324740126301e-14,0.18266942785411566,165,3,4,26,107,ELECTION_trump_fav,VNQ,event,8,391,6,2.7612504116429426e-13
5,kalshi_leads_etf,-4.829340329596797e-05,-1.7617032412418154,0.07811944994460308,0.18266942785411566,165,3,4,26,107,ELECTION_trump_fav,VNQ,event,8,391,6,0.09485933207558947
6,kalshi_leads_etf,-8.92634135029362e-05,-2.250248661557312,0.024433164862645164,0.18266942785411566,165,3,4,26,107,ELECTION_trump_fav,VNQ,event,8,391,6,0.03195106174345906
7,kalshi_leads_etf,-4.5301979634021234e-05,-0.7479240615058373,0.4545059632533692,0.18266942785411566,165,3,4,26,107,ELECTION_trump_fav,VNQ,event,8,391,6,0.4545059632533692
8,kalshi_leads_etf,-8.915698647668658e-05,-1.6330926568674928,0.10244951076008206,0.18266942785411566,165,3,4,26,107,ELECTION_trump_fav,VNQ,event,8,391,6,0.116109445528093
-8,etf_leads_kalshi,-8.927932222631136e-05,-5.474543015071585,4.3864208635794857e-08,0.17311487944759973,165,3,4,26,107,ELECTION_trump_fav,VOX,event,8,391,6,1.2428192446808543e-07
-7,etf_leads_kalshi,4.3872185361571594e-05,18.52976119771011,1.1881304067892371e-76,0.17311487944759973,165,3,4,26,107,ELECTION_trump_fav,VOX,event,8,391,6,1.0099108457708516e-75
-6,etf_leads_kalshi,9.154373294718655e-05,8.52269277202656,1.558858927509723e-17,0.17311487944759973,165,3,4,26,107,ELECTION_trump_fav,VOX,event,8,391,6,6.625150441916324e-17
-5,etf_leads_kalshi,1.472388896592241e-05,0.5692894032590853,0.5691597569355397,0.17311487944759973,165,3,4,26,107,ELECTION_trump_fav,VOX,event,8,391,6,0.5691597569355397
-4,etf_leads_kalshi,-1.9715665848655106e-05,-1.3636221355628206,0.17268652168871557,0.17311487944759973,165,3,4,26,107,ELECTION_trump_fav,VOX,event,8,391,6,0.20969077633629749
-3,etf_leads_kalshi,4.552881209415619e-05,1.3119678915803117,0.18953096840804085,0.17311487944759973,165,3,4,26,107,ELECTION_trump_fav,VOX,event,8,391,6,0.21480176419577962
-2,etf_leads_kalshi,8.042796056901912e-05,9.583447095092389,9.385891080340625e-22,0.17311487944759973,165,3,4,26,107,ELECTION_trump_fav,VOX,event,8,391,6,5.3186716121930205e-21
-1,etf_leads_kalshi,7.311062193017035e-05,43.88578004627781,0.0,0.17311487944759973,165,3,4,26,107,ELECTION_trump_fav,VOX,event,8,391,6,0.0
0,contemp,1.5613407044797825e-05,0.7454749167544648,0.4559846692160716,0.17311487944759973,165,3,4,26,107,ELECTION_trump_fav,VOX,event,8,391,6,0.4844837110420761
1,kalshi_leads_etf,-4.7446101604100614e-05,-4.602376150202346,4.176979495968091e-06,0.17311487944759973,165,3,4,26,107,ELECTION_trump_fav,VOX,event,8,391,6,1.0144093061636793e-05
2,kalshi_leads_etf,5.8293253317948194e-05,3.3760255765126987,0.00073541082427805,0.17311487944759973,165,3,4,26,107,ELECTION_trump_fav,VOX,event,8,391,6,0.0015627480015908564
3,kalshi_leads_etf,9.490290363309666e-05,2.2073010657909564,0.02729303290127143,0.17311487944759973,165,3,4,26,107,ELECTION_trump_fav,VOX,event,8,391,6,0.03866512994346786
4,kalshi_leads_etf,2.745341621286447e-05,1.5476360073807383,0.12170995706054089,0.17311487944759973,165,3,4,26,107,ELECTION_trump_fav,VOX,event,8,391,6,0.1591591746176304
5,kalshi_leads_etf,4.410455460913774e-05,2.5371637518895285,0.011175466682238707,0.17311487944759973,165,3,4,26,107,ELECTION_trump_fav,VOX,event,8,391,6,0.021109214844228667
6,kalshi_leads_etf,4.765766846849528e-05,2.317514271018508,0.02047573416722932,0.17311487944759973,165,3,4,26,107,ELECTION_trump_fav,VOX,event,8,391,6,0.03164431644026349
7,kalshi_leads_etf,2.446918200404853e-05,8.096387697580994,5.661519373893945e-16,0.17311487944759973,165,3,4,26,107,ELECTION_trump_fav,VOX,event,8,391,6,1.9249165871239413e-15
8,kalshi_leads_etf,3.114139619761114e-05,2.4397749135836397,0.014696415697556099,0.17311487944759973,165,3,4,26,107,ELECTION_trump_fav,VOX,event,8,391,6,0.024983906685845367
-10,etf_leads_kalshi,3.783344948840297e-05,1.623148230189579,0.10455772155094659,0.02840607403068185,1299,30,3,29,703,FOMC_easing,VCR,event,10,2747,5,0.5779822896854725
-9,etf_leads_kalshi,1.1915534914016446e-05,0.8872928106770687,0.37492127521100604,0.02840607403068185,1299,30,3,29,703,FOMC_easing,VCR,event,10,2747,5,0.9369098033547371
-8,etf_leads_kalshi,3.957436741518739e-05,1.8728001738133289,0.061095983983199494,0.02840607403068185,1299,30,3,29,703,FOMC_easing,VCR,event,10,2747,5,0.5779822896854725
-7,etf_leads_kalshi,2.1819609206008562e-05,0.7599987308315322,0.4472553435144313,0.02840607403068185,1299,30,3,29,703,FOMC_easing,VCR,event,10,2747,5,0.9369098033547371
-6,etf_leads_kalshi,3.590307603906009e-05,1.4153534236811627,0.1569648984865862,0.02840607403068185,1299,30,3,29,703,FOMC_easing,VCR,event,10,2747,5,0.5779822896854725
-5,etf_leads_kalshi,2.7130431164078995e-05,1.2707688411568425,0.20381089671555142,0.02840607403068185,1299,30,3,29,703,FOMC_easing,VCR,event,10,2747,5,0.6114326901466542
-4,etf_leads_kalshi,1.165639645444095e-05,0.46395213970461113,0.642682035776724,0.02840607403068185,1299,30,3,29,703,FOMC_easing,VCR,event,10,2747,5,0.9369098033547371
-3,etf_leads_kalshi,1.7835829113025287e-05,0.661596755374061,0.508229687517051,0.02840607403068185,1299,30,3,29,703,FOMC_easing,VCR,event,10,2747,5,0.9369098033547371
-2,etf_leads_kalshi,-2.3742403701655107e-05,-0.607016934261696,0.5438396739493494,0.02840607403068185,1299,30,3,29,703,FOMC_easing,VCR,event,10,2747,5,0.9369098033547371
-1,etf_leads_kalshi,-9.491428267748436e-06,-0.17750172968369193,0.85911430671549,0.02840607403068185,1299,30,3,29,703,FOMC_easing,VCR,event,10,2747,5,0.9765635283961016
0,contemp,-1.526011922548221e-05,-0.43320219363903023,0.6648678853769712,0.02840607403068185,1299,30,3,29,703,FOMC_easing,VCR,event,10,2747,5,0.9369098033547371
1,kalshi_leads_etf,-1.1857574013661763e-07,-0.004630944832240897,0.9963050538231837,0.02840607403068185,1299,30,3,29,703,FOMC_easing,VCR,event,10,2747,5,0.9963050538231837
2,kalshi_leads_etf,-6.767247031381836e-06,-0.36670906956247945,0.7138360406512282,0.02840607403068185,1299,30,3,29,703,FOMC_easing,VCR,event,10,2747,5,0.9369098033547371
3,kalshi_leads_etf,1.258474842906045e-05,0.6070843363721404,0.5437949446058679,0.02840607403068185,1299,30,3,29,703,FOMC_easing,VCR,event,10,2747,5,0.9369098033547371
4,kalshi_leads_etf,-2.167241446473498e-06,-0.08776871544857857,0.9300605032343824,0.02840607403068185,1299,30,3,29,703,FOMC_easing,VCR,event,10,2747,5,0.9765635283961016
5,kalshi_leads_etf,-4.587850153532503e-06,-0.41763976708346595,0.6762105169459284,0.02840607403068185,1299,30,3,29,703,FOMC_easing,VCR,event,10,2747,5,0.9369098033547371
6,kalshi_leads_etf,-3.170233926701256e-06,-0.22409733182843047,0.8226815685829281,0.02840607403068185,1299,30,3,29,703,FOMC_easing,VCR,event,10,2747,5,0.9765635283961016
7,kalshi_leads_etf,-1.948554676072095e-05,-1.4257598076984368,0.15393768620454887,0.02840607403068185,1299,30,3,29,703,FOMC_easing,VCR,event,10,2747,5,0.5779822896854725
8,kalshi_leads_etf,-2.9450873272257456e-05,-1.387997530631766,0.16513779705299214,0.02840607403068185,1299,30,3,29,703,FOMC_easing,VCR,event,10,2747,5,0.5779822896854725
9,kalshi_leads_etf,1.4213759883286744e-06,0.10084834935343105,0.919670845220467,0.02840607403068185,1299,30,3,29,703,FOMC_easing,VCR,event,10,2747,5,0.9765635283961016
10,kalshi_leads_etf,1.4581661827480438e-05,1.5348772659047014,0.12481397881039695,0.02840607403068185,1299,30,3,29,703,FOMC_easing,VCR,event,10,2747,5,0.5779822896854725
-10,etf_leads_kalshi,1.042605575006935e-05,0.9422192638036808,0.34608039322982087,0.029535568616163466,1299,30,3,29,703,FOMC_easing,VDC,event,10,2747,5,0.8075209175362488
-9,etf_leads_kalshi,9.081882585964878e-06,1.2670894512554065,0.20512330699323011,0.029535568616163466,1299,30,3,29,703,FOMC_easing,VDC,event,10,2747,5,0.7179315744763054
-8,etf_leads_kalshi,2.5719037135817962e-05,1.8130016715821349,0.06983156350370587,0.029535568616163466,1299,30,3,29,703,FOMC_easing,VDC,event,10,2747,5,0.4888209445259411
-7,etf_leads_kalshi,-7.165114511750054e-07,-0.07849603865389096,0.9374334811980696,0.029535568616163466,1299,30,3,29,703,FOMC_easing,VDC,event,10,2747,5,0.9628590580985299
-6,etf_leads_kalshi,2.9047706178994887e-05,2.011631914520058,0.044258752586124606,0.029535568616163466,1299,30,3,29,703,FOMC_easing,VDC,event,10,2747,5,0.4647169021543084
-5,etf_leads_kalshi,7.87930219183952e-07,0.046566091077760156,0.9628590580985299,0.029535568616163466,1299,30,3,29,703,FOMC_easing,VDC,event,10,2747,5,0.9628590580985299
-4,etf_leads_kalshi,5.2304357290579415e-06,0.4816595234440797,0.6300478343052551,0.029535568616163466,1299,30,3,29,703,FOMC_easing,VDC,event,10,2747,5,0.9490137998115029
-3,etf_leads_kalshi,-1.1692879136632757e-05,-1.0302091118800711,0.30291185327516645,0.029535568616163466,1299,30,3,29,703,FOMC_easing,VDC,event,10,2747,5,0.795143614847312
-2,etf_leads_kalshi,-1.1381444926539794e-05,-0.6279692996483164,0.5300240516607793,0.029535568616163466,1299,30,3,29,703,FOMC_easing,VDC,event,10,2747,5,0.9490137998115029
-1,etf_leads_kalshi,-2.9629975944528073e-05,-1.1598770324331915,0.24609887503003092,0.029535568616163466,1299,30,3,29,703,FOMC_easing,VDC,event,10,2747,5,0.7382966250900928
0,contemp,-2.867157270625455e-05,-1.3716557608537117,0.1701706263588676,0.029535568616163466,1299,30,3,29,703,FOMC_easing,VDC,event,10,2747,5,0.7179315744763054
1,kalshi_leads_etf,-4.264461270331863e-06,-0.6044124138074978,0.5455694845217934,0.029535568616163466,1299,30,3,29,703,FOMC_easing,VDC,event,10,2747,5,0.9490137998115029
2,kalshi_leads_etf,-9.106803944582752e-06,-1.3046990875998696,0.1919953322991791,0.029535568616163466,1299,30,3,29,703,FOMC_easing,VDC,event,10,2747,5,0.7179315744763054
3,kalshi_leads_etf,-1.8359016182307312e-06,-0.20952458131131255,0.8340387481079221,0.029535568616163466,1299,30,3,29,703,FOMC_easing,VDC,event,10,2747,5,0.9628590580985299
4,kalshi_leads_etf,1.4125644787775135e-06,0.11616495313134281,0.9075218120145867,0.029535568616163466,1299,30,3,29,703,FOMC_easing,VDC,event,10,2747,5,0.9628590580985299
5,kalshi_leads_etf,-1.5557236503789535e-05,-2.637790715893358,0.008344806429753484,0.029535568616163466,1299,30,3,29,703,FOMC_easing,VDC,event,10,2747,5,0.17524093502482319
6,kalshi_leads_etf,-3.4890679766088135e-06,-0.4779639460422775,0.6326758665410019,0.029535568616163466,1299,30,3,29,703,FOMC_easing,VDC,event,10,2747,5,0.9490137998115029
7,kalshi_leads_etf,-3.7153086829240314e-06,-0.5138358725060486,0.6073667453145988,0.029535568616163466,1299,30,3,29,703,FOMC_easing,VDC,event,10,2747,5,0.9490137998115029
8,kalshi_leads_etf,-1.338665443447264e-06,-0.1551723387341432,0.8766854546199228,0.029535568616163466,1299,30,3,29,703,FOMC_easing,VDC,event,10,2747,5,0.9628590580985299
9,kalshi_leads_etf,6.826203488829503e-07,0.08878758995590366,0.9292507205172863,0.029535568616163466,1299,30,3,29,703,FOMC_easing,VDC,event,10,2747,5,0.9628590580985299
10,kalshi_leads_etf,1.5442471012546897e-06,0.22029120505149724,0.8256443692880813,0.029535568616163466,1299,30,3,29,703,FOMC_easing,VDC,event,10,2747,5,0.9628590580985299
-10,etf_leads_kalshi,2.031812997061529e-05,0.6584646095276453,0.510239630810313,0.03892448292793549,1299,30,3,29,703,FOMC_easing,VDE,event,10,2747,5,0.8803952317778831
-9,etf_leads_kalshi,3.948052106111638e-06,0.31732565115371464,0.7509965155649754,0.03892448292793549,1299,30,3,29,703,FOMC_easing,VDE,event,10,2747,5,0.8803952317778831
-8,etf_leads_kalshi,5.726134783698657e-05,2.8877221651688654,0.003880424626229469,0.03892448292793549,1299,30,3,29,703,FOMC_easing,VDE,event,10,2747,5,0.040744458575409426
-7,etf_leads_kalshi,1.4117680976589971e-05,1.2642191156525915,0.20615139156208528,0.03892448292793549,1299,30,3,29,703,FOMC_easing,VDE,event,10,2747,5,0.5411474028504739
-6,etf_leads_kalshi,4.6544970142098065e-05,1.9144314066442298,0.05556505579480779,0.03892448292793549,1299,30,3,29,703,FOMC_easing,VDE,event,10,2747,5,0.23337323433819274
-5,etf_leads_kalshi,1.4588586627494651e-05,0.43290064649075083,0.6650869503269394,0.03892448292793549,1299,30,3,29,703,FOMC_easing,VDE,event,10,2747,5,0.8803952317778831
-4,etf_leads_kalshi,-5.215304447603792e-06,-0.3125474809685412,0.7546244843810427,0.03892448292793549,1299,30,3,29,703,FOMC_easing,VDE,event,10,2747,5,0.8803952317778831
-3,etf_leads_kalshi,-8.26229981287686e-06,-0.6207908003984403,0.534737276990013,0.03892448292793549,1299,30,3,29,703,FOMC_easing,VDE,event,10,2747,5,0.8803952317778831
-2,etf_leads_kalshi,-3.935000309475401e-05,-1.2679512580964591,0.20481535746362856,0.03892448292793549,1299,30,3,29,703,FOMC_easing,VDE,event,10,2747,5,0.5411474028504739
-1,etf_leads_kalshi,-4.569268626991589e-05,-1.174216065414932,0.24030849269722832,0.03892448292793549,1299,30,3,29,703,FOMC_easing,VDE,event,10,2747,5,0.5607198162935327
0,contemp,5.2052232592740596e-06,0.15614894586069486,0.8759156182853844,0.03892448292793549,1299,30,3,29,703,FOMC_easing,VDE,event,10,2747,5,0.9197113991996537
1,kalshi_leads_etf,-2.7458364776036092e-05,-1.979175148680308,0.04779628987842378,0.03892448292793549,1299,30,3,29,703,FOMC_easing,VDE,event,10,2747,5,0.23337323433819274
2,kalshi_leads_etf,3.9313973289066523e-05,3.311868933262453,0.0009267495334928717,0.03892448292793549,1299,30,3,29,703,FOMC_easing,VDE,event,10,2747,5,0.019461740203350307
3,kalshi_leads_etf,-1.2697947873391943e-07,-0.006585968765643756,0.9947451951918367,0.03892448292793549,1299,30,3,29,703,FOMC_easing,VDE,event,10,2747,5,0.9947451951918367
4,kalshi_leads_etf,9.438589225286877e-06,0.4975275310931343,0.6188170933730824,0.03892448292793549,1299,30,3,29,703,FOMC_easing,VDE,event,10,2747,5,0.8803952317778831
5,kalshi_leads_etf,4.289456948254738e-06,0.2447825574762712,0.8066248002467903,0.03892448292793549,1299,30,3,29,703,FOMC_easing,VDE,event,10,2747,5,0.8915326739569788
6,kalshi_leads_etf,2.4588794070567217e-05,1.939058205059365,0.05249425114590791,0.03892448292793549,1299,30,3,29,703,FOMC_easing,VDE,event,10,2747,5,0.23337323433819274
7,kalshi_leads_etf,-9.788246131284762e-06,-0.44206604852668524,0.6584414118474413,0.03892448292793549,1299,30,3,29,703,FOMC_easing,VDE,event,10,2747,5,0.8803952317778831
8,kalshi_leads_etf,-3.0749689603462035e-05,-1.6314772179434778,0.10278966315862588,0.03892448292793549,1299,30,3,29,703,FOMC_easing,VDE,event,10,2747,5,0.3597638210551906
9,kalshi_leads_etf,6.481696795656044e-06,0.4191131124372496,0.675133468137383,0.03892448292793549,1299,30,3,29,703,FOMC_easing,VDE,event,10,2747,5,0.8803952317778831
10,kalshi_leads_etf,-1.648943544288034e-05,-0.9397809841791069,0.347329914783566,0.03892448292793549,1299,30,3,29,703,FOMC_easing,VDE,event,10,2747,5,0.7293928210454886
-10,etf_leads_kalshi,2.9666800351471326e-05,1.489099172584499,0.13646125566545944,0.035305142686632096,1299,30,3,29,703,FOMC_easing,VFH,event,10,2747,5,0.5731372737949297
-9,etf_leads_kalshi,1.3697816474584117e-05,1.0889985383312106,0.27615453025427794,0.035305142686632096,1299,30,3,29,703,FOMC_easing,VFH,event,10,2747,5,0.8284635907628338
-8,etf_leads_kalshi,4.1515833736098143e-05,2.344648613355735,0.019045018925766065,0.035305142686632096,1299,30,3,29,703,FOMC_easing,VFH,event,10,2747,5,0.15202070363839976
-7,etf_leads_kalshi,6.978216970118751e-06,0.4738320496103774,0.6356196779253499,0.035305142686632096,1299,30,3,29,703,FOMC_easing,VFH,event,10,2747,5,0.8349352487854922
-6,etf_leads_kalshi,3.698541380542828e-05,3.1034799901578847,0.001912591678807856,0.035305142686632096,1299,30,3,29,703,FOMC_easing,VFH,event,10,2747,5,0.040164425254964976
-5,etf_leads_kalshi,1.88331658786542e-05,1.295372690222754,0.19519169433488903,0.035305142686632096,1299,30,3,29,703,FOMC_easing,VFH,event,10,2747,5,0.6831709301721116
-4,etf_leads_kalshi,9.03524015710672e-06,0.4812800499199354,0.6303174740783042,0.035305142686632096,1299,30,3,29,703,FOMC_easing,VFH,event,10,2747,5,0.8349352487854922
-3,etf_leads_kalshi,-5.251150813092704e-06,-0.3436721372694556,0.7310928674613226,0.035305142686632096,1299,30,3,29,703,FOMC_easing,VFH,event,10,2747,5,0.8529416787048765
-2,etf_leads_kalshi,-2.530146700747286e-05,-0.7633476837979375,0.4452560714162107,0.035305142686632096,1299,30,3,29,703,FOMC_easing,VFH,event,10,2747,5,0.8349352487854922
-1,etf_leads_kalshi,-3.320280285808178e-05,-0.7496476133045891,0.4534669664465949,0.035305142686632096,1299,30,3,29,703,FOMC_easing,VFH,event,10,2747,5,0.8349352487854922
0,contemp,-3.765502972016683e-07,-0.010186791254229435,0.9918722571046552,0.035305142686632096,1299,30,3,29,703,FOMC_easing,VFH,event,10,2747,5,0.9918722571046552
1,kalshi_leads_etf,-7.816625826500156e-06,-0.4180644947638386,0.6758999633025413,0.035305142686632096,1299,30,3,29,703,FOMC_easing,VFH,event,10,2747,5,0.8349352487854922
2,kalshi_leads_etf,2.1890594498116336e-05,1.834507159236883,0.06657874605431638,0.035305142686632096,1299,30,3,29,703,FOMC_easing,VFH,event,10,2747,5,0.349538416785161
3,kalshi_leads_etf,9.04778289501988e-06,0.7234143826844793,0.4694253375247759,0.035305142686632096,1299,30,3,29,703,FOMC_easing,VFH,event,10,2747,5,0.8349352487854922
4,kalshi_leads_etf,8.779856258860362e-06,0.46929974773088384,0.6388553955506975,0.035305142686632096,1299,30,3,29,703,FOMC_easing,VFH,event,10,2747,5,0.8349352487854922
5,kalshi_leads_etf,-7.991791821101903e-06,-0.6817891421215133,0.49537229094628443,0.035305142686632096,1299,30,3,29,703,FOMC_easing,VFH,event,10,2747,5,0.8349352487854922
6,kalshi_leads_etf,1.2247786080829034e-07,0.011944263216368503,0.9904700833882981,0.035305142686632096,1299,30,3,29,703,FOMC_easing,VFH,event,10,2747,5,0.9918722571046552
7,kalshi_leads_etf,-3.304912245017956e-06,-0.28252894172430976,0.7775379578215659,0.035305142686632096,1299,30,3,29,703,FOMC_easing,VFH,event,10,2747,5,0.8593840586448885
8,kalshi_leads_etf,-2.4290723422845336e-05,-2.295277200288726,0.02171724337691425,0.035305142686632096,1299,30,3,29,703,FOMC_easing,VFH,event,10,2747,5,0.15202070363839976
9,kalshi_leads_etf,8.133080643875309e-06,0.8098653358906024,0.4180175765174151,0.035305142686632096,1299,30,3,29,703,FOMC_easing,VFH,event,10,2747,5,0.8349352487854922
10,kalshi_leads_etf,-6.572036334009241e-06,-0.5379345293873328,0.5906222489785251,0.035305142686632096,1299,30,3,29,703,FOMC_easing,VFH,event,10,2747,5,0.8349352487854922
-10,etf_leads_kalshi,4.202017951805981e-05,1.3442440127054187,0.17886949355128412,0.024414208916924918,1299,30,3,29,703,FOMC_easing,VGT,event,10,2747,5,0.5875114195799905
-9,etf_leads_kalshi,2.3122223530766227e-05,1.2090789043679535,0.22663253297278108,0.024414208916924918,1299,30,3,29,703,FOMC_easing,VGT,event,10,2747,5,0.5875114195799905
-8,etf_leads_kalshi,3.6979671113951405e-05,1.5051991003983327,0.1322728963946021,0.024414208916924918,1299,30,3,29,703,FOMC_easing,VGT,event,10,2747,5,0.5875114195799905
-7,etf_leads_kalshi,5.5903468246792085e-05,1.1587917013275988,0.24654110098553117,0.024414208916924918,1299,30,3,29,703,FOMC_easing,VGT,event,10,2747,5,0.5875114195799905
-6,etf_leads_kalshi,4.4046627244903456e-05,1.7043038206722239,0.08832434156672735,0.024414208916924918,1299,30,3,29,703,FOMC_easing,VGT,event,10,2747,5,0.5875114195799905
-5,etf_leads_kalshi,3.476936081406976e-05,1.3770512128949837,0.16849641477850763,0.024414208916924918,1299,30,3,29,703,FOMC_easing,VGT,event,10,2747,5,0.5875114195799905
-4,etf_leads_kalshi,1.308293837616972e-05,0.5657314139630382,0.5715763768605734,0.024414208916924918,1299,30,3,29,703,FOMC_easing,VGT,event,10,2747,5,0.8573645652908601
-3,etf_leads_kalshi,-8.37748719227841e-06,-0.3014658037200593,0.7630593224616704,0.024414208916924918,1299,30,3,29,703,FOMC_easing,VGT,event,10,2747,5,0.9426026924526517
-2,etf_leads_kalshi,-1.8095547942667187e-05,-0.3539114921019392,0.7234052142851477,0.024414208916924918,1299,30,3,29,703,FOMC_easing,VGT,event,10,2747,5,0.9426026924526517
-1,etf_leads_kalshi,-2.1406056731054565e-05,-0.3616523824179324,0.7176118149616528,0.024414208916924918,1299,30,3,29,703,FOMC_easing,VGT,event,10,2747,5,0.9426026924526517
0,contemp,1.4333183447428173e-07,0.0038947939984853453,0.9968924118578213,0.024414208916924918,1299,30,3,29,703,FOMC_easing,VGT,event,10,2747,5,0.9968924118578213
1,kalshi_leads_etf,-1.1539994351965024e-05,-0.5925706429962362,0.5534685307584253,0.024414208916924918,1299,30,3,29,703,FOMC_easing,VGT,event,10,2747,5,0.8573645652908601
2,kalshi_leads_etf,1.719235449552769e-05,1.0199670733635475,0.3077440769228522,0.024414208916924918,1299,30,3,29,703,FOMC_easing,VGT,event,10,2747,5,0.5875114195799905
3,kalshi_leads_etf,2.0296392942368727e-05,1.0648084332461103,0.28696262807159423,0.024414208916924918,1299,30,3,29,703,FOMC_easing,VGT,event,10,2747,5,0.5875114195799905
4,kalshi_leads_etf,1.5700789474696895e-06,0.070951958307133,0.9434359907890078,0.024414208916924918,1299,30,3,29,703,FOMC_easing,VGT,event,10,2747,5,0.9906077903284581
5,kalshi_leads_etf,-1.0154241478992221e-06,-0.07455911362998316,0.9405655061290806,0.024414208916924918,1299,30,3,29,703,FOMC_easing,VGT,event,10,2747,5,0.9906077903284581
6,kalshi_leads_etf,-2.656849481627171e-06,-0.19203452026361634,0.8477151653551276,0.024414208916924918,1299,30,3,29,703,FOMC_easing,VGT,event,10,2747,5,0.9890010262476489
7,kalshi_leads_etf,-2.4638411849286778e-05,-1.5514485773335431,0.12079422152434272,0.024414208916924918,1299,30,3,29,703,FOMC_easing,VGT,event,10,2747,5,0.5875114195799905
8,kalshi_leads_etf,-3.2754772664618924e-05,-1.2994776065374616,0.19378007363648408,0.024414208916924918,1299,30,3,29,703,FOMC_easing,VGT,event,10,2747,5,0.5875114195799905
9,kalshi_leads_etf,1.1202536918166852e-05,1.0743507177345852,0.2826655216089846,0.024414208916924918,1299,30,3,29,703,FOMC_easing,VGT,event,10,2747,5,0.5875114195799905
10,kalshi_leads_etf,1.1002957499984835e-05,0.9427340328811668,0.34581696105424353,0.024414208916924918,1299,30,3,29,703,FOMC_easing,VGT,event,10,2747,5,0.6051796818449262
-10,etf_leads_kalshi,3.3004968506261346e-05,1.47855205456088,0.1392600749416955,0.043388716497301805,1299,30,3,29,703,FOMC_easing,VIS,event,10,2747,5,0.5848923147551212
-9,etf_leads_kalshi,2.3044361709684477e-05,2.033416796083262,0.04201043184962366,0.043388716497301805,1299,30,3,29,703,FOMC_easing,VIS,event,10,2747,5,0.5848923147551212
-8,etf_leads_kalshi,3.308498883332078e-05,1.6803203104433868,0.09289501144000233,0.043388716497301805,1299,30,3,29,703,FOMC_easing,VIS,event,10,2747,5,0.5848923147551212
-7,etf_leads_kalshi,2.6559091536226567e-05,1.1163697517875975,0.26426389565403396,0.043388716497301805,1299,30,3,29,703,FOMC_easing,VIS,event,10,2747,5,0.6596757540755133
-6,etf_leads_kalshi,2.8492958687908648e-05,1.9036710111112816,0.05695304413258388,0.043388716497301805,1299,30,3,29,703,FOMC_easing,VIS,event,10,2747,5,0.5848923147551212
-5,etf_leads_kalshi,1.0748667112171869e-05,0.6001451565622257,0.5484095002374658,0.043388716497301805,1299,30,3,29,703,FOMC_easing,VIS,event,10,2747,5,0.6774470297051048
-4,etf_leads_kalshi,9.7120370017161e-06,0.6107561747300749,0.5413610107802531,0.043388716497301805,1299,30,3,29,703,FOMC_easing,VIS,event,10,2747,5,0.6774470297051048
-3,etf_leads_kalshi,-5.375796748545326e-06,-0.33178517588045375,0.7400514787645032,0.043388716497301805,1299,30,3,29,703,FOMC_easing,VIS,event,10,2747,5,0.8424309608380658
-2,etf_leads_kalshi,-3.1119533594014905e-05,-0.8857129982837505,0.37577220217898366,0.043388716497301805,1299,30,3,29,703,FOMC_easing,VIS,event,10,2747,5,0.6596757540755133
-1,etf_leads_kalshi,-4.412998978145609e-05,-0.8835159405535642,0.3769575737574361,0.043388716497301805,1299,30,3,29,703,FOMC_easing,VIS,event,10,2747,5,0.6596757540755133
0,contemp,-8.838367850117397e-06,-0.2503519294739686,0.8023152007981579,0.043388716497301805,1299,30,3,29,703,FOMC_easing,VIS,event,10,2747,5,0.8424309608380658
1,kalshi_leads_etf,-1.7159781795831435e-05,-1.0085265977277333,0.3132017255562295,0.043388716497301805,1299,30,3,29,703,FOMC_easing,VIS,event,10,2747,5,0.6596757540755133
2,kalshi_leads_etf,1.631957180393207e-05,1.5408844935287695,0.12334490043583846,0.043388716497301805,1299,30,3,29,703,FOMC_easing,VIS,event,10,2747,5,0.5848923147551212
3,kalshi_leads_etf,8.48052047294274e-06,0.7657689000171903,0.44381382221706134,0.043388716497301805,1299,30,3,29,703,FOMC_easing,VIS,event,10,2747,5,0.6774470297051048
4,kalshi_leads_etf,-1.2446538511528138e-05,-0.6751172393406061,0.49960128170840057,0.043388716497301805,1299,30,3,29,703,FOMC_easing,VIS,event,10,2747,5,0.6774470297051048
5,kalshi_leads_etf,1.673106487873559e-06,0.18026847864927958,0.8569418006487887,0.043388716497301805,1299,30,3,29,703,FOMC_easing,VIS,event,10,2747,5,0.8569418006487887
6,kalshi_leads_etf,3.120369590523146e-06,0.2807753340667349,0.778882723458898,0.043388716497301805,1299,30,3,29,703,FOMC_easing,VIS,event,10,2747,5,0.8424309608380658
7,kalshi_leads_etf,-9.135280654412733e-06,-0.9280576927801296,0.3533776437912667,0.043388716497301805,1299,30,3,29,703,FOMC_easing,VIS,event,10,2747,5,0.6596757540755133
8,kalshi_leads_etf,-1.5214812038538993e-05,-1.1289324329560493,0.2589263377405523,0.043388716497301805,1299,30,3,29,703,FOMC_easing,VIS,event,10,2747,5,0.6596757540755133
9,kalshi_leads_etf,7.285632349508938e-06,0.7476452999316444,0.45467413311088156,0.043388716497301805,1299,30,3,29,703,FOMC_easing,VIS,event,10,2747,5,0.6774470297051048
10,kalshi_leads_etf,-1.1021347761053278e-05,-0.9583853657843635,0.33786847183819557,0.043388716497301805,1299,30,3,29,703,FOMC_easing,VIS,event,10,2747,5,0.6596757540755133
-10,etf_leads_kalshi,2.7241926059042905e-05,1.3377855565512604,0.18096635150618112,0.03605856547658104,1299,30,3,29,703,FOMC_easing,VNQ,event,10,2751,5,0.5051190240045356
-9,etf_leads_kalshi,3.912709160299574e-05,2.9154429646062487,0.0035518402101812493,0.03605856547658104,1299,30,3,29,703,FOMC_easing,VNQ,event,10,2751,5,0.02575021221612267
-8,etf_leads_kalshi,6.051393768104537e-05,3.0999751768681776,0.0019353686180372228,0.03605856547658104,1299,30,3,29,703,FOMC_easing,VNQ,event,10,2751,5,0.02575021221612267
-7,etf_leads_kalshi,2.8246157401083138e-05,1.5448141273870337,0.12239122912629882,0.03605856547658104,1299,30,3,29,703,FOMC_easing,VNQ,event,10,2751,5,0.4283693019420459
-6,etf_leads_kalshi,2.8371632285618844e-05,2.9044830046570747,0.003678601745160381,0.03605856547658104,1299,30,3,29,703,FOMC_easing,VNQ,event,10,2751,5,0.02575021221612267
-5,etf_leads_kalshi,2.330695602670207e-05,1.2977900113883536,0.19435950293423865,0.03605856547658104,1299,30,3,29,703,FOMC_easing,VNQ,event,10,2751,5,0.5051190240045356
-4,etf_leads_kalshi,1.4251583409534556e-05,0.5862723482969655,0.5576925100045431,0.03605856547658104,1299,30,3,29,703,FOMC_easing,VNQ,event,10,2751,5,0.7807695140063603
-3,etf_leads_kalshi,1.5658899653790994e-05,1.0006929934035986,0.31697525583497965,0.03605856547658104,1299,30,3,29,703,FOMC_easing,VNQ,event,10,2751,5,0.6656480372534573
-2,etf_leads_kalshi,-1.821745656171941e-05,-0.7246813455538212,0.46864754187035385,0.03605856547658104,1299,30,3,29,703,FOMC_easing,VNQ,event,10,2751,5,0.7807695140063603
-1,etf_leads_kalshi,-1.1376238277227157e-05,-0.28949931709167753,0.7721993024111291,0.03605856547658104,1299,30,3,29,703,FOMC_easing,VNQ,event,10,2751,5,0.95389325591963
0,contemp,-5.5250943865842765e-05,-2.1525705415783487,0.03135244578733981,0.03605856547658104,1299,30,3,29,703,FOMC_easing,VNQ,event,10,2751,5,0.16460034038353402
1,kalshi_leads_etf,1.9931454508797762e-06,0.08025286537872743,0.9360361452184095,0.03605856547658104,1299,30,3,29,703,FOMC_easing,VNQ,event,10,2751,5,0.9912526741919803
2,kalshi_leads_etf,9.586726139344305e-06,0.4763015410615226,0.6338595676565675,0.03605856547658104,1299,30,3,29,703,FOMC_easing,VNQ,event,10,2751,5,0.8319406825492449
3,kalshi_leads_etf,-1.6267191421707494e-06,-0.07567042884135831,0.9396813028854984,0.03605856547658104,1299,30,3,29,703,FOMC_easing,VNQ,event,10,2751,5,0.9912526741919803
4,kalshi_leads_etf,3.216762992238771e-07,0.010963366719328835,0.9912526741919803,0.03605856547658104,1299,30,3,29,703,FOMC_easing,VNQ,event,10,2751,5,0.9912526741919803
5,kalshi_leads_etf,-1.0744617467451333e-05,-0.6255280812259666,0.531624524010402,0.03605856547658104,1299,30,3,29,703,FOMC_easing,VNQ,event,10,2751,5,0.7807695140063603
6,kalshi_leads_etf,1.5677684559288496e-05,1.8631917038779136,0.0624352996728357,0.03605856547658104,1299,30,3,29,703,FOMC_easing,VNQ,event,10,2751,5,0.2622282586259099
7,kalshi_leads_etf,-9.579327771560969e-06,-0.757587444446126,0.4486979989164478,0.03605856547658104,1299,30,3,29,703,FOMC_easing,VNQ,event,10,2751,5,0.7807695140063603
8,kalshi_leads_etf,-1.8460866608434254e-05,-1.2359434578716237,0.2164795817162295,0.03605856547658104,1299,30,3,29,703,FOMC_easing,VNQ,event,10,2751,5,0.5051190240045356
9,kalshi_leads_etf,-8.075220059767229e-06,-0.6619294988126929,0.5080164055317014,0.03605856547658104,1299,30,3,29,703,FOMC_easing,VNQ,event,10,2751,5,0.7807695140063603
10,kalshi_leads_etf,1.1495510001588586e-06,0.055804384975869606,0.9554976416841001,0.03605856547658104,1299,30,3,29,703,FOMC_easing,VNQ,event,10,2751,5,0.9912526741919803
-10,etf_leads_kalshi,4.103462638355828e-05,2.1385135526471646,0.03247508536834103,0.031001058208245613,1299,30,3,29,703,FOMC_easing,VOX,event,10,2747,5,0.514459870801554
-9,etf_leads_kalshi,9.76797278966882e-06,0.8156089570464583,0.41472382491128157,0.031001058208245613,1299,30,3,29,703,FOMC_easing,VOX,event,10,2747,5,0.6220857373669224
-8,etf_leads_kalshi,1.3539985713747134e-05,0.9493615123959739,0.3424367781240786,0.031001058208245613,1299,30,3,29,703,FOMC_easing,VOX,event,10,2747,5,0.6032476384251637
-7,etf_leads_kalshi,8.806020691867168e-06,0.31861584474813703,0.7500178368166347,0.031001058208245613,1299,30,3,29,703,FOMC_easing,VOX,event,10,2747,5,0.8917421664896991
-6,etf_leads_kalshi,2.7907200016667195e-05,1.1896584641190644,0.23418065692964474,0.031001058208245613,1299,30,3,29,703,FOMC_easing,VOX,event,10,2747,5,0.6032476384251637
-5,etf_leads_kalshi,2.1688697065392925e-05,0.9579786945568632,0.338073502043141,0.031001058208245613,1299,30,3,29,703,FOMC_easing,VOX,event,10,2747,5,0.6032476384251637
-4,etf_leads_kalshi,5.904603619444572e-07,0.02855131150411605,0.9772224440269942,0.031001058208245613,1299,30,3,29,703,FOMC_easing,VOX,event,10,2747,5,0.9772224440269942
-3,etf_leads_kalshi,-5.3935058532655025e-06,-0.2957044309267803,0.7674558130536018,0.031001058208245613,1299,30,3,29,703,FOMC_easing,VOX,event,10,2747,5,0.8917421664896991
-2,etf_leads_kalshi,-2.951806564815826e-05,-1.0424546810788968,0.29720092612662075,0.031001058208245613,1299,30,3,29,703,FOMC_easing,VOX,event,10,2747,5,0.6032476384251637
-1,etf_leads_kalshi,-9.476137088211482e-06,-0.24453778593482187,0.8068143411097277,0.031001058208245613,1299,30,3,29,703,FOMC_easing,VOX,event,10,2747,5,0.8917421664896991
0,contemp,-2.0697916805995127e-05,-0.9350851813549765,0.3497444027374489,0.031001058208245613,1299,30,3,29,703,FOMC_easing,VOX,event,10,2747,5,0.6032476384251637
1,kalshi_leads_etf,1.216788657074093e-05,0.9743397001619857,0.3298878988385704,0.031001058208245613,1299,30,3,29,703,FOMC_easing,VOX,event,10,2747,5,0.6032476384251637
2,kalshi_leads_etf,5.713934619550615e-06,0.4680540826635586,0.6397459145413886,0.031001058208245613,1299,30,3,29,703,FOMC_easing,VOX,event,10,2747,5,0.8917421664896991
3,kalshi_leads_etf,2.2357852120780576e-05,1.57793929944423,0.1145795554503653,0.031001058208245613,1299,30,3,29,703,FOMC_easing,VOX,event,10,2747,5,0.6015426661144179
4,kalshi_leads_etf,-1.2988045837737828e-06,-0.06702609591152847,0.9465609283766147,0.031001058208245613,1299,30,3,29,703,FOMC_easing,VOX,event,10,2747,5,0.9772224440269942
5,kalshi_leads_etf,-1.884966497057792e-05,-1.7897490249972967,0.07349426725736485,0.031001058208245613,1299,30,3,29,703,FOMC_easing,VOX,event,10,2747,5,0.514459870801554
6,kalshi_leads_etf,-1.3139202703597496e-05,-0.8900500459432186,0.3734390142631966,0.031001058208245613,1299,30,3,29,703,FOMC_easing,VOX,event,10,2747,5,0.6032476384251637
7,kalshi_leads_etf,-2.918935650111614e-05,-1.8594405471561501,0.06296471898224604,0.031001058208245613,1299,30,3,29,703,FOMC_easing,VOX,event,10,2747,5,0.514459870801554
8,kalshi_leads_etf,-2.38984704672106e-05,-1.3627029998387155,0.17297613203406237,0.031001058208245613,1299,30,3,29,703,FOMC_easing,VOX,event,10,2747,5,0.6032476384251637
9,kalshi_leads_etf,-2.0685622116626714e-06,-0.28024311298943877,0.7792909918935315,0.031001058208245613,1299,30,3,29,703,FOMC_easing,VOX,event,10,2747,5,0.8917421664896991
10,kalshi_leads_etf,7.312148153847253e-06,0.9916658262299477,0.32136056671090174,0.031001058208245613,1299,30,3,29,703,FOMC_easing,VOX,event,10,2747,5,0.6032476384251637
-10,etf_leads_kalshi,1.4954528365813706e-05,1.1668690219257098,0.2432632678058112,0.036615245479947656,1299,30,3,29,703,FOMC_easing,VPU,event,10,2747,5,0.5199720382494439
-9,etf_leads_kalshi,1.1442829922064118e-05,1.254276511096623,0.20974151844821143,0.036615245479947656,1299,30,3,29,703,FOMC_easing,VPU,event,10,2747,5,0.5199720382494439
-8,etf_leads_kalshi,3.339547116223378e-05,1.655484284300521,0.0978263017073808,0.036615245479947656,1299,30,3,29,703,FOMC_easing,VPU,event,10,2747,5,0.44432008758554836
-7,etf_leads_kalshi,-6.444991090228212e-07,-0.040105508488548235,0.9680090101978913,0.036615245479947656,1299,30,3,29,703,FOMC_easing,VPU,event,10,2747,5,0.9680090101978913
-6,etf_leads_kalshi,2.129875431384956e-05,1.546075710867899,0.1220862840501575,0.036615245479947656,1299,30,3,29,703,FOMC_easing,VPU,event,10,2747,5,0.44432008758554836
-5,etf_leads_kalshi,2.448702403395163e-06,0.1222444067342105,0.902705458664351,0.036615245479947656,1299,30,3,29,703,FOMC_easing,VPU,event,10,2747,5,0.9680090101978913
-4,etf_leads_kalshi,-6.637348751267988e-07,-0.04806909471926871,0.9616611765628411,0.036615245479947656,1299,30,3,29,703,FOMC_easing,VPU,event,10,2747,5,0.9680090101978913
-3,etf_leads_kalshi,-2.5417514932893116e-05,-1.5480125075291897,0.12161928519367243,0.036615245479947656,1299,30,3,29,703,FOMC_easing,VPU,event,10,2747,5,0.44432008758554836
-2,etf_leads_kalshi,4.1507341437758794e-06,0.1555705149379664,0.8763715675939553,0.036615245479947656,1299,30,3,29,703,FOMC_easing,VPU,event,10,2747,5,0.9680090101978913
-1,etf_leads_kalshi,-1.9704387890755946e-05,-0.5593005113455768,0.5759566464372,0.036615245479947656,1299,30,3,29,703,FOMC_easing,VPU,event,10,2747,5,0.8639349696558001
0,contemp,-3.928981417079515e-05,-1.6569840138010306,0.09752270716460694,0.036615245479947656,1299,30,3,29,703,FOMC_easing,VPU,event,10,2747,5,0.44432008758554836
1,kalshi_leads_etf,-1.2757400461044957e-05,-0.9752073084529691,0.32945743759701784,0.036615245479947656,1299,30,3,29,703,FOMC_easing,VPU,event,10,2747,5,0.5765505157947812
2,kalshi_leads_etf,-2.2833698880299596e-06,-0.17262067210040175,0.862949601839705,0.036615245479947656,1299,30,3,29,703,FOMC_easing,VPU,event,10,2747,5,0.9680090101978913
3,kalshi_leads_etf,6.327487999964476e-06,0.44188856250515246,0.6585698475655375,0.036615245479947656,1299,30,3,29,703,FOMC_easing,VPU,event,10,2747,5,0.864372924929768
4,kalshi_leads_etf,-1.8431344828980644e-05,-1.1151129360926895,0.26480202872051095,0.036615245479947656,1299,30,3,29,703,FOMC_easing,VPU,event,10,2747,5,0.5199720382494439
5,kalshi_leads_etf,-8.644682677338403e-06,-0.4586110703688271,0.646513485445386,0.036615245479947656,1299,30,3,29,703,FOMC_easing,VPU,event,10,2747,5,0.864372924929768
6,kalshi_leads_etf,2.047736800788667e-05,1.7965775683240062,0.07240270817778599,0.036615245479947656,1299,30,3,29,703,FOMC_easing,VPU,event,10,2747,5,0.44432008758554836
7,kalshi_leads_etf,6.9535200454040374e-06,0.8479862726691619,0.39644561572770365,0.036615245479947656,1299,30,3,29,703,FOMC_easing,VPU,event,10,2747,5,0.6404121484832136
8,kalshi_leads_etf,-1.5180265138799564e-05,-1.0976295002372813,0.27236630574970877,0.036615245479947656,1299,30,3,29,703,FOMC_easing,VPU,event,10,2747,5,0.5199720382494439
9,kalshi_leads_etf,1.2599558626504835e-05,1.5262460600145709,0.12694859645301382,0.036615245479947656,1299,30,3,29,703,FOMC_easing,VPU,event,10,2747,5,0.44432008758554836
10,kalshi_leads_etf,1.1163577042284225e-05,1.2184505722028445,0.22305279703646397,0.036615245479947656,1299,30,3,29,703,FOMC_easing,VPU,event,10,2747,5,0.5199720382494439
